window,discipline,topic,topic_keywords,N,N_rel
1980-1984,Economics,0,"games, game, equilibrium, players, repeated, equilibria, theory, model, player, payoffs",2,0.6666666666666666
1980-1984,Economics,1,"firms, firm, market, product, equilibrium, model, competition, game, price, competitive",1,0.3333333333333333
1980-1984,Engineering and Technology,1,"energy, market, power, game, electricity, based, demand, proposed, model, carbon",1,0.125
1980-1984,Engineering and Technology,2,"games, stochastic, game, agents, nash, equilibrium, players, control, time, dynamics",6,0.75
1980-1984,Engineering and Technology,3,"game, data, attacks, model, defense, security, based, privacy, attack, cyber",1,0.125
1980-1984,Management and OR,0,"supply, chain, model, retailer, channel, price, manufacturer, game, product, market",2,0.2222222222222222
1980-1984,Management and OR,1,"game, games, equilibrium, mml, players, model, stochastic, nash, problem, equilibria",4,0.4444444444444444
1980-1984,Management and OR,2,"innovation, strategic, game, firms, theory, firm, research, technology, model, alliances",1,0.1111111111111111
1980-1984,Management and OR,6,"team, decision, group, mediation, framing, members, consensus, committee, game, solution",2,0.2222222222222222
1980-1984,Mathematics,0,"games, game, strategies, equilibrium, player, players, mml, theory, strategy, nash",6,0.8571428571428571
1980-1984,Mathematics,7,"fuzzy, design, method, optimization, game, multiobjective, based, variables, atanassov, function",1,0.14285714285714285
1980-1984,Political Science,0,"game, political, policy, theory, theoretic, model, party, voting, legislative, preferences",2,0.6666666666666666
1980-1984,Political Science,6,"rationality, peace, war, models, rapoport, value, machines, theory, systems, field",1,0.3333333333333333
1980-1984,Psychology,1,"game, theory, social, cooperation, behavior, decision, strategies, model, individuals, information",2,1
1981-1985,Economics,0,"games, game, equilibrium, players, repeated, equilibria, theory, model, player, payoffs",4,0.6666666666666666
1981-1985,Economics,1,"firms, firm, market, product, equilibrium, model, competition, game, price, competitive",2,0.3333333333333333
1981-1985,Engineering and Technology,1,"energy, market, power, game, electricity, based, demand, proposed, model, carbon",1,0.16666666666666666
1981-1985,Engineering and Technology,2,"games, stochastic, game, agents, nash, equilibrium, players, control, time, dynamics",4,0.6666666666666666
1981-1985,Engineering and Technology,3,"game, data, attacks, model, defense, security, based, privacy, attack, cyber",1,0.16666666666666666
1981-1985,Management and OR,0,"supply, chain, model, retailer, channel, price, manufacturer, game, product, market",4,0.3076923076923077
1981-1985,Management and OR,1,"game, games, equilibrium, mml, players, model, stochastic, nash, problem, equilibria",5,0.38461538461538464
1981-1985,Management and OR,2,"innovation, strategic, game, firms, theory, firm, research, technology, model, alliances",1,0.07692307692307693
1981-1985,Management and OR,5,"traffic, bus, congestion, lane, game, passengers, vehicles, route, transportation, driver",1,0.07692307692307693
1981-1985,Management and OR,6,"team, decision, group, mediation, framing, members, consensus, committee, game, solution",2,0.15384615384615385
1981-1985,Mathematics,0,"games, game, strategies, equilibrium, player, players, mml, theory, strategy, nash",9,0.9
1981-1985,Mathematics,7,"fuzzy, design, method, optimization, game, multiobjective, based, variables, atanassov, function",1,0.1
1981-1985,Political Science,0,"game, political, policy, theory, theoretic, model, party, voting, legislative, preferences",3,0.5
1981-1985,Political Science,1,"game, cooperation, international, theory, model, strategic, strategies, protection, states, social",2,0.3333333333333333
1981-1985,Political Science,6,"rationality, peace, war, models, rapoport, value, machines, theory, systems, field",1,0.16666666666666666
1981-1985,Psychology,1,"game, theory, social, cooperation, behavior, decision, strategies, model, individuals, information",2,1
1981-1985,Sociology,0,"game, theory, power, games, violence, micro, exchange, social, network, conflict",1,1
1982-1986,Biology,0,"game, evolutionary, theory, cooperation, population, model, strategies, selection, strategy, evolution",2,1
1982-1986,Economics,0,"games, game, equilibrium, players, repeated, equilibria, theory, model, player, payoffs",3,0.75
1982-1986,Economics,1,"firms, firm, market, product, equilibrium, model, competition, game, price, competitive",1,0.25
1982-1986,Engineering and Technology,2,"games, stochastic, game, agents, nash, equilibrium, players, control, time, dynamics",4,1
1982-1986,Management and OR,0,"supply, chain, model, retailer, channel, price, manufacturer, game, product, market",5,0.3333333333333333
1982-1986,Management and OR,1,"game, games, equilibrium, mml, players, model, stochastic, nash, problem, equilibria",7,0.4666666666666667
1982-1986,Management and OR,2,"innovation, strategic, game, firms, theory, firm, research, technology, model, alliances",1,0.06666666666666667
1982-1986,Management and OR,6,"team, decision, group, mediation, framing, members, consensus, committee, game, solution",2,0.13333333333333333
1982-1986,Mathematics,0,"games, game, strategies, equilibrium, player, players, mml, theory, strategy, nash",9,1
1982-1986,Political Science,0,"game, political, policy, theory, theoretic, model, party, voting, legislative, preferences",3,0.5
1982-1986,Political Science,1,"game, cooperation, international, theory, model, strategic, strategies, protection, states, social",2,0.3333333333333333
1982-1986,Political Science,6,"rationality, peace, war, models, rapoport, value, machines, theory, systems, field",1,0.16666666666666666
1982-1986,Psychology,1,"game, theory, social, cooperation, behavior, decision, strategies, model, individuals, information",2,1
1983-1987,Biology,0,"game, evolutionary, theory, cooperation, population, model, strategies, selection, strategy, evolution",3,1
1983-1987,Economics,0,"games, game, equilibrium, players, repeated, equilibria, theory, model, player, payoffs",10,0.6666666666666666
1983-1987,Economics,1,"firms, firm, market, product, equilibrium, model, competition, game, price, competitive",5,0.3333333333333333
1983-1987,Engineering and Technology,2,"games, stochastic, game, agents, nash, equilibrium, players, control, time, dynamics",3,1
1983-1987,Management and OR,0,"supply, chain, model, retailer, channel, price, manufacturer, game, product, market",6,0.2857142857142857
1983-1987,Management and OR,1,"game, games, equilibrium, mml, players, model, stochastic, nash, problem, equilibria",8,0.38095238095238093
1983-1987,Management and OR,2,"innovation, strategic, game, firms, theory, firm, research, technology, model, alliances",6,0.2857142857142857
1983-1987,Management and OR,6,"team, decision, group, mediation, framing, members, consensus, committee, game, solution",1,0.047619047619047616
1983-1987,Mathematics,0,"games, game, strategies, equilibrium, player, players, mml, theory, strategy, nash",10,1
1983-1987,Political Science,0,"game, political, policy, theory, theoretic, model, party, voting, legislative, preferences",6,0.5454545454545454
1983-1987,Political Science,1,"game, cooperation, international, theory, model, strategic, strategies, protection, states, social",5,0.45454545454545453
1983-1987,Psychology,1,"game, theory, social, cooperation, behavior, decision, strategies, model, individuals, information",4,1
1984-1988,Biology,0,"game, evolutionary, theory, cooperation, population, model, strategies, selection, strategy, evolution",5,1
1984-1988,Economics,0,"games, game, equilibrium, players, repeated, equilibria, theory, model, player, payoffs",14,0.6363636363636364
1984-1988,Economics,1,"firms, firm, market, product, equilibrium, model, competition, game, price, competitive",7,0.3181818181818182
1984-1988,Economics,2,"countries, international, trade, game, climate, environmental, power, market, global, model",1,0.045454545454545456
1984-1988,Engineering and Technology,2,"games, stochastic, game, agents, nash, equilibrium, players, control, time, dynamics",1,1
1984-1988,Management and OR,0,"supply, chain, model, retailer, channel, price, manufacturer, game, product, market",7,0.3333333333333333
1984-1988,Management and OR,1,"game, games, equilibrium, mml, players, model, stochastic, nash, problem, equilibria",7,0.3333333333333333
1984-1988,Management and OR,2,"innovation, strategic, game, firms, theory, firm, research, technology, model, alliances",6,0.2857142857142857
1984-1988,Management and OR,6,"team, decision, group, mediation, framing, members, consensus, committee, game, solution",1,0.047619047619047616
1984-1988,Mathematics,0,"games, game, strategies, equilibrium, player, players, mml, theory, strategy, nash",12,1
1984-1988,Political Science,0,"game, political, policy, theory, theoretic, model, party, voting, legislative, preferences",5,0.4166666666666667
1984-1988,Political Science,1,"game, cooperation, international, theory, model, strategic, strategies, protection, states, social",7,0.5833333333333334
1984-1988,Psychology,1,"game, theory, social, cooperation, behavior, decision, strategies, model, individuals, information",5,1
1985-1989,Biology,0,"game, evolutionary, theory, cooperation, population, model, strategies, selection, strategy, evolution",3,1
1985-1989,Economics,0,"games, game, equilibrium, players, repeated, equilibria, theory, model, player, payoffs",18,0.6428571428571429
1985-1989,Economics,1,"firms, firm, market, product, equilibrium, model, competition, game, price, competitive",9,0.32142857142857145
1985-1989,Economics,2,"countries, international, trade, game, climate, environmental, power, market, global, model",1,0.03571428571428571
1985-1989,Engineering and Technology,0,"game, networks, network, users, power, proposed, problem, algorithm, based, allocation",1,0.3333333333333333
1985-1989,Engineering and Technology,2,"games, stochastic, game, agents, nash, equilibrium, players, control, time, dynamics",2,0.6666666666666666
1985-1989,Management and OR,0,"supply, chain, model, retailer, channel, price, manufacturer, game, product, market",4,0.2222222222222222
1985-1989,Management and OR,1,"game, games, equilibrium, mml, players, model, stochastic, nash, problem, equilibria",8,0.4444444444444444
1985-1989,Management and OR,2,"innovation, strategic, game, firms, theory, firm, research, technology, model, alliances",5,0.2777777777777778
1985-1989,Management and OR,6,"team, decision, group, mediation, framing, members, consensus, committee, game, solution",1,0.05555555555555555
1985-1989,Mathematics,0,"games, game, strategies, equilibrium, player, players, mml, theory, strategy, nash",10,1
1985-1989,Other Social Sciences,3,"theory, game, analysis, political, institutions, european, coopetition, economic, institutional, equilibrium",1,1
1985-1989,Political Science,0,"game, political, policy, theory, theoretic, model, party, voting, legislative, preferences",5,0.3333333333333333
1985-1989,Political Science,1,"game, cooperation, international, theory, model, strategic, strategies, protection, states, social",10,0.6666666666666666
1985-1989,Psychology,1,"game, theory, social, cooperation, behavior, decision, strategies, model, individuals, information",4,1
1986-1990,Biology,0,"game, evolutionary, theory, cooperation, population, model, strategies, selection, strategy, evolution",3,1
1986-1990,Computer Science,2,"games, fuzzy, game, cooperative, theory, player, players, based, strategies, set",1,1
1986-1990,Economics,0,"games, game, equilibrium, players, repeated, equilibria, theory, model, player, payoffs",19,0.6551724137931034
1986-1990,Economics,1,"firms, firm, market, product, equilibrium, model, competition, game, price, competitive",9,0.3103448275862069
1986-1990,Economics,2,"countries, international, trade, game, climate, environmental, power, market, global, model",1,0.034482758620689655
1986-1990,Engineering and Technology,0,"game, networks, network, users, power, proposed, problem, algorithm, based, allocation",1,0.5
1986-1990,Engineering and Technology,2,"games, stochastic, game, agents, nash, equilibrium, players, control, time, dynamics",1,0.5
1986-1990,Management and OR,0,"supply, chain, model, retailer, channel, price, manufacturer, game, product, market",6,0.35294117647058826
1986-1990,Management and OR,1,"game, games, equilibrium, mml, players, model, stochastic, nash, problem, equilibria",6,0.35294117647058826
1986-1990,Management and OR,2,"innovation, strategic, game, firms, theory, firm, research, technology, model, alliances",5,0.29411764705882354
1986-1990,Mathematics,0,"games, game, strategies, equilibrium, player, players, mml, theory, strategy, nash",5,1
1986-1990,Other Social Sciences,3,"theory, game, analysis, political, institutions, european, coopetition, economic, institutional, equilibrium",1,1
1986-1990,Political Science,0,"game, political, policy, theory, theoretic, model, party, voting, legislative, preferences",4,0.25
1986-1990,Political Science,1,"game, cooperation, international, theory, model, strategic, strategies, protection, states, social",10,0.625
1986-1990,Political Science,5,"sanctions, sender, economic, target, coercion, senders, secondary, sanction, model, success",1,0.0625
1986-1990,Political Science,6,"rationality, peace, war, models, rapoport, value, machines, theory, systems, field",1,0.0625
1986-1990,Psychology,1,"game, theory, social, cooperation, behavior, decision, strategies, model, individuals, information",5,1
1986-1990,Sociology,0,"game, theory, power, games, violence, micro, exchange, social, network, conflict",1,1
1987-1991,Biology,0,"game, evolutionary, theory, cooperation, population, model, strategies, selection, strategy, evolution",5,1
1987-1991,Computer Science,2,"games, fuzzy, game, cooperative, theory, player, players, based, strategies, set",1,1
1987-1991,Economics,0,"games, game, equilibrium, players, repeated, equilibria, theory, model, player, payoffs",22,0.6875
1987-1991,Economics,1,"firms, firm, market, product, equilibrium, model, competition, game, price, competitive",8,0.25
1987-1991,Economics,2,"countries, international, trade, game, climate, environmental, power, market, global, model",2,0.0625
1987-1991,Engineering and Technology,0,"game, networks, network, users, power, proposed, problem, algorithm, based, allocation",2,0.6666666666666666
1987-1991,Engineering and Technology,2,"games, stochastic, game, agents, nash, equilibrium, players, control, time, dynamics",1,0.3333333333333333
1987-1991,Management and OR,0,"supply, chain, model, retailer, channel, price, manufacturer, game, product, market",6,0.35294117647058826
1987-1991,Management and OR,1,"game, games, equilibrium, mml, players, model, stochastic, nash, problem, equilibria",4,0.23529411764705882
1987-1991,Management and OR,2,"innovation, strategic, game, firms, theory, firm, research, technology, model, alliances",7,0.4117647058823529
1987-1991,Mathematics,0,"games, game, strategies, equilibrium, player, players, mml, theory, strategy, nash",2,1
1987-1991,Other Social Sciences,3,"theory, game, analysis, political, institutions, european, coopetition, economic, institutional, equilibrium",2,1
1987-1991,Political Science,0,"game, political, policy, theory, theoretic, model, party, voting, legislative, preferences",10,0.4
1987-1991,Political Science,1,"game, cooperation, international, theory, model, strategic, strategies, protection, states, social",13,0.52
1987-1991,Political Science,5,"sanctions, sender, economic, target, coercion, senders, secondary, sanction, model, success",1,0.04
1987-1991,Political Science,6,"rationality, peace, war, models, rapoport, value, machines, theory, systems, field",1,0.04
1987-1991,Psychology,1,"game, theory, social, cooperation, behavior, decision, strategies, model, individuals, information",4,1
1987-1991,Sociology,0,"game, theory, power, games, violence, micro, exchange, social, network, conflict",1,0.5
1987-1991,Sociology,1,"norms, dilemma, cooperation, prisoner, different, emerge, actors, game, emergence, subjects",1,0.5
1988-1992,Biology,0,"game, evolutionary, theory, cooperation, population, model, strategies, selection, strategy, evolution",6,1
1988-1992,Computer Science,2,"games, fuzzy, game, cooperative, theory, player, players, based, strategies, set",1,1
1988-1992,Economics,0,"games, game, equilibrium, players, repeated, equilibria, theory, model, player, payoffs",24,0.7741935483870968
1988-1992,Economics,1,"firms, firm, market, product, equilibrium, model, competition, game, price, competitive",5,0.16129032258064516
1988-1992,Economics,2,"countries, international, trade, game, climate, environmental, power, market, global, model",2,0.06451612903225806
1988-1992,Engineering and Technology,0,"game, networks, network, users, power, proposed, problem, algorithm, based, allocation",2,0.6666666666666666
1988-1992,Engineering and Technology,2,"games, stochastic, game, agents, nash, equilibrium, players, control, time, dynamics",1,0.3333333333333333
1988-1992,Geoscience,2,"water, cooperative, river, basin, resources, ecological, game, compensation, allocation, decision",1,1
1988-1992,Management and OR,0,"supply, chain, model, retailer, channel, price, manufacturer, game, product, market",6,0.46153846153846156
1988-1992,Management and OR,1,"game, games, equilibrium, mml, players, model, stochastic, nash, problem, equilibria",5,0.38461538461538464
1988-1992,Management and OR,2,"innovation, strategic, game, firms, theory, firm, research, technology, model, alliances",2,0.15384615384615385
1988-1992,Mathematics,0,"games, game, strategies, equilibrium, player, players, mml, theory, strategy, nash",6,1
1988-1992,Other Social Sciences,3,"theory, game, analysis, political, institutions, european, coopetition, economic, institutional, equilibrium",2,1
1988-1992,Political Science,0,"game, political, policy, theory, theoretic, model, party, voting, legislative, preferences",6,0.3333333333333333
1988-1992,Political Science,1,"game, cooperation, international, theory, model, strategic, strategies, protection, states, social",9,0.5
1988-1992,Political Science,2,"bargaining, crisis, war, international, information, commitment, costs, audience, public, model",1,0.05555555555555555
1988-1992,Political Science,5,"sanctions, sender, economic, target, coercion, senders, secondary, sanction, model, success",1,0.05555555555555555
1988-1992,Political Science,6,"rationality, peace, war, models, rapoport, value, machines, theory, systems, field",1,0.05555555555555555
1988-1992,Psychology,1,"game, theory, social, cooperation, behavior, decision, strategies, model, individuals, information",3,1
1988-1992,Sociology,0,"game, theory, power, games, violence, micro, exchange, social, network, conflict",5,0.7142857142857143
1988-1992,Sociology,1,"norms, dilemma, cooperation, prisoner, different, emerge, actors, game, emergence, subjects",2,0.2857142857142857
1989-1993,Biology,0,"game, evolutionary, theory, cooperation, population, model, strategies, selection, strategy, evolution",4,1
1989-1993,Computer Science,1,"game, government, energy, supply, market, evolutionary, model, strategy, chain, study",1,0.5
1989-1993,Computer Science,2,"games, fuzzy, game, cooperative, theory, player, players, based, strategies, set",1,0.5
1989-1993,Economics,0,"games, game, equilibrium, players, repeated, equilibria, theory, model, player, payoffs",20,0.7407407407407407
1989-1993,Economics,1,"firms, firm, market, product, equilibrium, model, competition, game, price, competitive",5,0.18518518518518517
1989-1993,Economics,2,"countries, international, trade, game, climate, environmental, power, market, global, model",1,0.037037037037037035
1989-1993,Economics,3,"sports, football, league, leagues, transfer, soccer, revenue, duopsony, talent, game",1,0.037037037037037035
1989-1993,Engineering and Technology,0,"game, networks, network, users, power, proposed, problem, algorithm, based, allocation",1,0.3333333333333333
1989-1993,Engineering and Technology,2,"games, stochastic, game, agents, nash, equilibrium, players, control, time, dynamics",2,0.6666666666666666
1989-1993,Geoscience,2,"water, cooperative, river, basin, resources, ecological, game, compensation, allocation, decision",1,1
1989-1993,Management and OR,0,"supply, chain, model, retailer, channel, price, manufacturer, game, product, market",7,0.4117647058823529
1989-1993,Management and OR,1,"game, games, equilibrium, mml, players, model, stochastic, nash, problem, equilibria",4,0.23529411764705882
1989-1993,Management and OR,2,"innovation, strategic, game, firms, theory, firm, research, technology, model, alliances",5,0.29411764705882354
1989-1993,Management and OR,5,"traffic, bus, congestion, lane, game, passengers, vehicles, route, transportation, driver",1,0.058823529411764705
1989-1993,Mathematics,0,"games, game, strategies, equilibrium, player, players, mml, theory, strategy, nash",6,1
1989-1993,Other Social Sciences,2,"gt, lt, li, game, social, learning, theory, behavior, evolutionary, evolution",1,0.3333333333333333
1989-1993,Other Social Sciences,3,"theory, game, analysis, political, institutions, european, coopetition, economic, institutional, equilibrium",2,0.6666666666666666
1989-1993,Political Science,0,"game, political, policy, theory, theoretic, model, party, voting, legislative, preferences",9,0.5
1989-1993,Political Science,1,"game, cooperation, international, theory, model, strategic, strategies, protection, states, social",7,0.3888888888888889
1989-1993,Political Science,2,"bargaining, crisis, war, international, information, commitment, costs, audience, public, model",1,0.05555555555555555
1989-1993,Political Science,5,"sanctions, sender, economic, target, coercion, senders, secondary, sanction, model, success",1,0.05555555555555555
1989-1993,Psychology,1,"game, theory, social, cooperation, behavior, decision, strategies, model, individuals, information",2,1
1989-1993,Sociology,0,"game, theory, power, games, violence, micro, exchange, social, network, conflict",7,0.7777777777777778
1989-1993,Sociology,1,"norms, dilemma, cooperation, prisoner, different, emerge, actors, game, emergence, subjects",2,0.2222222222222222
1990-1994,Biology,0,"game, evolutionary, theory, cooperation, population, model, strategies, selection, strategy, evolution",4,0.8
1990-1994,Biology,4,"plant, plants, height, water, growth, root, leaf, hydraulic, soil, trees",1,0.2
1990-1994,Computer Science,1,"game, government, energy, supply, market, evolutionary, model, strategy, chain, study",1,0.3333333333333333
1990-1994,Computer Science,2,"games, fuzzy, game, cooperative, theory, player, players, based, strategies, set",2,0.6666666666666666
1990-1994,Economics,0,"games, game, equilibrium, players, repeated, equilibria, theory, model, player, payoffs",21,0.65625
1990-1994,Economics,1,"firms, firm, market, product, equilibrium, model, competition, game, price, competitive",5,0.15625
1990-1994,Economics,2,"countries, international, trade, game, climate, environmental, power, market, global, model",3,0.09375
1990-1994,Economics,3,"sports, football, league, leagues, transfer, soccer, revenue, duopsony, talent, game",1,0.03125
1990-1994,Economics,4,"moral, norms, morality, trust, guilt, social, economic, theory, markets, ethics",2,0.0625
1990-1994,Engineering and Technology,0,"game, networks, network, users, power, proposed, problem, algorithm, based, allocation",1,0.5
1990-1994,Engineering and Technology,2,"games, stochastic, game, agents, nash, equilibrium, players, control, time, dynamics",1,0.5
1990-1994,Geoscience,2,"water, cooperative, river, basin, resources, ecological, game, compensation, allocation, decision",1,1
1990-1994,Management and OR,0,"supply, chain, model, retailer, channel, price, manufacturer, game, product, market",7,0.4666666666666667
1990-1994,Management and OR,1,"game, games, equilibrium, mml, players, model, stochastic, nash, problem, equilibria",2,0.13333333333333333
1990-1994,Management and OR,2,"innovation, strategic, game, firms, theory, firm, research, technology, model, alliances",5,0.3333333333333333
1990-1994,Management and OR,5,"traffic, bus, congestion, lane, game, passengers, vehicles, route, transportation, driver",1,0.06666666666666667
1990-1994,Mathematics,0,"games, game, strategies, equilibrium, player, players, mml, theory, strategy, nash",7,1
1990-1994,Other Professional Fields,2,"game, play, video, group, groups, theory, students, research, experiment, games",1,1
1990-1994,Other Social Sciences,2,"gt, lt, li, game, social, learning, theory, behavior, evolutionary, evolution",2,0.4
1990-1994,Other Social Sciences,4,"environmental, public, carbon, game, evolutionary, enterprises, government, charging, regulation, pollution",1,0.2
1990-1994,Other Social Sciences,5,"location, pricing, firms, market, delivered, production, firm, areas, shown, paper",2,0.4
1990-1994,Political Science,0,"game, political, policy, theory, theoretic, model, party, voting, legislative, preferences",10,0.5
1990-1994,Political Science,1,"game, cooperation, international, theory, model, strategic, strategies, protection, states, social",8,0.4
1990-1994,Political Science,2,"bargaining, crisis, war, international, information, commitment, costs, audience, public, model",1,0.05
1990-1994,Political Science,5,"sanctions, sender, economic, target, coercion, senders, secondary, sanction, model, success",1,0.05
1990-1994,Psychology,1,"game, theory, social, cooperation, behavior, decision, strategies, model, individuals, information",2,1
1990-1994,Sociology,0,"game, theory, power, games, violence, micro, exchange, social, network, conflict",8,0.8888888888888888
1990-1994,Sociology,1,"norms, dilemma, cooperation, prisoner, different, emerge, actors, game, emergence, subjects",1,0.1111111111111111
1991-1995,Biology,0,"game, evolutionary, theory, cooperation, population, model, strategies, selection, strategy, evolution",9,0.9
1991-1995,Biology,4,"plant, plants, height, water, growth, root, leaf, hydraulic, soil, trees",1,0.1
1991-1995,Computer Science,1,"game, government, energy, supply, market, evolutionary, model, strategy, chain, study",1,0.5
1991-1995,Computer Science,2,"games, fuzzy, game, cooperative, theory, player, players, based, strategies, set",1,0.5
1991-1995,Economics,0,"games, game, equilibrium, players, repeated, equilibria, theory, model, player, payoffs",22,0.6111111111111112
1991-1995,Economics,1,"firms, firm, market, product, equilibrium, model, competition, game, price, competitive",7,0.19444444444444445
1991-1995,Economics,2,"countries, international, trade, game, climate, environmental, power, market, global, model",3,0.08333333333333333
1991-1995,Economics,3,"sports, football, league, leagues, transfer, soccer, revenue, duopsony, talent, game",2,0.05555555555555555
1991-1995,Economics,4,"moral, norms, morality, trust, guilt, social, economic, theory, markets, ethics",2,0.05555555555555555
1991-1995,Engineering and Technology,0,"game, networks, network, users, power, proposed, problem, algorithm, based, allocation",1,0.2
1991-1995,Engineering and Technology,2,"games, stochastic, game, agents, nash, equilibrium, players, control, time, dynamics",3,0.6
1991-1995,Engineering and Technology,5,"supply, chain, manufacturer, product, supplier, retailer, advertising, retailers, model, products",1,0.2
1991-1995,Geoscience,2,"water, cooperative, river, basin, resources, ecological, game, compensation, allocation, decision",2,1
1991-1995,Management and OR,0,"supply, chain, model, retailer, channel, price, manufacturer, game, product, market",8,0.5
1991-1995,Management and OR,1,"game, games, equilibrium, mml, players, model, stochastic, nash, problem, equilibria",2,0.125
1991-1995,Management and OR,2,"innovation, strategic, game, firms, theory, firm, research, technology, model, alliances",4,0.25
1991-1995,Management and OR,3,"projects, game, project, government, evolutionary, public, construction, ppp, design, supervision",1,0.0625
1991-1995,Management and OR,5,"traffic, bus, congestion, lane, game, passengers, vehicles, route, transportation, driver",1,0.0625
1991-1995,Mathematics,0,"games, game, strategies, equilibrium, player, players, mml, theory, strategy, nash",7,0.875
1991-1995,Mathematics,7,"fuzzy, design, method, optimization, game, multiobjective, based, variables, atanassov, function",1,0.125
1991-1995,Other Professional Fields,2,"game, play, video, group, groups, theory, students, research, experiment, games",2,0.5
1991-1995,Other Professional Fields,4,"outsourcing, information, security, theory, strategic, relational, motivations, decision, core, case",2,0.5
1991-1995,Other Social Sciences,2,"gt, lt, li, game, social, learning, theory, behavior, evolutionary, evolution",4,0.6666666666666666
1991-1995,Other Social Sciences,5,"location, pricing, firms, market, delivered, production, firm, areas, shown, paper",2,0.3333333333333333
1991-1995,Political Science,0,"game, political, policy, theory, theoretic, model, party, voting, legislative, preferences",8,0.5714285714285714
1991-1995,Political Science,1,"game, cooperation, international, theory, model, strategic, strategies, protection, states, social",6,0.42857142857142855
1991-1995,Psychology,1,"game, theory, social, cooperation, behavior, decision, strategies, model, individuals, information",5,1
1991-1995,Sociology,0,"game, theory, power, games, violence, micro, exchange, social, network, conflict",9,0.9
1991-1995,Sociology,1,"norms, dilemma, cooperation, prisoner, different, emerge, actors, game, emergence, subjects",1,0.1
1992-1996,Biology,0,"game, evolutionary, theory, cooperation, population, model, strategies, selection, strategy, evolution",9,1
1992-1996,Computer Science,1,"game, government, energy, supply, market, evolutionary, model, strategy, chain, study",1,0.3333333333333333
1992-1996,Computer Science,2,"games, fuzzy, game, cooperative, theory, player, players, based, strategies, set",2,0.6666666666666666
1992-1996,Economics,0,"games, game, equilibrium, players, repeated, equilibria, theory, model, player, payoffs",20,0.625
1992-1996,Economics,1,"firms, firm, market, product, equilibrium, model, competition, game, price, competitive",7,0.21875
1992-1996,Economics,2,"countries, international, trade, game, climate, environmental, power, market, global, model",2,0.0625
1992-1996,Economics,3,"sports, football, league, leagues, transfer, soccer, revenue, duopsony, talent, game",1,0.03125
1992-1996,Economics,4,"moral, norms, morality, trust, guilt, social, economic, theory, markets, ethics",2,0.0625
1992-1996,Engineering and Technology,2,"games, stochastic, game, agents, nash, equilibrium, players, control, time, dynamics",5,0.8333333333333334
1992-1996,Engineering and Technology,5,"supply, chain, manufacturer, product, supplier, retailer, advertising, retailers, model, products",1,0.16666666666666666
1992-1996,Geoscience,0,"evolutionary, government, carbon, game, green, enterprises, model, innovation, energy, development",1,0.3333333333333333
1992-1996,Geoscience,2,"water, cooperative, river, basin, resources, ecological, game, compensation, allocation, decision",2,0.6666666666666666
1992-1996,Humanities,1,"social, capital, individuals, putnam, theory, game, action, al, et, trust",1,1
1992-1996,Management and OR,0,"supply, chain, model, retailer, channel, price, manufacturer, game, product, market",5,0.45454545454545453
1992-1996,Management and OR,1,"game, games, equilibrium, mml, players, model, stochastic, nash, problem, equilibria",2,0.18181818181818182
1992-1996,Management and OR,2,"innovation, strategic, game, firms, theory, firm, research, technology, model, alliances",2,0.18181818181818182
1992-1996,Management and OR,3,"projects, game, project, government, evolutionary, public, construction, ppp, design, supervision",1,0.09090909090909091
1992-1996,Management and OR,5,"traffic, bus, congestion, lane, game, passengers, vehicles, route, transportation, driver",1,0.09090909090909091
1992-1996,Mathematics,0,"games, game, strategies, equilibrium, player, players, mml, theory, strategy, nash",11,0.9166666666666666
1992-1996,Mathematics,7,"fuzzy, design, method, optimization, game, multiobjective, based, variables, atanassov, function",1,0.08333333333333333
1992-1996,Other Professional Fields,2,"game, play, video, group, groups, theory, students, research, experiment, games",2,0.5
1992-1996,Other Professional Fields,4,"outsourcing, information, security, theory, strategic, relational, motivations, decision, core, case",2,0.5
1992-1996,Other Social Sciences,2,"gt, lt, li, game, social, learning, theory, behavior, evolutionary, evolution",4,0.4444444444444444
1992-1996,Other Social Sciences,3,"theory, game, analysis, political, institutions, european, coopetition, economic, institutional, equilibrium",3,0.3333333333333333
1992-1996,Other Social Sciences,5,"location, pricing, firms, market, delivered, production, firm, areas, shown, paper",2,0.2222222222222222
1992-1996,Political Science,0,"game, political, policy, theory, theoretic, model, party, voting, legislative, preferences",7,0.6363636363636364
1992-1996,Political Science,1,"game, cooperation, international, theory, model, strategic, strategies, protection, states, social",4,0.36363636363636365
1992-1996,Psychology,1,"game, theory, social, cooperation, behavior, decision, strategies, model, individuals, information",6,1
1992-1996,Sociology,0,"game, theory, power, games, violence, micro, exchange, social, network, conflict",8,0.8888888888888888
1992-1996,Sociology,2,"commitment, game, strategy, social, actors, model, average, information, performance, interactions",1,0.1111111111111111
1993-1997,Biology,0,"game, evolutionary, theory, cooperation, population, model, strategies, selection, strategy, evolution",9,1
1993-1997,Computer Science,2,"games, fuzzy, game, cooperative, theory, player, players, based, strategies, set",2,1
1993-1997,Economics,0,"games, game, equilibrium, players, repeated, equilibria, theory, model, player, payoffs",19,0.6333333333333333
1993-1997,Economics,1,"firms, firm, market, product, equilibrium, model, competition, game, price, competitive",5,0.16666666666666666
1993-1997,Economics,2,"countries, international, trade, game, climate, environmental, power, market, global, model",2,0.06666666666666667
1993-1997,Economics,3,"sports, football, league, leagues, transfer, soccer, revenue, duopsony, talent, game",2,0.06666666666666667
1993-1997,Economics,4,"moral, norms, morality, trust, guilt, social, economic, theory, markets, ethics",2,0.06666666666666667
1993-1997,Engineering and Technology,2,"games, stochastic, game, agents, nash, equilibrium, players, control, time, dynamics",5,0.8333333333333334
1993-1997,Engineering and Technology,5,"supply, chain, manufacturer, product, supplier, retailer, advertising, retailers, model, products",1,0.16666666666666666
1993-1997,Geoscience,0,"evolutionary, government, carbon, game, green, enterprises, model, innovation, energy, development",1,0.5
1993-1997,Geoscience,2,"water, cooperative, river, basin, resources, ecological, game, compensation, allocation, decision",1,0.5
1993-1997,Humanities,1,"social, capital, individuals, putnam, theory, game, action, al, et, trust",1,1
1993-1997,Management and OR,0,"supply, chain, model, retailer, channel, price, manufacturer, game, product, market",12,0.6666666666666666
1993-1997,Management and OR,2,"innovation, strategic, game, firms, theory, firm, research, technology, model, alliances",2,0.1111111111111111
1993-1997,Management and OR,3,"projects, game, project, government, evolutionary, public, construction, ppp, design, supervision",3,0.16666666666666666
1993-1997,Management and OR,5,"traffic, bus, congestion, lane, game, passengers, vehicles, route, transportation, driver",1,0.05555555555555555
1993-1997,Mathematics,0,"games, game, strategies, equilibrium, player, players, mml, theory, strategy, nash",8,0.8
1993-1997,Mathematics,1,"evolutionary, government, enterprises, game, innovation, model, mechanism, public, strategy, construction",1,0.1
1993-1997,Mathematics,7,"fuzzy, design, method, optimization, game, multiobjective, based, variables, atanassov, function",1,0.1
1993-1997,Other Professional Fields,1,"game, tourism, tscs, hotels, chains, supply, competition, sectors, profits, information",1,0.2
1993-1997,Other Professional Fields,2,"game, play, video, group, groups, theory, students, research, experiment, games",2,0.4
1993-1997,Other Professional Fields,4,"outsourcing, information, security, theory, strategic, relational, motivations, decision, core, case",2,0.4
1993-1997,Other Social Sciences,2,"gt, lt, li, game, social, learning, theory, behavior, evolutionary, evolution",4,0.4444444444444444
1993-1997,Other Social Sciences,3,"theory, game, analysis, political, institutions, european, coopetition, economic, institutional, equilibrium",3,0.3333333333333333
1993-1997,Other Social Sciences,5,"location, pricing, firms, market, delivered, production, firm, areas, shown, paper",2,0.2222222222222222
1993-1997,Political Science,0,"game, political, policy, theory, theoretic, model, party, voting, legislative, preferences",10,0.5882352941176471
1993-1997,Political Science,1,"game, cooperation, international, theory, model, strategic, strategies, protection, states, social",6,0.35294117647058826
1993-1997,Political Science,6,"rationality, peace, war, models, rapoport, value, machines, theory, systems, field",1,0.058823529411764705
1993-1997,Psychology,1,"game, theory, social, cooperation, behavior, decision, strategies, model, individuals, information",6,1
1993-1997,Sociology,0,"game, theory, power, games, violence, micro, exchange, social, network, conflict",7,0.875
1993-1997,Sociology,2,"commitment, game, strategy, social, actors, model, average, information, performance, interactions",1,0.125
1994-1998,Biology,0,"game, evolutionary, theory, cooperation, population, model, strategies, selection, strategy, evolution",8,0.8888888888888888
1994-1998,Biology,4,"plant, plants, height, water, growth, root, leaf, hydraulic, soil, trees",1,0.1111111111111111
1994-1998,Computer Science,0,"game, edge, cloud, users, computing, problem, mobile, proposed, equilibrium, nash",1,0.25
1994-1998,Computer Science,2,"games, fuzzy, game, cooperative, theory, player, players, based, strategies, set",3,0.75
1994-1998,Economics,0,"games, game, equilibrium, players, repeated, equilibria, theory, model, player, payoffs",25,0.7142857142857143
1994-1998,Economics,1,"firms, firm, market, product, equilibrium, model, competition, game, price, competitive",3,0.08571428571428572
1994-1998,Economics,2,"countries, international, trade, game, climate, environmental, power, market, global, model",2,0.05714285714285714
1994-1998,Economics,3,"sports, football, league, leagues, transfer, soccer, revenue, duopsony, talent, game",1,0.02857142857142857
1994-1998,Economics,4,"moral, norms, morality, trust, guilt, social, economic, theory, markets, ethics",3,0.08571428571428572
1994-1998,Economics,6,"inflation, bank, fiscal, central, monetary, targeting, policy, macroprudential, target, account",1,0.02857142857142857
1994-1998,Engineering and Technology,1,"energy, market, power, game, electricity, based, demand, proposed, model, carbon",1,0.125
1994-1998,Engineering and Technology,2,"games, stochastic, game, agents, nash, equilibrium, players, control, time, dynamics",6,0.75
1994-1998,Engineering and Technology,5,"supply, chain, manufacturer, product, supplier, retailer, advertising, retailers, model, products",1,0.125
1994-1998,Geoscience,0,"evolutionary, government, carbon, game, green, enterprises, model, innovation, energy, development",1,1
1994-1998,Humanities,1,"social, capital, individuals, putnam, theory, game, action, al, et, trust",1,1
1994-1998,Management and OR,0,"supply, chain, model, retailer, channel, price, manufacturer, game, product, market",12,0.6666666666666666
1994-1998,Management and OR,1,"game, games, equilibrium, mml, players, model, stochastic, nash, problem, equilibria",2,0.1111111111111111
1994-1998,Management and OR,2,"innovation, strategic, game, firms, theory, firm, research, technology, model, alliances",1,0.05555555555555555
1994-1998,Management and OR,3,"projects, game, project, government, evolutionary, public, construction, ppp, design, supervision",3,0.16666666666666666
1994-1998,Mathematics,0,"games, game, strategies, equilibrium, player, players, mml, theory, strategy, nash",13,0.8666666666666667
1994-1998,Mathematics,1,"evolutionary, government, enterprises, game, innovation, model, mechanism, public, strategy, construction",1,0.06666666666666667
1994-1998,Mathematics,7,"fuzzy, design, method, optimization, game, multiobjective, based, variables, atanassov, function",1,0.06666666666666667
1994-1998,Medicine,3,"game, theory, patient, knowledge, cooperation, strategy, care, medical, decision, management",1,1
1994-1998,Other Professional Fields,1,"game, tourism, tscs, hotels, chains, supply, competition, sectors, profits, information",1,0.2
1994-1998,Other Professional Fields,2,"game, play, video, group, groups, theory, students, research, experiment, games",2,0.4
1994-1998,Other Professional Fields,4,"outsourcing, information, security, theory, strategic, relational, motivations, decision, core, case",2,0.4
1994-1998,Other Social Sciences,2,"gt, lt, li, game, social, learning, theory, behavior, evolutionary, evolution",5,0.625
1994-1998,Other Social Sciences,3,"theory, game, analysis, political, institutions, european, coopetition, economic, institutional, equilibrium",2,0.25
1994-1998,Other Social Sciences,5,"location, pricing, firms, market, delivered, production, firm, areas, shown, paper",1,0.125
1994-1998,Political Science,0,"game, political, policy, theory, theoretic, model, party, voting, legislative, preferences",14,0.6363636363636364
1994-1998,Political Science,1,"game, cooperation, international, theory, model, strategic, strategies, protection, states, social",5,0.22727272727272727
1994-1998,Political Science,5,"sanctions, sender, economic, target, coercion, senders, secondary, sanction, model, success",2,0.09090909090909091
1994-1998,Political Science,6,"rationality, peace, war, models, rapoport, value, machines, theory, systems, field",1,0.045454545454545456
1994-1998,Psychology,1,"game, theory, social, cooperation, behavior, decision, strategies, model, individuals, information",7,1
1994-1998,Sociology,0,"game, theory, power, games, violence, micro, exchange, social, network, conflict",5,0.7142857142857143
1994-1998,Sociology,2,"commitment, game, strategy, social, actors, model, average, information, performance, interactions",2,0.2857142857142857
1995-1999,Biology,0,"game, evolutionary, theory, cooperation, population, model, strategies, selection, strategy, evolution",15,0.8823529411764706
1995-1999,Biology,2,"vaccination, disease, game, host, model, epidemic, evolutionary, dynamics, vaccine, control",1,0.058823529411764705
1995-1999,Biology,4,"plant, plants, height, water, growth, root, leaf, hydraulic, soil, trees",1,0.058823529411764705
1995-1999,Computer Science,2,"games, fuzzy, game, cooperative, theory, player, players, based, strategies, set",2,1
1995-1999,Economics,0,"games, game, equilibrium, players, repeated, equilibria, theory, model, player, payoffs",24,0.7741935483870968
1995-1999,Economics,1,"firms, firm, market, product, equilibrium, model, competition, game, price, competitive",2,0.06451612903225806
1995-1999,Economics,2,"countries, international, trade, game, climate, environmental, power, market, global, model",1,0.03225806451612903
1995-1999,Economics,3,"sports, football, league, leagues, transfer, soccer, revenue, duopsony, talent, game",1,0.03225806451612903
1995-1999,Economics,4,"moral, norms, morality, trust, guilt, social, economic, theory, markets, ethics",2,0.06451612903225806
1995-1999,Economics,6,"inflation, bank, fiscal, central, monetary, targeting, policy, macroprudential, target, account",1,0.03225806451612903
1995-1999,Engineering and Technology,1,"energy, market, power, game, electricity, based, demand, proposed, model, carbon",1,0.1
1995-1999,Engineering and Technology,2,"games, stochastic, game, agents, nash, equilibrium, players, control, time, dynamics",7,0.7
1995-1999,Engineering and Technology,5,"supply, chain, manufacturer, product, supplier, retailer, advertising, retailers, model, products",2,0.2
1995-1999,Geoscience,0,"evolutionary, government, carbon, game, green, enterprises, model, innovation, energy, development",1,0.5
1995-1999,Geoscience,2,"water, cooperative, river, basin, resources, ecological, game, compensation, allocation, decision",1,0.5
1995-1999,Humanities,1,"social, capital, individuals, putnam, theory, game, action, al, et, trust",1,1
1995-1999,Management and OR,0,"supply, chain, model, retailer, channel, price, manufacturer, game, product, market",10,0.625
1995-1999,Management and OR,1,"game, games, equilibrium, mml, players, model, stochastic, nash, problem, equilibria",2,0.125
1995-1999,Management and OR,2,"innovation, strategic, game, firms, theory, firm, research, technology, model, alliances",1,0.0625
1995-1999,Management and OR,3,"projects, game, project, government, evolutionary, public, construction, ppp, design, supervision",3,0.1875
1995-1999,Mathematics,0,"games, game, strategies, equilibrium, player, players, mml, theory, strategy, nash",15,0.8823529411764706
1995-1999,Mathematics,1,"evolutionary, government, enterprises, game, innovation, model, mechanism, public, strategy, construction",1,0.058823529411764705
1995-1999,Mathematics,7,"fuzzy, design, method, optimization, game, multiobjective, based, variables, atanassov, function",1,0.058823529411764705
1995-1999,Medicine,3,"game, theory, patient, knowledge, cooperation, strategy, care, medical, decision, management",1,1
1995-1999,Other Professional Fields,1,"game, tourism, tscs, hotels, chains, supply, competition, sectors, profits, information",1,0.25
1995-1999,Other Professional Fields,2,"game, play, video, group, groups, theory, students, research, experiment, games",1,0.25
1995-1999,Other Professional Fields,4,"outsourcing, information, security, theory, strategic, relational, motivations, decision, core, case",2,0.5
1995-1999,Other Social Sciences,2,"gt, lt, li, game, social, learning, theory, behavior, evolutionary, evolution",4,0.6666666666666666
1995-1999,Other Social Sciences,3,"theory, game, analysis, political, institutions, european, coopetition, economic, institutional, equilibrium",2,0.3333333333333333
1995-1999,Political Science,0,"game, political, policy, theory, theoretic, model, party, voting, legislative, preferences",14,0.56
1995-1999,Political Science,1,"game, cooperation, international, theory, model, strategic, strategies, protection, states, social",6,0.24
1995-1999,Political Science,2,"bargaining, crisis, war, international, information, commitment, costs, audience, public, model",1,0.04
1995-1999,Political Science,5,"sanctions, sender, economic, target, coercion, senders, secondary, sanction, model, success",2,0.08
1995-1999,Political Science,6,"rationality, peace, war, models, rapoport, value, machines, theory, systems, field",1,0.04
1995-1999,Political Science,8,"power, shapley, indices, point, index, owen, sovs, strong, spatial, based",1,0.04
1995-1999,Psychology,1,"game, theory, social, cooperation, behavior, decision, strategies, model, individuals, information",7,1
1995-1999,Sociology,0,"game, theory, power, games, violence, micro, exchange, social, network, conflict",5,0.625
1995-1999,Sociology,2,"commitment, game, strategy, social, actors, model, average, information, performance, interactions",3,0.375
1996-2000,Biology,0,"game, evolutionary, theory, cooperation, population, model, strategies, selection, strategy, evolution",19,0.9047619047619048
1996-2000,Biology,2,"vaccination, disease, game, host, model, epidemic, evolutionary, dynamics, vaccine, control",1,0.047619047619047616
1996-2000,Biology,4,"plant, plants, height, water, growth, root, leaf, hydraulic, soil, trees",1,0.047619047619047616
1996-2000,Computer Science,2,"games, fuzzy, game, cooperative, theory, player, players, based, strategies, set",3,0.75
1996-2000,Computer Science,4,"learning, game, reinforcement, control, based, games, marl, algorithm, equilibrium, multiagent",1,0.25
1996-2000,Economics,0,"games, game, equilibrium, players, repeated, equilibria, theory, model, player, payoffs",22,0.7096774193548387
1996-2000,Economics,1,"firms, firm, market, product, equilibrium, model, competition, game, price, competitive",4,0.12903225806451613
1996-2000,Economics,2,"countries, international, trade, game, climate, environmental, power, market, global, model",1,0.03225806451612903
1996-2000,Economics,4,"moral, norms, morality, trust, guilt, social, economic, theory, markets, ethics",2,0.06451612903225806
1996-2000,Economics,6,"inflation, bank, fiscal, central, monetary, targeting, policy, macroprudential, target, account",1,0.03225806451612903
1996-2000,Economics,7,"gm, household, efficiency, households, wives, husbands, allocation, agricultural, crops, income",1,0.03225806451612903
1996-2000,Engineering and Technology,0,"game, networks, network, users, power, proposed, problem, algorithm, based, allocation",1,0.125
1996-2000,Engineering and Technology,1,"energy, market, power, game, electricity, based, demand, proposed, model, carbon",1,0.125
1996-2000,Engineering and Technology,2,"games, stochastic, game, agents, nash, equilibrium, players, control, time, dynamics",5,0.625
1996-2000,Engineering and Technology,5,"supply, chain, manufacturer, product, supplier, retailer, advertising, retailers, model, products",1,0.125
1996-2000,Geoscience,0,"evolutionary, government, carbon, game, green, enterprises, model, innovation, energy, development",1,1
1996-2000,Humanities,1,"social, capital, individuals, putnam, theory, game, action, al, et, trust",1,1
1996-2000,Management and OR,0,"supply, chain, model, retailer, channel, price, manufacturer, game, product, market",10,0.47619047619047616
1996-2000,Management and OR,1,"game, games, equilibrium, mml, players, model, stochastic, nash, problem, equilibria",3,0.14285714285714285
1996-2000,Management and OR,2,"innovation, strategic, game, firms, theory, firm, research, technology, model, alliances",5,0.23809523809523808
1996-2000,Management and OR,3,"projects, game, project, government, evolutionary, public, construction, ppp, design, supervision",2,0.09523809523809523
1996-2000,Management and OR,7,"dea, dmus, efficiency, units, game, envelopment, approach, hospitals, internal, level",1,0.047619047619047616
1996-2000,Mathematics,0,"games, game, strategies, equilibrium, player, players, mml, theory, strategy, nash",13,0.9285714285714286
1996-2000,Mathematics,1,"evolutionary, government, enterprises, game, innovation, model, mechanism, public, strategy, construction",1,0.07142857142857142
1996-2000,Medicine,3,"game, theory, patient, knowledge, cooperation, strategy, care, medical, decision, management",1,1
1996-2000,Other Professional Fields,1,"game, tourism, tscs, hotels, chains, supply, competition, sectors, profits, information",1,1
1996-2000,Other Social Sciences,2,"gt, lt, li, game, social, learning, theory, behavior, evolutionary, evolution",4,0.6666666666666666
1996-2000,Other Social Sciences,3,"theory, game, analysis, political, institutions, european, coopetition, economic, institutional, equilibrium",2,0.3333333333333333
1996-2000,Physics,0,"cooperation, evolutionary, game, strategy, games, dynamics, evolution, model, individuals, strategies",1,1
1996-2000,Political Science,0,"game, political, policy, theory, theoretic, model, party, voting, legislative, preferences",15,0.5769230769230769
1996-2000,Political Science,1,"game, cooperation, international, theory, model, strategic, strategies, protection, states, social",8,0.3076923076923077
1996-2000,Political Science,5,"sanctions, sender, economic, target, coercion, senders, secondary, sanction, model, success",1,0.038461538461538464
1996-2000,Political Science,6,"rationality, peace, war, models, rapoport, value, machines, theory, systems, field",1,0.038461538461538464
1996-2000,Political Science,8,"power, shapley, indices, point, index, owen, sovs, strong, spatial, based",1,0.038461538461538464
1996-2000,Psychology,1,"game, theory, social, cooperation, behavior, decision, strategies, model, individuals, information",5,1
1996-2000,Sociology,0,"game, theory, power, games, violence, micro, exchange, social, network, conflict",3,0.5
1996-2000,Sociology,2,"commitment, game, strategy, social, actors, model, average, information, performance, interactions",3,0.5
1997-2001,Biology,0,"game, evolutionary, theory, cooperation, population, model, strategies, selection, strategy, evolution",22,0.88
1997-2001,Biology,2,"vaccination, disease, game, host, model, epidemic, evolutionary, dynamics, vaccine, control",1,0.04
1997-2001,Biology,4,"plant, plants, height, water, growth, root, leaf, hydraulic, soil, trees",2,0.08
1997-2001,Computer Science,2,"games, fuzzy, game, cooperative, theory, player, players, based, strategies, set",2,0.6666666666666666
1997-2001,Computer Science,4,"learning, game, reinforcement, control, based, games, marl, algorithm, equilibrium, multiagent",1,0.3333333333333333
1997-2001,Economics,0,"games, game, equilibrium, players, repeated, equilibria, theory, model, player, payoffs",24,0.8
1997-2001,Economics,1,"firms, firm, market, product, equilibrium, model, competition, game, price, competitive",3,0.1
1997-2001,Economics,4,"moral, norms, morality, trust, guilt, social, economic, theory, markets, ethics",3,0.1
1997-2001,Engineering and Technology,0,"game, networks, network, users, power, proposed, problem, algorithm, based, allocation",1,0.125
1997-2001,Engineering and Technology,1,"energy, market, power, game, electricity, based, demand, proposed, model, carbon",2,0.25
1997-2001,Engineering and Technology,2,"games, stochastic, game, agents, nash, equilibrium, players, control, time, dynamics",4,0.5
1997-2001,Engineering and Technology,5,"supply, chain, manufacturer, product, supplier, retailer, advertising, retailers, model, products",1,0.125
1997-2001,Geoscience,3,"game, pollution, parking, traffic, lane, air, climate, model, based, changing",1,1
1997-2001,Health,1,"health, game, evolutionary, treatment, service, care, medical, patients, information, elderly",1,1
1997-2001,Management and OR,0,"supply, chain, model, retailer, channel, price, manufacturer, game, product, market",11,0.5
1997-2001,Management and OR,1,"game, games, equilibrium, mml, players, model, stochastic, nash, problem, equilibria",4,0.18181818181818182
1997-2001,Management and OR,2,"innovation, strategic, game, firms, theory, firm, research, technology, model, alliances",6,0.2727272727272727
1997-2001,Management and OR,7,"dea, dmus, efficiency, units, game, envelopment, approach, hospitals, internal, level",1,0.045454545454545456
1997-2001,Mathematics,0,"games, game, strategies, equilibrium, player, players, mml, theory, strategy, nash",14,0.9333333333333333
1997-2001,Mathematics,1,"evolutionary, government, enterprises, game, innovation, model, mechanism, public, strategy, construction",1,0.06666666666666667
1997-2001,Medicine,3,"game, theory, patient, knowledge, cooperation, strategy, care, medical, decision, management",1,1
1997-2001,Other Professional Fields,1,"game, tourism, tscs, hotels, chains, supply, competition, sectors, profits, information",1,1
1997-2001,Other Social Sciences,2,"gt, lt, li, game, social, learning, theory, behavior, evolutionary, evolution",4,1
1997-2001,Physics,0,"cooperation, evolutionary, game, strategy, games, dynamics, evolution, model, individuals, strategies",1,0.25
1997-2001,Physics,2,"quantum, game, games, theory, strategies, players, information, classical, player, learning",3,0.75
1997-2001,Political Science,0,"game, political, policy, theory, theoretic, model, party, voting, legislative, preferences",18,0.5454545454545454
1997-2001,Political Science,1,"game, cooperation, international, theory, model, strategic, strategies, protection, states, social",10,0.30303030303030304
1997-2001,Political Science,2,"bargaining, crisis, war, international, information, commitment, costs, audience, public, model",1,0.030303030303030304
1997-2001,Political Science,5,"sanctions, sender, economic, target, coercion, senders, secondary, sanction, model, success",1,0.030303030303030304
1997-2001,Political Science,6,"rationality, peace, war, models, rapoport, value, machines, theory, systems, field",1,0.030303030303030304
1997-2001,Political Science,8,"power, shapley, indices, point, index, owen, sovs, strong, spatial, based",2,0.06060606060606061
1997-2001,Psychology,1,"game, theory, social, cooperation, behavior, decision, strategies, model, individuals, information",5,1
1997-2001,Sociology,0,"game, theory, power, games, violence, micro, exchange, social, network, conflict",3,0.5
1997-2001,Sociology,2,"commitment, game, strategy, social, actors, model, average, information, performance, interactions",3,0.5
1998-2002,Biology,0,"game, evolutionary, theory, cooperation, population, model, strategies, selection, strategy, evolution",28,0.9032258064516129
1998-2002,Biology,2,"vaccination, disease, game, host, model, epidemic, evolutionary, dynamics, vaccine, control",1,0.03225806451612903
1998-2002,Biology,4,"plant, plants, height, water, growth, root, leaf, hydraulic, soil, trees",2,0.06451612903225806
1998-2002,Computer Science,0,"game, edge, cloud, users, computing, problem, mobile, proposed, equilibrium, nash",1,0.125
1998-2002,Computer Science,2,"games, fuzzy, game, cooperative, theory, player, players, based, strategies, set",5,0.625
1998-2002,Computer Science,4,"learning, game, reinforcement, control, based, games, marl, algorithm, equilibrium, multiagent",2,0.25
1998-2002,Economics,0,"games, game, equilibrium, players, repeated, equilibria, theory, model, player, payoffs",25,0.78125
1998-2002,Economics,1,"firms, firm, market, product, equilibrium, model, competition, game, price, competitive",3,0.09375
1998-2002,Economics,4,"moral, norms, morality, trust, guilt, social, economic, theory, markets, ethics",3,0.09375
1998-2002,Economics,6,"inflation, bank, fiscal, central, monetary, targeting, policy, macroprudential, target, account",1,0.03125
1998-2002,Engineering and Technology,0,"game, networks, network, users, power, proposed, problem, algorithm, based, allocation",5,0.35714285714285715
1998-2002,Engineering and Technology,1,"energy, market, power, game, electricity, based, demand, proposed, model, carbon",3,0.21428571428571427
1998-2002,Engineering and Technology,2,"games, stochastic, game, agents, nash, equilibrium, players, control, time, dynamics",6,0.42857142857142855
1998-2002,Geoscience,3,"game, pollution, parking, traffic, lane, air, climate, model, based, changing",1,1
1998-2002,Health,1,"health, game, evolutionary, treatment, service, care, medical, patients, information, elderly",1,1
1998-2002,Humanities,2,"game, theoretic, word, pragmatics, optimality, intention, principles, model, meaning, interpretation",1,1
1998-2002,Management and OR,0,"supply, chain, model, retailer, channel, price, manufacturer, game, product, market",16,0.5517241379310345
1998-2002,Management and OR,1,"game, games, equilibrium, mml, players, model, stochastic, nash, problem, equilibria",5,0.1724137931034483
1998-2002,Management and OR,2,"innovation, strategic, game, firms, theory, firm, research, technology, model, alliances",6,0.20689655172413793
1998-2002,Management and OR,3,"projects, game, project, government, evolutionary, public, construction, ppp, design, supervision",1,0.034482758620689655
1998-2002,Management and OR,7,"dea, dmus, efficiency, units, game, envelopment, approach, hospitals, internal, level",1,0.034482758620689655
1998-2002,Mathematics,0,"games, game, strategies, equilibrium, player, players, mml, theory, strategy, nash",17,0.9444444444444444
1998-2002,Mathematics,3,"reinsurance, risk, investment, optimal, variance, time, asset, consistent, insurance, insurer",1,0.05555555555555555
1998-2002,Medicine,3,"game, theory, patient, knowledge, cooperation, strategy, care, medical, decision, management",1,1
1998-2002,Other Professional Fields,0,"shipping, game, container, capacity, ports, strategy, expansion, port, speed, sharing",1,1
1998-2002,Other Social Sciences,1,"defender, security, attacker, risk, cyber, game, allocation, defense, attacks, model",1,0.2
1998-2002,Other Social Sciences,2,"gt, lt, li, game, social, learning, theory, behavior, evolutionary, evolution",4,0.8
1998-2002,Physics,0,"cooperation, evolutionary, game, strategy, games, dynamics, evolution, model, individuals, strategies",1,0.16666666666666666
1998-2002,Physics,2,"quantum, game, games, theory, strategies, players, information, classical, player, learning",5,0.8333333333333334
1998-2002,Political Science,0,"game, political, policy, theory, theoretic, model, party, voting, legislative, preferences",19,0.5428571428571428
1998-2002,Political Science,1,"game, cooperation, international, theory, model, strategic, strategies, protection, states, social",10,0.2857142857142857
1998-2002,Political Science,2,"bargaining, crisis, war, international, information, commitment, costs, audience, public, model",1,0.02857142857142857
1998-2002,Political Science,4,"pp, conflict, nepal, violence, state, rebel, government, rebels, political, groups",3,0.08571428571428572
1998-2002,Political Science,8,"power, shapley, indices, point, index, owen, sovs, strong, spatial, based",2,0.05714285714285714
1998-2002,Psychology,0,"evolutionary, government, game, theory, safety, governments, local, equilibrium, public, pattern",1,0.2
1998-2002,Psychology,1,"game, theory, social, cooperation, behavior, decision, strategies, model, individuals, information",4,0.8
1998-2002,Sociology,2,"commitment, game, strategy, social, actors, model, average, information, performance, interactions",3,1
1999-2003,Biology,0,"game, evolutionary, theory, cooperation, population, model, strategies, selection, strategy, evolution",32,0.9142857142857143
1999-2003,Biology,4,"plant, plants, height, water, growth, root, leaf, hydraulic, soil, trees",3,0.08571428571428572
1999-2003,Computer Science,0,"game, edge, cloud, users, computing, problem, mobile, proposed, equilibrium, nash",3,0.42857142857142855
1999-2003,Computer Science,2,"games, fuzzy, game, cooperative, theory, player, players, based, strategies, set",3,0.42857142857142855
1999-2003,Computer Science,4,"learning, game, reinforcement, control, based, games, marl, algorithm, equilibrium, multiagent",1,0.14285714285714285
1999-2003,Economics,0,"games, game, equilibrium, players, repeated, equilibria, theory, model, player, payoffs",24,0.7741935483870968
1999-2003,Economics,1,"firms, firm, market, product, equilibrium, model, competition, game, price, competitive",3,0.0967741935483871
1999-2003,Economics,4,"moral, norms, morality, trust, guilt, social, economic, theory, markets, ethics",2,0.06451612903225806
1999-2003,Economics,6,"inflation, bank, fiscal, central, monetary, targeting, policy, macroprudential, target, account",2,0.06451612903225806
1999-2003,Engineering and Technology,0,"game, networks, network, users, power, proposed, problem, algorithm, based, allocation",7,0.35
1999-2003,Engineering and Technology,1,"energy, market, power, game, electricity, based, demand, proposed, model, carbon",7,0.35
1999-2003,Engineering and Technology,2,"games, stochastic, game, agents, nash, equilibrium, players, control, time, dynamics",6,0.3
1999-2003,Geoscience,0,"evolutionary, government, carbon, game, green, enterprises, model, innovation, energy, development",1,0.5
1999-2003,Geoscience,3,"game, pollution, parking, traffic, lane, air, climate, model, based, changing",1,0.5
1999-2003,Health,1,"health, game, evolutionary, treatment, service, care, medical, patients, information, elderly",1,1
1999-2003,Humanities,2,"game, theoretic, word, pragmatics, optimality, intention, principles, model, meaning, interpretation",2,1
1999-2003,Management and OR,0,"supply, chain, model, retailer, channel, price, manufacturer, game, product, market",17,0.5666666666666667
1999-2003,Management and OR,1,"game, games, equilibrium, mml, players, model, stochastic, nash, problem, equilibria",3,0.1
1999-2003,Management and OR,2,"innovation, strategic, game, firms, theory, firm, research, technology, model, alliances",7,0.23333333333333334
1999-2003,Management and OR,3,"projects, game, project, government, evolutionary, public, construction, ppp, design, supervision",2,0.06666666666666667
1999-2003,Management and OR,7,"dea, dmus, efficiency, units, game, envelopment, approach, hospitals, internal, level",1,0.03333333333333333
1999-2003,Mathematics,0,"games, game, strategies, equilibrium, player, players, mml, theory, strategy, nash",15,0.9375
1999-2003,Mathematics,3,"reinsurance, risk, investment, optimal, variance, time, asset, consistent, insurance, insurer",1,0.0625
1999-2003,Other Professional Fields,0,"shipping, game, container, capacity, ports, strategy, expansion, port, speed, sharing",1,1
1999-2003,Other Social Sciences,1,"defender, security, attacker, risk, cyber, game, allocation, defense, attacks, model",1,0.16666666666666666
1999-2003,Other Social Sciences,2,"gt, lt, li, game, social, learning, theory, behavior, evolutionary, evolution",4,0.6666666666666666
1999-2003,Other Social Sciences,3,"theory, game, analysis, political, institutions, european, coopetition, economic, institutional, equilibrium",1,0.16666666666666666
1999-2003,Physics,0,"cooperation, evolutionary, game, strategy, games, dynamics, evolution, model, individuals, strategies",1,0.125
1999-2003,Physics,1,"game, energy, network, power, nodes, sensor, wireless, networks, algorithm, proposed",1,0.125
1999-2003,Physics,2,"quantum, game, games, theory, strategies, players, information, classical, player, learning",6,0.75
1999-2003,Political Science,0,"game, political, policy, theory, theoretic, model, party, voting, legislative, preferences",14,0.4375
1999-2003,Political Science,1,"game, cooperation, international, theory, model, strategic, strategies, protection, states, social",11,0.34375
1999-2003,Political Science,2,"bargaining, crisis, war, international, information, commitment, costs, audience, public, model",2,0.0625
1999-2003,Political Science,4,"pp, conflict, nepal, violence, state, rebel, government, rebels, political, groups",3,0.09375
1999-2003,Political Science,8,"power, shapley, indices, point, index, owen, sovs, strong, spatial, based",2,0.0625
1999-2003,Psychology,0,"evolutionary, government, game, theory, safety, governments, local, equilibrium, public, pattern",1,0.1
1999-2003,Psychology,1,"game, theory, social, cooperation, behavior, decision, strategies, model, individuals, information",9,0.9
1999-2003,Sociology,0,"game, theory, power, games, violence, micro, exchange, social, network, conflict",1,0.3333333333333333
1999-2003,Sociology,2,"commitment, game, strategy, social, actors, model, average, information, performance, interactions",2,0.6666666666666666
2000-2004,Biology,0,"game, evolutionary, theory, cooperation, population, model, strategies, selection, strategy, evolution",29,0.90625
2000-2004,Biology,2,"vaccination, disease, game, host, model, epidemic, evolutionary, dynamics, vaccine, control",1,0.03125
2000-2004,Biology,4,"plant, plants, height, water, growth, root, leaf, hydraulic, soil, trees",2,0.0625
2000-2004,Computer Science,0,"game, edge, cloud, users, computing, problem, mobile, proposed, equilibrium, nash",4,0.5
2000-2004,Computer Science,2,"games, fuzzy, game, cooperative, theory, player, players, based, strategies, set",2,0.25
2000-2004,Computer Science,4,"learning, game, reinforcement, control, based, games, marl, algorithm, equilibrium, multiagent",2,0.25
2000-2004,Economics,0,"games, game, equilibrium, players, repeated, equilibria, theory, model, player, payoffs",19,0.7916666666666666
2000-2004,Economics,1,"firms, firm, market, product, equilibrium, model, competition, game, price, competitive",2,0.08333333333333333
2000-2004,Economics,4,"moral, norms, morality, trust, guilt, social, economic, theory, markets, ethics",1,0.041666666666666664
2000-2004,Economics,6,"inflation, bank, fiscal, central, monetary, targeting, policy, macroprudential, target, account",2,0.08333333333333333
2000-2004,Engineering and Technology,0,"game, networks, network, users, power, proposed, problem, algorithm, based, allocation",8,0.27586206896551724
2000-2004,Engineering and Technology,1,"energy, market, power, game, electricity, based, demand, proposed, model, carbon",11,0.3793103448275862
2000-2004,Engineering and Technology,2,"games, stochastic, game, agents, nash, equilibrium, players, control, time, dynamics",9,0.3103448275862069
2000-2004,Engineering and Technology,4,"game, control, vehicle, driver, driving, vehicles, traffic, lane, strategy, based",1,0.034482758620689655
2000-2004,Geoscience,0,"evolutionary, government, carbon, game, green, enterprises, model, innovation, energy, development",1,1
2000-2004,Health,1,"health, game, evolutionary, treatment, service, care, medical, patients, information, elderly",1,1
2000-2004,Humanities,2,"game, theoretic, word, pragmatics, optimality, intention, principles, model, meaning, interpretation",2,1
2000-2004,Management and OR,0,"supply, chain, model, retailer, channel, price, manufacturer, game, product, market",20,0.6060606060606061
2000-2004,Management and OR,1,"game, games, equilibrium, mml, players, model, stochastic, nash, problem, equilibria",2,0.06060606060606061
2000-2004,Management and OR,2,"innovation, strategic, game, firms, theory, firm, research, technology, model, alliances",8,0.24242424242424243
2000-2004,Management and OR,3,"projects, game, project, government, evolutionary, public, construction, ppp, design, supervision",2,0.06060606060606061
2000-2004,Management and OR,7,"dea, dmus, efficiency, units, game, envelopment, approach, hospitals, internal, level",1,0.030303030303030304
2000-2004,Mathematics,0,"games, game, strategies, equilibrium, player, players, mml, theory, strategy, nash",14,0.875
2000-2004,Mathematics,1,"evolutionary, government, enterprises, game, innovation, model, mechanism, public, strategy, construction",1,0.0625
2000-2004,Mathematics,3,"reinsurance, risk, investment, optimal, variance, time, asset, consistent, insurance, insurer",1,0.0625
2000-2004,Other Professional Fields,0,"shipping, game, container, capacity, ports, strategy, expansion, port, speed, sharing",1,1
2000-2004,Other Social Sciences,1,"defender, security, attacker, risk, cyber, game, allocation, defense, attacks, model",1,0.16666666666666666
2000-2004,Other Social Sciences,2,"gt, lt, li, game, social, learning, theory, behavior, evolutionary, evolution",4,0.6666666666666666
2000-2004,Other Social Sciences,3,"theory, game, analysis, political, institutions, european, coopetition, economic, institutional, equilibrium",1,0.16666666666666666
2000-2004,Physics,0,"cooperation, evolutionary, game, strategy, games, dynamics, evolution, model, individuals, strategies",3,0.21428571428571427
2000-2004,Physics,1,"game, energy, network, power, nodes, sensor, wireless, networks, algorithm, proposed",1,0.07142857142857142
2000-2004,Physics,2,"quantum, game, games, theory, strategies, players, information, classical, player, learning",10,0.7142857142857143
2000-2004,Political Science,0,"game, political, policy, theory, theoretic, model, party, voting, legislative, preferences",10,0.43478260869565216
2000-2004,Political Science,1,"game, cooperation, international, theory, model, strategic, strategies, protection, states, social",7,0.30434782608695654
2000-2004,Political Science,2,"bargaining, crisis, war, international, information, commitment, costs, audience, public, model",2,0.08695652173913043
2000-2004,Political Science,4,"pp, conflict, nepal, violence, state, rebel, government, rebels, political, groups",3,0.13043478260869565
2000-2004,Political Science,8,"power, shapley, indices, point, index, owen, sovs, strong, spatial, based",1,0.043478260869565216
2000-2004,Psychology,0,"evolutionary, government, game, theory, safety, governments, local, equilibrium, public, pattern",1,0.1111111111111111
2000-2004,Psychology,1,"game, theory, social, cooperation, behavior, decision, strategies, model, individuals, information",8,0.8888888888888888
2000-2004,Sociology,0,"game, theory, power, games, violence, micro, exchange, social, network, conflict",2,0.6666666666666666
2000-2004,Sociology,2,"commitment, game, strategy, social, actors, model, average, information, performance, interactions",1,0.3333333333333333
2001-2005,Biology,0,"game, evolutionary, theory, cooperation, population, model, strategies, selection, strategy, evolution",28,0.875
2001-2005,Biology,2,"vaccination, disease, game, host, model, epidemic, evolutionary, dynamics, vaccine, control",3,0.09375
2001-2005,Biology,4,"plant, plants, height, water, growth, root, leaf, hydraulic, soil, trees",1,0.03125
2001-2005,Computer Science,0,"game, edge, cloud, users, computing, problem, mobile, proposed, equilibrium, nash",5,0.38461538461538464
2001-2005,Computer Science,1,"game, government, energy, supply, market, evolutionary, model, strategy, chain, study",1,0.07692307692307693
2001-2005,Computer Science,2,"games, fuzzy, game, cooperative, theory, player, players, based, strategies, set",5,0.38461538461538464
2001-2005,Computer Science,3,"attack, defense, game, security, model, attacks, network, strategy, based, blockchain",1,0.07692307692307693
2001-2005,Computer Science,4,"learning, game, reinforcement, control, based, games, marl, algorithm, equilibrium, multiagent",1,0.07692307692307693
2001-2005,Economics,0,"games, game, equilibrium, players, repeated, equilibria, theory, model, player, payoffs",23,0.7666666666666667
2001-2005,Economics,1,"firms, firm, market, product, equilibrium, model, competition, game, price, competitive",2,0.06666666666666667
2001-2005,Economics,4,"moral, norms, morality, trust, guilt, social, economic, theory, markets, ethics",2,0.06666666666666667
2001-2005,Economics,6,"inflation, bank, fiscal, central, monetary, targeting, policy, macroprudential, target, account",2,0.06666666666666667
2001-2005,Economics,8,"douglas, cobb, arrow, cowles, production, research, data, economics, economic, function",1,0.03333333333333333
2001-2005,Engineering and Technology,0,"game, networks, network, users, power, proposed, problem, algorithm, based, allocation",15,0.42857142857142855
2001-2005,Engineering and Technology,1,"energy, market, power, game, electricity, based, demand, proposed, model, carbon",9,0.2571428571428571
2001-2005,Engineering and Technology,2,"games, stochastic, game, agents, nash, equilibrium, players, control, time, dynamics",9,0.2571428571428571
2001-2005,Engineering and Technology,4,"game, control, vehicle, driver, driving, vehicles, traffic, lane, strategy, based",1,0.02857142857142857
2001-2005,Engineering and Technology,6,"evolutionary, knowledge, design, game, project, model, theory, decision, value, projects",1,0.02857142857142857
2001-2005,Geoscience,0,"evolutionary, government, carbon, game, green, enterprises, model, innovation, energy, development",1,0.5
2001-2005,Geoscience,2,"water, cooperative, river, basin, resources, ecological, game, compensation, allocation, decision",1,0.5
2001-2005,Health,1,"health, game, evolutionary, treatment, service, care, medical, patients, information, elderly",1,1
2001-2005,Humanities,2,"game, theoretic, word, pragmatics, optimality, intention, principles, model, meaning, interpretation",1,1
2001-2005,Management and OR,0,"supply, chain, model, retailer, channel, price, manufacturer, game, product, market",26,0.7222222222222222
2001-2005,Management and OR,1,"game, games, equilibrium, mml, players, model, stochastic, nash, problem, equilibria",1,0.027777777777777776
2001-2005,Management and OR,2,"innovation, strategic, game, firms, theory, firm, research, technology, model, alliances",6,0.16666666666666666
2001-2005,Management and OR,3,"projects, game, project, government, evolutionary, public, construction, ppp, design, supervision",2,0.05555555555555555
2001-2005,Management and OR,6,"team, decision, group, mediation, framing, members, consensus, committee, game, solution",1,0.027777777777777776
2001-2005,Mathematics,0,"games, game, strategies, equilibrium, player, players, mml, theory, strategy, nash",14,0.8235294117647058
2001-2005,Mathematics,1,"evolutionary, government, enterprises, game, innovation, model, mechanism, public, strategy, construction",1,0.058823529411764705
2001-2005,Mathematics,3,"reinsurance, risk, investment, optimal, variance, time, asset, consistent, insurance, insurer",1,0.058823529411764705
2001-2005,Mathematics,4,"queueing, queue, customers, traffic, server, research, patients, operations, university, equilibrium",1,0.058823529411764705
2001-2005,Medicine,3,"game, theory, patient, knowledge, cooperation, strategy, care, medical, decision, management",3,1
2001-2005,Other Professional Fields,0,"shipping, game, container, capacity, ports, strategy, expansion, port, speed, sharing",1,0.25
2001-2005,Other Professional Fields,5,"model, product, market, content, firms, free, blockchain, behavior, service, products",3,0.75
2001-2005,Other Social Sciences,1,"defender, security, attacker, risk, cyber, game, allocation, defense, attacks, model",1,0.16666666666666666
2001-2005,Other Social Sciences,2,"gt, lt, li, game, social, learning, theory, behavior, evolutionary, evolution",4,0.6666666666666666
2001-2005,Other Social Sciences,3,"theory, game, analysis, political, institutions, european, coopetition, economic, institutional, equilibrium",1,0.16666666666666666
2001-2005,Physics,0,"cooperation, evolutionary, game, strategy, games, dynamics, evolution, model, individuals, strategies",4,0.26666666666666666
2001-2005,Physics,1,"game, energy, network, power, nodes, sensor, wireless, networks, algorithm, proposed",1,0.06666666666666667
2001-2005,Physics,2,"quantum, game, games, theory, strategies, players, information, classical, player, learning",10,0.6666666666666666
2001-2005,Political Science,0,"game, political, policy, theory, theoretic, model, party, voting, legislative, preferences",10,0.47619047619047616
2001-2005,Political Science,1,"game, cooperation, international, theory, model, strategic, strategies, protection, states, social",4,0.19047619047619047
2001-2005,Political Science,2,"bargaining, crisis, war, international, information, commitment, costs, audience, public, model",3,0.14285714285714285
2001-2005,Political Science,4,"pp, conflict, nepal, violence, state, rebel, government, rebels, political, groups",3,0.14285714285714285
2001-2005,Political Science,8,"power, shapley, indices, point, index, owen, sovs, strong, spatial, based",1,0.047619047619047616
2001-2005,Psychology,0,"evolutionary, government, game, theory, safety, governments, local, equilibrium, public, pattern",1,0.08333333333333333
2001-2005,Psychology,1,"game, theory, social, cooperation, behavior, decision, strategies, model, individuals, information",11,0.9166666666666666
2001-2005,Sociology,0,"game, theory, power, games, violence, micro, exchange, social, network, conflict",5,0.8333333333333334
2001-2005,Sociology,2,"commitment, game, strategy, social, actors, model, average, information, performance, interactions",1,0.16666666666666666
2002-2006,Biology,0,"game, evolutionary, theory, cooperation, population, model, strategies, selection, strategy, evolution",31,0.8857142857142857
2002-2006,Biology,2,"vaccination, disease, game, host, model, epidemic, evolutionary, dynamics, vaccine, control",3,0.08571428571428572
2002-2006,Biology,4,"plant, plants, height, water, growth, root, leaf, hydraulic, soil, trees",1,0.02857142857142857
2002-2006,Computer Science,0,"game, edge, cloud, users, computing, problem, mobile, proposed, equilibrium, nash",8,0.47058823529411764
2002-2006,Computer Science,1,"game, government, energy, supply, market, evolutionary, model, strategy, chain, study",1,0.058823529411764705
2002-2006,Computer Science,2,"games, fuzzy, game, cooperative, theory, player, players, based, strategies, set",6,0.35294117647058826
2002-2006,Computer Science,3,"attack, defense, game, security, model, attacks, network, strategy, based, blockchain",1,0.058823529411764705
2002-2006,Computer Science,4,"learning, game, reinforcement, control, based, games, marl, algorithm, equilibrium, multiagent",1,0.058823529411764705
2002-2006,Economics,0,"games, game, equilibrium, players, repeated, equilibria, theory, model, player, payoffs",23,0.7931034482758621
2002-2006,Economics,1,"firms, firm, market, product, equilibrium, model, competition, game, price, competitive",2,0.06896551724137931
2002-2006,Economics,4,"moral, norms, morality, trust, guilt, social, economic, theory, markets, ethics",1,0.034482758620689655
2002-2006,Economics,6,"inflation, bank, fiscal, central, monetary, targeting, policy, macroprudential, target, account",1,0.034482758620689655
2002-2006,Economics,8,"douglas, cobb, arrow, cowles, production, research, data, economics, economic, function",2,0.06896551724137931
2002-2006,Engineering and Technology,0,"game, networks, network, users, power, proposed, problem, algorithm, based, allocation",19,0.4523809523809524
2002-2006,Engineering and Technology,1,"energy, market, power, game, electricity, based, demand, proposed, model, carbon",11,0.2619047619047619
2002-2006,Engineering and Technology,2,"games, stochastic, game, agents, nash, equilibrium, players, control, time, dynamics",8,0.19047619047619047
2002-2006,Engineering and Technology,4,"game, control, vehicle, driver, driving, vehicles, traffic, lane, strategy, based",2,0.047619047619047616
2002-2006,Engineering and Technology,5,"supply, chain, manufacturer, product, supplier, retailer, advertising, retailers, model, products",1,0.023809523809523808
2002-2006,Engineering and Technology,6,"evolutionary, knowledge, design, game, project, model, theory, decision, value, projects",1,0.023809523809523808
2002-2006,Geoscience,0,"evolutionary, government, carbon, game, green, enterprises, model, innovation, energy, development",1,0.3333333333333333
2002-2006,Geoscience,2,"water, cooperative, river, basin, resources, ecological, game, compensation, allocation, decision",1,0.3333333333333333
2002-2006,Geoscience,3,"game, pollution, parking, traffic, lane, air, climate, model, based, changing",1,0.3333333333333333
2002-2006,Humanities,1,"social, capital, individuals, putnam, theory, game, action, al, et, trust",1,0.5
2002-2006,Humanities,2,"game, theoretic, word, pragmatics, optimality, intention, principles, model, meaning, interpretation",1,0.5
2002-2006,Management and OR,0,"supply, chain, model, retailer, channel, price, manufacturer, game, product, market",27,0.7297297297297297
2002-2006,Management and OR,1,"game, games, equilibrium, mml, players, model, stochastic, nash, problem, equilibria",1,0.02702702702702703
2002-2006,Management and OR,2,"innovation, strategic, game, firms, theory, firm, research, technology, model, alliances",5,0.13513513513513514
2002-2006,Management and OR,3,"projects, game, project, government, evolutionary, public, construction, ppp, design, supervision",2,0.05405405405405406
2002-2006,Management and OR,5,"traffic, bus, congestion, lane, game, passengers, vehicles, route, transportation, driver",1,0.02702702702702703
2002-2006,Management and OR,6,"team, decision, group, mediation, framing, members, consensus, committee, game, solution",1,0.02702702702702703
2002-2006,Mathematics,0,"games, game, strategies, equilibrium, player, players, mml, theory, strategy, nash",20,0.8695652173913043
2002-2006,Mathematics,1,"evolutionary, government, enterprises, game, innovation, model, mechanism, public, strategy, construction",1,0.043478260869565216
2002-2006,Mathematics,3,"reinsurance, risk, investment, optimal, variance, time, asset, consistent, insurance, insurer",1,0.043478260869565216
2002-2006,Mathematics,4,"queueing, queue, customers, traffic, server, research, patients, operations, university, equilibrium",1,0.043478260869565216
2002-2006,Medicine,3,"game, theory, patient, knowledge, cooperation, strategy, care, medical, decision, management",3,1
2002-2006,Other Professional Fields,0,"shipping, game, container, capacity, ports, strategy, expansion, port, speed, sharing",1,0.25
2002-2006,Other Professional Fields,5,"model, product, market, content, firms, free, blockchain, behavior, service, products",3,0.75
2002-2006,Other Social Sciences,1,"defender, security, attacker, risk, cyber, game, allocation, defense, attacks, model",1,0.16666666666666666
2002-2006,Other Social Sciences,2,"gt, lt, li, game, social, learning, theory, behavior, evolutionary, evolution",4,0.6666666666666666
2002-2006,Other Social Sciences,3,"theory, game, analysis, political, institutions, european, coopetition, economic, institutional, equilibrium",1,0.16666666666666666
2002-2006,Physics,0,"cooperation, evolutionary, game, strategy, games, dynamics, evolution, model, individuals, strategies",9,0.47368421052631576
2002-2006,Physics,1,"game, energy, network, power, nodes, sensor, wireless, networks, algorithm, proposed",1,0.05263157894736842
2002-2006,Physics,2,"quantum, game, games, theory, strategies, players, information, classical, player, learning",9,0.47368421052631576
2002-2006,Political Science,0,"game, political, policy, theory, theoretic, model, party, voting, legislative, preferences",9,0.5625
2002-2006,Political Science,1,"game, cooperation, international, theory, model, strategic, strategies, protection, states, social",1,0.0625
2002-2006,Political Science,2,"bargaining, crisis, war, international, information, commitment, costs, audience, public, model",2,0.125
2002-2006,Political Science,4,"pp, conflict, nepal, violence, state, rebel, government, rebels, political, groups",2,0.125
2002-2006,Political Science,6,"rationality, peace, war, models, rapoport, value, machines, theory, systems, field",1,0.0625
2002-2006,Political Science,8,"power, shapley, indices, point, index, owen, sovs, strong, spatial, based",1,0.0625
2002-2006,Psychology,0,"evolutionary, government, game, theory, safety, governments, local, equilibrium, public, pattern",1,0.08333333333333333
2002-2006,Psychology,1,"game, theory, social, cooperation, behavior, decision, strategies, model, individuals, information",11,0.9166666666666666
2002-2006,Sociology,0,"game, theory, power, games, violence, micro, exchange, social, network, conflict",9,0.9
2002-2006,Sociology,2,"commitment, game, strategy, social, actors, model, average, information, performance, interactions",1,0.1
2003-2007,Biology,0,"game, evolutionary, theory, cooperation, population, model, strategies, selection, strategy, evolution",29,0.7631578947368421
2003-2007,Biology,2,"vaccination, disease, game, host, model, epidemic, evolutionary, dynamics, vaccine, control",4,0.10526315789473684
2003-2007,Biology,3,"management, game, based, model, nash, theory, fisheries, cooperative, energy, fishers",3,0.07894736842105263
2003-2007,Biology,4,"plant, plants, height, water, growth, root, leaf, hydraulic, soil, trees",2,0.05263157894736842
2003-2007,Computer Science,0,"game, edge, cloud, users, computing, problem, mobile, proposed, equilibrium, nash",12,0.5217391304347826
2003-2007,Computer Science,1,"game, government, energy, supply, market, evolutionary, model, strategy, chain, study",2,0.08695652173913043
2003-2007,Computer Science,2,"games, fuzzy, game, cooperative, theory, player, players, based, strategies, set",6,0.2608695652173913
2003-2007,Computer Science,3,"attack, defense, game, security, model, attacks, network, strategy, based, blockchain",1,0.043478260869565216
2003-2007,Computer Science,4,"learning, game, reinforcement, control, based, games, marl, algorithm, equilibrium, multiagent",2,0.08695652173913043
2003-2007,Economics,0,"games, game, equilibrium, players, repeated, equilibria, theory, model, player, payoffs",27,0.6136363636363636
2003-2007,Economics,1,"firms, firm, market, product, equilibrium, model, competition, game, price, competitive",9,0.20454545454545456
2003-2007,Economics,2,"countries, international, trade, game, climate, environmental, power, market, global, model",2,0.045454545454545456
2003-2007,Economics,4,"moral, norms, morality, trust, guilt, social, economic, theory, markets, ethics",2,0.045454545454545456
2003-2007,Economics,6,"inflation, bank, fiscal, central, monetary, targeting, policy, macroprudential, target, account",1,0.022727272727272728
2003-2007,Economics,7,"gm, household, efficiency, households, wives, husbands, allocation, agricultural, crops, income",1,0.022727272727272728
2003-2007,Economics,8,"douglas, cobb, arrow, cowles, production, research, data, economics, economic, function",2,0.045454545454545456
2003-2007,Engineering and Technology,0,"game, networks, network, users, power, proposed, problem, algorithm, based, allocation",25,0.43859649122807015
2003-2007,Engineering and Technology,1,"energy, market, power, game, electricity, based, demand, proposed, model, carbon",14,0.24561403508771928
2003-2007,Engineering and Technology,2,"games, stochastic, game, agents, nash, equilibrium, players, control, time, dynamics",11,0.19298245614035087
2003-2007,Engineering and Technology,3,"game, data, attacks, model, defense, security, based, privacy, attack, cyber",2,0.03508771929824561
2003-2007,Engineering and Technology,4,"game, control, vehicle, driver, driving, vehicles, traffic, lane, strategy, based",3,0.05263157894736842
2003-2007,Engineering and Technology,5,"supply, chain, manufacturer, product, supplier, retailer, advertising, retailers, model, products",1,0.017543859649122806
2003-2007,Engineering and Technology,6,"evolutionary, knowledge, design, game, project, model, theory, decision, value, projects",1,0.017543859649122806
2003-2007,Geoscience,0,"evolutionary, government, carbon, game, green, enterprises, model, innovation, energy, development",1,0.3333333333333333
2003-2007,Geoscience,2,"water, cooperative, river, basin, resources, ecological, game, compensation, allocation, decision",1,0.3333333333333333
2003-2007,Geoscience,3,"game, pollution, parking, traffic, lane, air, climate, model, based, changing",1,0.3333333333333333
2003-2007,Humanities,1,"social, capital, individuals, putnam, theory, game, action, al, et, trust",1,0.5
2003-2007,Humanities,2,"game, theoretic, word, pragmatics, optimality, intention, principles, model, meaning, interpretation",1,0.5
2003-2007,Management and OR,0,"supply, chain, model, retailer, channel, price, manufacturer, game, product, market",22,0.5365853658536586
2003-2007,Management and OR,1,"game, games, equilibrium, mml, players, model, stochastic, nash, problem, equilibria",7,0.17073170731707318
2003-2007,Management and OR,2,"innovation, strategic, game, firms, theory, firm, research, technology, model, alliances",8,0.1951219512195122
2003-2007,Management and OR,5,"traffic, bus, congestion, lane, game, passengers, vehicles, route, transportation, driver",1,0.024390243902439025
2003-2007,Management and OR,6,"team, decision, group, mediation, framing, members, consensus, committee, game, solution",3,0.07317073170731707
2003-2007,Mathematics,0,"games, game, strategies, equilibrium, player, players, mml, theory, strategy, nash",24,0.9230769230769231
2003-2007,Mathematics,1,"evolutionary, government, enterprises, game, innovation, model, mechanism, public, strategy, construction",1,0.038461538461538464
2003-2007,Mathematics,4,"queueing, queue, customers, traffic, server, research, patients, operations, university, equilibrium",1,0.038461538461538464
2003-2007,Medicine,2,"games, game, social, choice, learning, human, cooperation, cooperative, participants, behavior",1,0.25
2003-2007,Medicine,3,"game, theory, patient, knowledge, cooperation, strategy, care, medical, decision, management",3,0.75
2003-2007,Other Professional Fields,3,"traffic, approach, game, making, problem, education, decision, toll, government, assignment",1,0.25
2003-2007,Other Professional Fields,5,"model, product, market, content, firms, free, blockchain, behavior, service, products",3,0.75
2003-2007,Other Social Sciences,2,"gt, lt, li, game, social, learning, theory, behavior, evolutionary, evolution",4,0.8
2003-2007,Other Social Sciences,3,"theory, game, analysis, political, institutions, european, coopetition, economic, institutional, equilibrium",1,0.2
2003-2007,Physics,0,"cooperation, evolutionary, game, strategy, games, dynamics, evolution, model, individuals, strategies",10,0.4
2003-2007,Physics,1,"game, energy, network, power, nodes, sensor, wireless, networks, algorithm, proposed",4,0.16
2003-2007,Physics,2,"quantum, game, games, theory, strategies, players, information, classical, player, learning",10,0.4
2003-2007,Physics,3,"pedestrians, evacuation, traffic, pedestrian, flow, lane, model, game, room, agents",1,0.04
2003-2007,Political Science,0,"game, political, policy, theory, theoretic, model, party, voting, legislative, preferences",6,0.46153846153846156
2003-2007,Political Science,1,"game, cooperation, international, theory, model, strategic, strategies, protection, states, social",2,0.15384615384615385
2003-2007,Political Science,2,"bargaining, crisis, war, international, information, commitment, costs, audience, public, model",3,0.23076923076923078
2003-2007,Political Science,6,"rationality, peace, war, models, rapoport, value, machines, theory, systems, field",1,0.07692307692307693
2003-2007,Political Science,8,"power, shapley, indices, point, index, owen, sovs, strong, spatial, based",1,0.07692307692307693
2003-2007,Psychology,1,"game, theory, social, cooperation, behavior, decision, strategies, model, individuals, information",15,1
2003-2007,Sociology,0,"game, theory, power, games, violence, micro, exchange, social, network, conflict",10,0.7692307692307693
2003-2007,Sociology,2,"commitment, game, strategy, social, actors, model, average, information, performance, interactions",3,0.23076923076923078
2004-2008,Biology,0,"game, evolutionary, theory, cooperation, population, model, strategies, selection, strategy, evolution",29,0.725
2004-2008,Biology,2,"vaccination, disease, game, host, model, epidemic, evolutionary, dynamics, vaccine, control",6,0.15
2004-2008,Biology,3,"management, game, based, model, nash, theory, fisheries, cooperative, energy, fishers",3,0.075
2004-2008,Biology,4,"plant, plants, height, water, growth, root, leaf, hydraulic, soil, trees",2,0.05
2004-2008,Computer Science,0,"game, edge, cloud, users, computing, problem, mobile, proposed, equilibrium, nash",13,0.48148148148148145
2004-2008,Computer Science,1,"game, government, energy, supply, market, evolutionary, model, strategy, chain, study",1,0.037037037037037035
2004-2008,Computer Science,2,"games, fuzzy, game, cooperative, theory, player, players, based, strategies, set",8,0.2962962962962963
2004-2008,Computer Science,3,"attack, defense, game, security, model, attacks, network, strategy, based, blockchain",1,0.037037037037037035
2004-2008,Computer Science,4,"learning, game, reinforcement, control, based, games, marl, algorithm, equilibrium, multiagent",4,0.14814814814814814
2004-2008,Economics,0,"games, game, equilibrium, players, repeated, equilibria, theory, model, player, payoffs",28,0.5957446808510638
2004-2008,Economics,1,"firms, firm, market, product, equilibrium, model, competition, game, price, competitive",11,0.23404255319148937
2004-2008,Economics,2,"countries, international, trade, game, climate, environmental, power, market, global, model",3,0.06382978723404255
2004-2008,Economics,4,"moral, norms, morality, trust, guilt, social, economic, theory, markets, ethics",2,0.0425531914893617
2004-2008,Economics,7,"gm, household, efficiency, households, wives, husbands, allocation, agricultural, crops, income",1,0.02127659574468085
2004-2008,Economics,8,"douglas, cobb, arrow, cowles, production, research, data, economics, economic, function",2,0.0425531914893617
2004-2008,Engineering and Technology,0,"game, networks, network, users, power, proposed, problem, algorithm, based, allocation",48,0.5853658536585366
2004-2008,Engineering and Technology,1,"energy, market, power, game, electricity, based, demand, proposed, model, carbon",11,0.13414634146341464
2004-2008,Engineering and Technology,2,"games, stochastic, game, agents, nash, equilibrium, players, control, time, dynamics",11,0.13414634146341464
2004-2008,Engineering and Technology,3,"game, data, attacks, model, defense, security, based, privacy, attack, cyber",4,0.04878048780487805
2004-2008,Engineering and Technology,4,"game, control, vehicle, driver, driving, vehicles, traffic, lane, strategy, based",4,0.04878048780487805
2004-2008,Engineering and Technology,5,"supply, chain, manufacturer, product, supplier, retailer, advertising, retailers, model, products",1,0.012195121951219513
2004-2008,Engineering and Technology,6,"evolutionary, knowledge, design, game, project, model, theory, decision, value, projects",3,0.036585365853658534
2004-2008,Geoscience,2,"water, cooperative, river, basin, resources, ecological, game, compensation, allocation, decision",2,0.6666666666666666
2004-2008,Geoscience,3,"game, pollution, parking, traffic, lane, air, climate, model, based, changing",1,0.3333333333333333
2004-2008,Humanities,0,"games, accessed, http, www, com, 2008, narrative, play, 2007, april",1,0.5
2004-2008,Humanities,1,"social, capital, individuals, putnam, theory, game, action, al, et, trust",1,0.5
2004-2008,Management and OR,0,"supply, chain, model, retailer, channel, price, manufacturer, game, product, market",23,0.5227272727272727
2004-2008,Management and OR,1,"game, games, equilibrium, mml, players, model, stochastic, nash, problem, equilibria",11,0.25
2004-2008,Management and OR,2,"innovation, strategic, game, firms, theory, firm, research, technology, model, alliances",6,0.13636363636363635
2004-2008,Management and OR,5,"traffic, bus, congestion, lane, game, passengers, vehicles, route, transportation, driver",1,0.022727272727272728
2004-2008,Management and OR,6,"team, decision, group, mediation, framing, members, consensus, committee, game, solution",3,0.06818181818181818
2004-2008,Mathematics,0,"games, game, strategies, equilibrium, player, players, mml, theory, strategy, nash",35,0.9210526315789473
2004-2008,Mathematics,1,"evolutionary, government, enterprises, game, innovation, model, mechanism, public, strategy, construction",1,0.02631578947368421
2004-2008,Mathematics,2,"supply, chain, manufacturer, retailer, green, price, pricing, product, fairness, decisions",1,0.02631578947368421
2004-2008,Mathematics,4,"queueing, queue, customers, traffic, server, research, patients, operations, university, equilibrium",1,0.02631578947368421
2004-2008,Medicine,2,"games, game, social, choice, learning, human, cooperation, cooperative, participants, behavior",2,0.4
2004-2008,Medicine,3,"game, theory, patient, knowledge, cooperation, strategy, care, medical, decision, management",3,0.6
2004-2008,Other Professional Fields,1,"game, tourism, tscs, hotels, chains, supply, competition, sectors, profits, information",1,0.125
2004-2008,Other Professional Fields,2,"game, play, video, group, groups, theory, students, research, experiment, games",2,0.25
2004-2008,Other Professional Fields,3,"traffic, approach, game, making, problem, education, decision, toll, government, assignment",1,0.125
2004-2008,Other Professional Fields,4,"outsourcing, information, security, theory, strategic, relational, motivations, decision, core, case",1,0.125
2004-2008,Other Professional Fields,5,"model, product, market, content, firms, free, blockchain, behavior, service, products",3,0.375
2004-2008,Other Social Sciences,2,"gt, lt, li, game, social, learning, theory, behavior, evolutionary, evolution",5,0.8333333333333334
2004-2008,Other Social Sciences,3,"theory, game, analysis, political, institutions, european, coopetition, economic, institutional, equilibrium",1,0.16666666666666666
2004-2008,Physics,0,"cooperation, evolutionary, game, strategy, games, dynamics, evolution, model, individuals, strategies",13,0.41935483870967744
2004-2008,Physics,1,"game, energy, network, power, nodes, sensor, wireless, networks, algorithm, proposed",8,0.25806451612903225
2004-2008,Physics,2,"quantum, game, games, theory, strategies, players, information, classical, player, learning",9,0.2903225806451613
2004-2008,Physics,3,"pedestrians, evacuation, traffic, pedestrian, flow, lane, model, game, room, agents",1,0.03225806451612903
2004-2008,Political Science,0,"game, political, policy, theory, theoretic, model, party, voting, legislative, preferences",12,0.5217391304347826
2004-2008,Political Science,1,"game, cooperation, international, theory, model, strategic, strategies, protection, states, social",4,0.17391304347826086
2004-2008,Political Science,2,"bargaining, crisis, war, international, information, commitment, costs, audience, public, model",4,0.17391304347826086
2004-2008,Political Science,4,"pp, conflict, nepal, violence, state, rebel, government, rebels, political, groups",1,0.043478260869565216
2004-2008,Political Science,6,"rationality, peace, war, models, rapoport, value, machines, theory, systems, field",1,0.043478260869565216
2004-2008,Political Science,8,"power, shapley, indices, point, index, owen, sovs, strong, spatial, based",1,0.043478260869565216
2004-2008,Psychology,1,"game, theory, social, cooperation, behavior, decision, strategies, model, individuals, information",12,1
2004-2008,Sociology,0,"game, theory, power, games, violence, micro, exchange, social, network, conflict",9,0.75
2004-2008,Sociology,2,"commitment, game, strategy, social, actors, model, average, information, performance, interactions",3,0.25
2005-2009,Biology,0,"game, evolutionary, theory, cooperation, population, model, strategies, selection, strategy, evolution",33,0.7333333333333333
2005-2009,Biology,2,"vaccination, disease, game, host, model, epidemic, evolutionary, dynamics, vaccine, control",7,0.15555555555555556
2005-2009,Biology,3,"management, game, based, model, nash, theory, fisheries, cooperative, energy, fishers",3,0.06666666666666667
2005-2009,Biology,4,"plant, plants, height, water, growth, root, leaf, hydraulic, soil, trees",2,0.044444444444444446
2005-2009,Computer Science,0,"game, edge, cloud, users, computing, problem, mobile, proposed, equilibrium, nash",17,0.40476190476190477
2005-2009,Computer Science,1,"game, government, energy, supply, market, evolutionary, model, strategy, chain, study",3,0.07142857142857142
2005-2009,Computer Science,2,"games, fuzzy, game, cooperative, theory, player, players, based, strategies, set",16,0.38095238095238093
2005-2009,Computer Science,3,"attack, defense, game, security, model, attacks, network, strategy, based, blockchain",1,0.023809523809523808
2005-2009,Computer Science,4,"learning, game, reinforcement, control, based, games, marl, algorithm, equilibrium, multiagent",5,0.11904761904761904
2005-2009,Economics,0,"games, game, equilibrium, players, repeated, equilibria, theory, model, player, payoffs",33,0.5892857142857143
2005-2009,Economics,1,"firms, firm, market, product, equilibrium, model, competition, game, price, competitive",12,0.21428571428571427
2005-2009,Economics,2,"countries, international, trade, game, climate, environmental, power, market, global, model",5,0.08928571428571429
2005-2009,Economics,4,"moral, norms, morality, trust, guilt, social, economic, theory, markets, ethics",3,0.05357142857142857
2005-2009,Economics,7,"gm, household, efficiency, households, wives, husbands, allocation, agricultural, crops, income",1,0.017857142857142856
2005-2009,Economics,8,"douglas, cobb, arrow, cowles, production, research, data, economics, economic, function",2,0.03571428571428571
2005-2009,Engineering and Technology,0,"game, networks, network, users, power, proposed, problem, algorithm, based, allocation",67,0.7204301075268817
2005-2009,Engineering and Technology,1,"energy, market, power, game, electricity, based, demand, proposed, model, carbon",8,0.08602150537634409
2005-2009,Engineering and Technology,2,"games, stochastic, game, agents, nash, equilibrium, players, control, time, dynamics",6,0.06451612903225806
2005-2009,Engineering and Technology,3,"game, data, attacks, model, defense, security, based, privacy, attack, cyber",5,0.053763440860215055
2005-2009,Engineering and Technology,4,"game, control, vehicle, driver, driving, vehicles, traffic, lane, strategy, based",3,0.03225806451612903
2005-2009,Engineering and Technology,5,"supply, chain, manufacturer, product, supplier, retailer, advertising, retailers, model, products",1,0.010752688172043012
2005-2009,Engineering and Technology,6,"evolutionary, knowledge, design, game, project, model, theory, decision, value, projects",3,0.03225806451612903
2005-2009,Geoscience,2,"water, cooperative, river, basin, resources, ecological, game, compensation, allocation, decision",2,0.6666666666666666
2005-2009,Geoscience,3,"game, pollution, parking, traffic, lane, air, climate, model, based, changing",1,0.3333333333333333
2005-2009,Humanities,0,"games, accessed, http, www, com, 2008, narrative, play, 2007, april",1,0.25
2005-2009,Humanities,1,"social, capital, individuals, putnam, theory, game, action, al, et, trust",3,0.75
2005-2009,Management and OR,0,"supply, chain, model, retailer, channel, price, manufacturer, game, product, market",30,0.46153846153846156
2005-2009,Management and OR,1,"game, games, equilibrium, mml, players, model, stochastic, nash, problem, equilibria",16,0.24615384615384617
2005-2009,Management and OR,2,"innovation, strategic, game, firms, theory, firm, research, technology, model, alliances",10,0.15384615384615385
2005-2009,Management and OR,3,"projects, game, project, government, evolutionary, public, construction, ppp, design, supervision",1,0.015384615384615385
2005-2009,Management and OR,4,"carbon, energy, emission, government, emissions, low, game, green, evolutionary, environmental",1,0.015384615384615385
2005-2009,Management and OR,5,"traffic, bus, congestion, lane, game, passengers, vehicles, route, transportation, driver",1,0.015384615384615385
2005-2009,Management and OR,6,"team, decision, group, mediation, framing, members, consensus, committee, game, solution",6,0.09230769230769231
2005-2009,Mathematics,0,"games, game, strategies, equilibrium, player, players, mml, theory, strategy, nash",38,0.926829268292683
2005-2009,Mathematics,2,"supply, chain, manufacturer, retailer, green, price, pricing, product, fairness, decisions",1,0.024390243902439025
2005-2009,Mathematics,4,"queueing, queue, customers, traffic, server, research, patients, operations, university, equilibrium",2,0.04878048780487805
2005-2009,Medicine,1,"vaccination, control, disease, population, attack, coverage, security, vaccine, optimal, systems",1,0.16666666666666666
2005-2009,Medicine,2,"games, game, social, choice, learning, human, cooperation, cooperative, participants, behavior",3,0.5
2005-2009,Medicine,3,"game, theory, patient, knowledge, cooperation, strategy, care, medical, decision, management",2,0.3333333333333333
2005-2009,Other Professional Fields,1,"game, tourism, tscs, hotels, chains, supply, competition, sectors, profits, information",1,0.09090909090909091
2005-2009,Other Professional Fields,2,"game, play, video, group, groups, theory, students, research, experiment, games",2,0.18181818181818182
2005-2009,Other Professional Fields,3,"traffic, approach, game, making, problem, education, decision, toll, government, assignment",1,0.09090909090909091
2005-2009,Other Professional Fields,4,"outsourcing, information, security, theory, strategic, relational, motivations, decision, core, case",2,0.18181818181818182
2005-2009,Other Professional Fields,5,"model, product, market, content, firms, free, blockchain, behavior, service, products",5,0.45454545454545453
2005-2009,Other Social Sciences,1,"defender, security, attacker, risk, cyber, game, allocation, defense, attacks, model",1,0.125
2005-2009,Other Social Sciences,2,"gt, lt, li, game, social, learning, theory, behavior, evolutionary, evolution",5,0.625
2005-2009,Other Social Sciences,3,"theory, game, analysis, political, institutions, european, coopetition, economic, institutional, equilibrium",2,0.25
2005-2009,Physics,0,"cooperation, evolutionary, game, strategy, games, dynamics, evolution, model, individuals, strategies",20,0.45454545454545453
2005-2009,Physics,1,"game, energy, network, power, nodes, sensor, wireless, networks, algorithm, proposed",16,0.36363636363636365
2005-2009,Physics,2,"quantum, game, games, theory, strategies, players, information, classical, player, learning",7,0.1590909090909091
2005-2009,Physics,3,"pedestrians, evacuation, traffic, pedestrian, flow, lane, model, game, room, agents",1,0.022727272727272728
2005-2009,Political Science,0,"game, political, policy, theory, theoretic, model, party, voting, legislative, preferences",14,0.6086956521739131
2005-2009,Political Science,1,"game, cooperation, international, theory, model, strategic, strategies, protection, states, social",5,0.21739130434782608
2005-2009,Political Science,2,"bargaining, crisis, war, international, information, commitment, costs, audience, public, model",2,0.08695652173913043
2005-2009,Political Science,4,"pp, conflict, nepal, violence, state, rebel, government, rebels, political, groups",1,0.043478260869565216
2005-2009,Political Science,6,"rationality, peace, war, models, rapoport, value, machines, theory, systems, field",1,0.043478260869565216
2005-2009,Psychology,1,"game, theory, social, cooperation, behavior, decision, strategies, model, individuals, information",19,1
2005-2009,Sociology,0,"game, theory, power, games, violence, micro, exchange, social, network, conflict",6,0.6666666666666666
2005-2009,Sociology,2,"commitment, game, strategy, social, actors, model, average, information, performance, interactions",3,0.3333333333333333
2006-2010,Biology,0,"game, evolutionary, theory, cooperation, population, model, strategies, selection, strategy, evolution",35,0.6862745098039216
2006-2010,Biology,1,"government, carbon, enterprises, evolutionary, game, development, strategy, low, marine, supervision",1,0.0196078431372549
2006-2010,Biology,2,"vaccination, disease, game, host, model, epidemic, evolutionary, dynamics, vaccine, control",8,0.1568627450980392
2006-2010,Biology,3,"management, game, based, model, nash, theory, fisheries, cooperative, energy, fishers",4,0.0784313725490196
2006-2010,Biology,4,"plant, plants, height, water, growth, root, leaf, hydraulic, soil, trees",2,0.0392156862745098
2006-2010,Biology,7,"bifurcation, mml, matrix, structured, evolutionary, discrete, models, equations, theorem, dynamics",1,0.0196078431372549
2006-2010,Computer Science,0,"game, edge, cloud, users, computing, problem, mobile, proposed, equilibrium, nash",18,0.34615384615384615
2006-2010,Computer Science,1,"game, government, energy, supply, market, evolutionary, model, strategy, chain, study",3,0.057692307692307696
2006-2010,Computer Science,2,"games, fuzzy, game, cooperative, theory, player, players, based, strategies, set",21,0.40384615384615385
2006-2010,Computer Science,3,"attack, defense, game, security, model, attacks, network, strategy, based, blockchain",5,0.09615384615384616
2006-2010,Computer Science,4,"learning, game, reinforcement, control, based, games, marl, algorithm, equilibrium, multiagent",5,0.09615384615384616
2006-2010,Economics,0,"games, game, equilibrium, players, repeated, equilibria, theory, model, player, payoffs",37,0.5441176470588235
2006-2010,Economics,1,"firms, firm, market, product, equilibrium, model, competition, game, price, competitive",13,0.19117647058823528
2006-2010,Economics,2,"countries, international, trade, game, climate, environmental, power, market, global, model",7,0.10294117647058823
2006-2010,Economics,3,"sports, football, league, leagues, transfer, soccer, revenue, duopsony, talent, game",6,0.08823529411764706
2006-2010,Economics,4,"moral, norms, morality, trust, guilt, social, economic, theory, markets, ethics",3,0.04411764705882353
2006-2010,Economics,5,"government, enterprises, evolutionary, green, diffusion, game, sustainable, development, export, industry",1,0.014705882352941176
2006-2010,Economics,7,"gm, household, efficiency, households, wives, husbands, allocation, agricultural, crops, income",1,0.014705882352941176
2006-2010,Engineering and Technology,0,"game, networks, network, users, power, proposed, problem, algorithm, based, allocation",75,0.6637168141592921
2006-2010,Engineering and Technology,1,"energy, market, power, game, electricity, based, demand, proposed, model, carbon",14,0.12389380530973451
2006-2010,Engineering and Technology,2,"games, stochastic, game, agents, nash, equilibrium, players, control, time, dynamics",9,0.07964601769911504
2006-2010,Engineering and Technology,3,"game, data, attacks, model, defense, security, based, privacy, attack, cyber",9,0.07964601769911504
2006-2010,Engineering and Technology,4,"game, control, vehicle, driver, driving, vehicles, traffic, lane, strategy, based",3,0.02654867256637168
2006-2010,Engineering and Technology,5,"supply, chain, manufacturer, product, supplier, retailer, advertising, retailers, model, products",1,0.008849557522123894
2006-2010,Engineering and Technology,6,"evolutionary, knowledge, design, game, project, model, theory, decision, value, projects",2,0.017699115044247787
2006-2010,Geoscience,2,"water, cooperative, river, basin, resources, ecological, game, compensation, allocation, decision",1,0.5
2006-2010,Geoscience,3,"game, pollution, parking, traffic, lane, air, climate, model, based, changing",1,0.5
2006-2010,Humanities,0,"games, accessed, http, www, com, 2008, narrative, play, 2007, april",1,0.25
2006-2010,Humanities,1,"social, capital, individuals, putnam, theory, game, action, al, et, trust",3,0.75
2006-2010,Management and OR,0,"supply, chain, model, retailer, channel, price, manufacturer, game, product, market",26,0.40625
2006-2010,Management and OR,1,"game, games, equilibrium, mml, players, model, stochastic, nash, problem, equilibria",20,0.3125
2006-2010,Management and OR,2,"innovation, strategic, game, firms, theory, firm, research, technology, model, alliances",9,0.140625
2006-2010,Management and OR,3,"projects, game, project, government, evolutionary, public, construction, ppp, design, supervision",3,0.046875
2006-2010,Management and OR,4,"carbon, energy, emission, government, emissions, low, game, green, evolutionary, environmental",1,0.015625
2006-2010,Management and OR,5,"traffic, bus, congestion, lane, game, passengers, vehicles, route, transportation, driver",1,0.015625
2006-2010,Management and OR,6,"team, decision, group, mediation, framing, members, consensus, committee, game, solution",4,0.0625
2006-2010,Mathematics,0,"games, game, strategies, equilibrium, player, players, mml, theory, strategy, nash",51,0.9272727272727272
2006-2010,Mathematics,1,"evolutionary, government, enterprises, game, innovation, model, mechanism, public, strategy, construction",1,0.01818181818181818
2006-2010,Mathematics,2,"supply, chain, manufacturer, retailer, green, price, pricing, product, fairness, decisions",1,0.01818181818181818
2006-2010,Mathematics,4,"queueing, queue, customers, traffic, server, research, patients, operations, university, equilibrium",2,0.03636363636363636
2006-2010,Medicine,1,"vaccination, control, disease, population, attack, coverage, security, vaccine, optimal, systems",2,0.4
2006-2010,Medicine,2,"games, game, social, choice, learning, human, cooperation, cooperative, participants, behavior",3,0.6
2006-2010,Other Professional Fields,1,"game, tourism, tscs, hotels, chains, supply, competition, sectors, profits, information",1,0.1111111111111111
2006-2010,Other Professional Fields,2,"game, play, video, group, groups, theory, students, research, experiment, games",1,0.1111111111111111
2006-2010,Other Professional Fields,3,"traffic, approach, game, making, problem, education, decision, toll, government, assignment",1,0.1111111111111111
2006-2010,Other Professional Fields,4,"outsourcing, information, security, theory, strategic, relational, motivations, decision, core, case",2,0.2222222222222222
2006-2010,Other Professional Fields,5,"model, product, market, content, firms, free, blockchain, behavior, service, products",4,0.4444444444444444
2006-2010,Other Social Sciences,1,"defender, security, attacker, risk, cyber, game, allocation, defense, attacks, model",2,0.25
2006-2010,Other Social Sciences,2,"gt, lt, li, game, social, learning, theory, behavior, evolutionary, evolution",3,0.375
2006-2010,Other Social Sciences,3,"theory, game, analysis, political, institutions, european, coopetition, economic, institutional, equilibrium",3,0.375
2006-2010,Physics,0,"cooperation, evolutionary, game, strategy, games, dynamics, evolution, model, individuals, strategies",27,0.48214285714285715
2006-2010,Physics,1,"game, energy, network, power, nodes, sensor, wireless, networks, algorithm, proposed",19,0.3392857142857143
2006-2010,Physics,2,"quantum, game, games, theory, strategies, players, information, classical, player, learning",9,0.16071428571428573
2006-2010,Physics,3,"pedestrians, evacuation, traffic, pedestrian, flow, lane, model, game, room, agents",1,0.017857142857142856
2006-2010,Political Science,0,"game, political, policy, theory, theoretic, model, party, voting, legislative, preferences",15,0.4166666666666667
2006-2010,Political Science,1,"game, cooperation, international, theory, model, strategic, strategies, protection, states, social",7,0.19444444444444445
2006-2010,Political Science,2,"bargaining, crisis, war, international, information, commitment, costs, audience, public, model",7,0.19444444444444445
2006-2010,Political Science,3,"terrorism, terrorist, note, 2010, al, security, attacks, 2009, intelligence, december",2,0.05555555555555555
2006-2010,Political Science,4,"pp, conflict, nepal, violence, state, rebel, government, rebels, political, groups",1,0.027777777777777776
2006-2010,Political Science,5,"sanctions, sender, economic, target, coercion, senders, secondary, sanction, model, success",2,0.05555555555555555
2006-2010,Political Science,6,"rationality, peace, war, models, rapoport, value, machines, theory, systems, field",2,0.05555555555555555
2006-2010,Psychology,1,"game, theory, social, cooperation, behavior, decision, strategies, model, individuals, information",18,1
2006-2010,Sociology,0,"game, theory, power, games, violence, micro, exchange, social, network, conflict",5,0.5555555555555556
2006-2010,Sociology,2,"commitment, game, strategy, social, actors, model, average, information, performance, interactions",4,0.4444444444444444
2007-2011,Biology,0,"game, evolutionary, theory, cooperation, population, model, strategies, selection, strategy, evolution",37,0.6851851851851852
2007-2011,Biology,1,"government, carbon, enterprises, evolutionary, game, development, strategy, low, marine, supervision",1,0.018518518518518517
2007-2011,Biology,2,"vaccination, disease, game, host, model, epidemic, evolutionary, dynamics, vaccine, control",8,0.14814814814814814
2007-2011,Biology,3,"management, game, based, model, nash, theory, fisheries, cooperative, energy, fishers",5,0.09259259259259259
2007-2011,Biology,4,"plant, plants, height, water, growth, root, leaf, hydraulic, soil, trees",1,0.018518518518518517
2007-2011,Biology,7,"bifurcation, mml, matrix, structured, evolutionary, discrete, models, equations, theorem, dynamics",1,0.018518518518518517
2007-2011,Biology,8,"quantum, classical, player, rational, game, setting, epr, secret, games, factorizable",1,0.018518518518518517
2007-2011,Computer Science,0,"game, edge, cloud, users, computing, problem, mobile, proposed, equilibrium, nash",22,0.3492063492063492
2007-2011,Computer Science,1,"game, government, energy, supply, market, evolutionary, model, strategy, chain, study",4,0.06349206349206349
2007-2011,Computer Science,2,"games, fuzzy, game, cooperative, theory, player, players, based, strategies, set",23,0.36507936507936506
2007-2011,Computer Science,3,"attack, defense, game, security, model, attacks, network, strategy, based, blockchain",9,0.14285714285714285
2007-2011,Computer Science,4,"learning, game, reinforcement, control, based, games, marl, algorithm, equilibrium, multiagent",5,0.07936507936507936
2007-2011,Economics,0,"games, game, equilibrium, players, repeated, equilibria, theory, model, player, payoffs",51,0.5604395604395604
2007-2011,Economics,1,"firms, firm, market, product, equilibrium, model, competition, game, price, competitive",17,0.18681318681318682
2007-2011,Economics,2,"countries, international, trade, game, climate, environmental, power, market, global, model",10,0.10989010989010989
2007-2011,Economics,3,"sports, football, league, leagues, transfer, soccer, revenue, duopsony, talent, game",5,0.054945054945054944
2007-2011,Economics,4,"moral, norms, morality, trust, guilt, social, economic, theory, markets, ethics",4,0.04395604395604396
2007-2011,Economics,5,"government, enterprises, evolutionary, green, diffusion, game, sustainable, development, export, industry",2,0.02197802197802198
2007-2011,Economics,6,"inflation, bank, fiscal, central, monetary, targeting, policy, macroprudential, target, account",1,0.01098901098901099
2007-2011,Economics,7,"gm, household, efficiency, households, wives, husbands, allocation, agricultural, crops, income",1,0.01098901098901099
2007-2011,Engineering and Technology,0,"game, networks, network, users, power, proposed, problem, algorithm, based, allocation",98,0.7
2007-2011,Engineering and Technology,1,"energy, market, power, game, electricity, based, demand, proposed, model, carbon",15,0.10714285714285714
2007-2011,Engineering and Technology,2,"games, stochastic, game, agents, nash, equilibrium, players, control, time, dynamics",12,0.08571428571428572
2007-2011,Engineering and Technology,3,"game, data, attacks, model, defense, security, based, privacy, attack, cyber",11,0.07857142857142857
2007-2011,Engineering and Technology,4,"game, control, vehicle, driver, driving, vehicles, traffic, lane, strategy, based",3,0.02142857142857143
2007-2011,Engineering and Technology,6,"evolutionary, knowledge, design, game, project, model, theory, decision, value, projects",1,0.007142857142857143
2007-2011,Humanities,0,"games, accessed, http, www, com, 2008, narrative, play, 2007, april",3,0.6
2007-2011,Humanities,1,"social, capital, individuals, putnam, theory, game, action, al, et, trust",2,0.4
2007-2011,Management and OR,0,"supply, chain, model, retailer, channel, price, manufacturer, game, product, market",27,0.375
2007-2011,Management and OR,1,"game, games, equilibrium, mml, players, model, stochastic, nash, problem, equilibria",22,0.3055555555555556
2007-2011,Management and OR,2,"innovation, strategic, game, firms, theory, firm, research, technology, model, alliances",11,0.1527777777777778
2007-2011,Management and OR,3,"projects, game, project, government, evolutionary, public, construction, ppp, design, supervision",4,0.05555555555555555
2007-2011,Management and OR,4,"carbon, energy, emission, government, emissions, low, game, green, evolutionary, environmental",2,0.027777777777777776
2007-2011,Management and OR,5,"traffic, bus, congestion, lane, game, passengers, vehicles, route, transportation, driver",1,0.013888888888888888
2007-2011,Management and OR,6,"team, decision, group, mediation, framing, members, consensus, committee, game, solution",5,0.06944444444444445
2007-2011,Mathematics,0,"games, game, strategies, equilibrium, player, players, mml, theory, strategy, nash",55,0.9016393442622951
2007-2011,Mathematics,1,"evolutionary, government, enterprises, game, innovation, model, mechanism, public, strategy, construction",2,0.03278688524590164
2007-2011,Mathematics,2,"supply, chain, manufacturer, retailer, green, price, pricing, product, fairness, decisions",1,0.01639344262295082
2007-2011,Mathematics,4,"queueing, queue, customers, traffic, server, research, patients, operations, university, equilibrium",3,0.04918032786885246
2007-2011,Medicine,1,"vaccination, control, disease, population, attack, coverage, security, vaccine, optimal, systems",2,0.5
2007-2011,Medicine,2,"games, game, social, choice, learning, human, cooperation, cooperative, participants, behavior",2,0.5
2007-2011,Other Professional Fields,1,"game, tourism, tscs, hotels, chains, supply, competition, sectors, profits, information",1,0.1111111111111111
2007-2011,Other Professional Fields,2,"game, play, video, group, groups, theory, students, research, experiment, games",1,0.1111111111111111
2007-2011,Other Professional Fields,3,"traffic, approach, game, making, problem, education, decision, toll, government, assignment",1,0.1111111111111111
2007-2011,Other Professional Fields,4,"outsourcing, information, security, theory, strategic, relational, motivations, decision, core, case",2,0.2222222222222222
2007-2011,Other Professional Fields,5,"model, product, market, content, firms, free, blockchain, behavior, service, products",4,0.4444444444444444
2007-2011,Other Social Sciences,1,"defender, security, attacker, risk, cyber, game, allocation, defense, attacks, model",4,0.3076923076923077
2007-2011,Other Social Sciences,2,"gt, lt, li, game, social, learning, theory, behavior, evolutionary, evolution",5,0.38461538461538464
2007-2011,Other Social Sciences,3,"theory, game, analysis, political, institutions, european, coopetition, economic, institutional, equilibrium",3,0.23076923076923078
2007-2011,Other Social Sciences,4,"environmental, public, carbon, game, evolutionary, enterprises, government, charging, regulation, pollution",1,0.07692307692307693
2007-2011,Physics,0,"cooperation, evolutionary, game, strategy, games, dynamics, evolution, model, individuals, strategies",29,0.4393939393939394
2007-2011,Physics,1,"game, energy, network, power, nodes, sensor, wireless, networks, algorithm, proposed",23,0.3484848484848485
2007-2011,Physics,2,"quantum, game, games, theory, strategies, players, information, classical, player, learning",10,0.15151515151515152
2007-2011,Physics,3,"pedestrians, evacuation, traffic, pedestrian, flow, lane, model, game, room, agents",3,0.045454545454545456
2007-2011,Physics,5,"radar, allocation, target, imaging, task, power, game, problem, time, isar",1,0.015151515151515152
2007-2011,Political Science,0,"game, political, policy, theory, theoretic, model, party, voting, legislative, preferences",16,0.3902439024390244
2007-2011,Political Science,1,"game, cooperation, international, theory, model, strategic, strategies, protection, states, social",6,0.14634146341463414
2007-2011,Political Science,2,"bargaining, crisis, war, international, information, commitment, costs, audience, public, model",7,0.17073170731707318
2007-2011,Political Science,3,"terrorism, terrorist, note, 2010, al, security, attacks, 2009, intelligence, december",8,0.1951219512195122
2007-2011,Political Science,4,"pp, conflict, nepal, violence, state, rebel, government, rebels, political, groups",1,0.024390243902439025
2007-2011,Political Science,5,"sanctions, sender, economic, target, coercion, senders, secondary, sanction, model, success",2,0.04878048780487805
2007-2011,Political Science,6,"rationality, peace, war, models, rapoport, value, machines, theory, systems, field",1,0.024390243902439025
2007-2011,Psychology,1,"game, theory, social, cooperation, behavior, decision, strategies, model, individuals, information",21,1
2007-2011,Sociology,0,"game, theory, power, games, violence, micro, exchange, social, network, conflict",2,0.3333333333333333
2007-2011,Sociology,2,"commitment, game, strategy, social, actors, model, average, information, performance, interactions",4,0.6666666666666666
2008-2012,Biology,0,"game, evolutionary, theory, cooperation, population, model, strategies, selection, strategy, evolution",47,0.7121212121212122
2008-2012,Biology,2,"vaccination, disease, game, host, model, epidemic, evolutionary, dynamics, vaccine, control",9,0.13636363636363635
2008-2012,Biology,3,"management, game, based, model, nash, theory, fisheries, cooperative, energy, fishers",5,0.07575757575757576
2008-2012,Biology,4,"plant, plants, height, water, growth, root, leaf, hydraulic, soil, trees",1,0.015151515151515152
2008-2012,Biology,5,"cancer, cells, tumour, game, evolutionary, cell, growth, treatment, therapies, dynamics",1,0.015151515151515152
2008-2012,Biology,7,"bifurcation, mml, matrix, structured, evolutionary, discrete, models, equations, theorem, dynamics",1,0.015151515151515152
2008-2012,Biology,8,"quantum, classical, player, rational, game, setting, epr, secret, games, factorizable",2,0.030303030303030304
2008-2012,Computer Science,0,"game, edge, cloud, users, computing, problem, mobile, proposed, equilibrium, nash",22,0.3013698630136986
2008-2012,Computer Science,1,"game, government, energy, supply, market, evolutionary, model, strategy, chain, study",4,0.0547945205479452
2008-2012,Computer Science,2,"games, fuzzy, game, cooperative, theory, player, players, based, strategies, set",30,0.410958904109589
2008-2012,Computer Science,3,"attack, defense, game, security, model, attacks, network, strategy, based, blockchain",13,0.1780821917808219
2008-2012,Computer Science,4,"learning, game, reinforcement, control, based, games, marl, algorithm, equilibrium, multiagent",3,0.0410958904109589
2008-2012,Computer Science,8,"scheduler, matching, data, mapreduce, tardiness, virtual, flows, aware, vls, resource",1,0.0136986301369863
2008-2012,Economics,0,"games, game, equilibrium, players, repeated, equilibria, theory, model, player, payoffs",57,0.6129032258064516
2008-2012,Economics,1,"firms, firm, market, product, equilibrium, model, competition, game, price, competitive",11,0.11827956989247312
2008-2012,Economics,2,"countries, international, trade, game, climate, environmental, power, market, global, model",12,0.12903225806451613
2008-2012,Economics,3,"sports, football, league, leagues, transfer, soccer, revenue, duopsony, talent, game",6,0.06451612903225806
2008-2012,Economics,4,"moral, norms, morality, trust, guilt, social, economic, theory, markets, ethics",3,0.03225806451612903
2008-2012,Economics,5,"government, enterprises, evolutionary, green, diffusion, game, sustainable, development, export, industry",3,0.03225806451612903
2008-2012,Economics,6,"inflation, bank, fiscal, central, monetary, targeting, policy, macroprudential, target, account",1,0.010752688172043012
2008-2012,Engineering and Technology,0,"game, networks, network, users, power, proposed, problem, algorithm, based, allocation",128,0.7071823204419889
2008-2012,Engineering and Technology,1,"energy, market, power, game, electricity, based, demand, proposed, model, carbon",16,0.08839779005524862
2008-2012,Engineering and Technology,2,"games, stochastic, game, agents, nash, equilibrium, players, control, time, dynamics",15,0.08287292817679558
2008-2012,Engineering and Technology,3,"game, data, attacks, model, defense, security, based, privacy, attack, cyber",12,0.06629834254143646
2008-2012,Engineering and Technology,4,"game, control, vehicle, driver, driving, vehicles, traffic, lane, strategy, based",7,0.03867403314917127
2008-2012,Engineering and Technology,6,"evolutionary, knowledge, design, game, project, model, theory, decision, value, projects",1,0.0055248618784530384
2008-2012,Engineering and Technology,7,"cdm, airlines, air, airport, merging, cargo, landing, code, model, carriers",2,0.011049723756906077
2008-2012,Geoscience,2,"water, cooperative, river, basin, resources, ecological, game, compensation, allocation, decision",2,1
2008-2012,Humanities,0,"games, accessed, http, www, com, 2008, narrative, play, 2007, april",3,0.5
2008-2012,Humanities,1,"social, capital, individuals, putnam, theory, game, action, al, et, trust",3,0.5
2008-2012,Management and OR,0,"supply, chain, model, retailer, channel, price, manufacturer, game, product, market",38,0.48717948717948717
2008-2012,Management and OR,1,"game, games, equilibrium, mml, players, model, stochastic, nash, problem, equilibria",23,0.2948717948717949
2008-2012,Management and OR,2,"innovation, strategic, game, firms, theory, firm, research, technology, model, alliances",7,0.08974358974358974
2008-2012,Management and OR,3,"projects, game, project, government, evolutionary, public, construction, ppp, design, supervision",4,0.05128205128205128
2008-2012,Management and OR,4,"carbon, energy, emission, government, emissions, low, game, green, evolutionary, environmental",2,0.02564102564102564
2008-2012,Management and OR,5,"traffic, bus, congestion, lane, game, passengers, vehicles, route, transportation, driver",1,0.01282051282051282
2008-2012,Management and OR,6,"team, decision, group, mediation, framing, members, consensus, committee, game, solution",3,0.038461538461538464
2008-2012,Mathematics,0,"games, game, strategies, equilibrium, player, players, mml, theory, strategy, nash",56,0.8235294117647058
2008-2012,Mathematics,1,"evolutionary, government, enterprises, game, innovation, model, mechanism, public, strategy, construction",5,0.07352941176470588
2008-2012,Mathematics,2,"supply, chain, manufacturer, retailer, green, price, pricing, product, fairness, decisions",1,0.014705882352941176
2008-2012,Mathematics,4,"queueing, queue, customers, traffic, server, research, patients, operations, university, equilibrium",3,0.04411764705882353
2008-2012,Mathematics,7,"fuzzy, design, method, optimization, game, multiobjective, based, variables, atanassov, function",2,0.029411764705882353
2008-2012,Mathematics,8,"energy, computing, node, wireless, mobile, power, algorithm, offloading, nodes, networks",1,0.014705882352941176
2008-2012,Medicine,1,"vaccination, control, disease, population, attack, coverage, security, vaccine, optimal, systems",3,0.3333333333333333
2008-2012,Medicine,2,"games, game, social, choice, learning, human, cooperation, cooperative, participants, behavior",6,0.6666666666666666
2008-2012,Other Professional Fields,1,"game, tourism, tscs, hotels, chains, supply, competition, sectors, profits, information",1,0.07692307692307693
2008-2012,Other Professional Fields,2,"game, play, video, group, groups, theory, students, research, experiment, games",2,0.15384615384615385
2008-2012,Other Professional Fields,3,"traffic, approach, game, making, problem, education, decision, toll, government, assignment",2,0.15384615384615385
2008-2012,Other Professional Fields,4,"outsourcing, information, security, theory, strategic, relational, motivations, decision, core, case",3,0.23076923076923078
2008-2012,Other Professional Fields,5,"model, product, market, content, firms, free, blockchain, behavior, service, products",5,0.38461538461538464
2008-2012,Other Social Sciences,1,"defender, security, attacker, risk, cyber, game, allocation, defense, attacks, model",4,0.26666666666666666
2008-2012,Other Social Sciences,2,"gt, lt, li, game, social, learning, theory, behavior, evolutionary, evolution",6,0.4
2008-2012,Other Social Sciences,3,"theory, game, analysis, political, institutions, european, coopetition, economic, institutional, equilibrium",4,0.26666666666666666
2008-2012,Other Social Sciences,4,"environmental, public, carbon, game, evolutionary, enterprises, government, charging, regulation, pollution",1,0.06666666666666667
2008-2012,Physics,0,"cooperation, evolutionary, game, strategy, games, dynamics, evolution, model, individuals, strategies",36,0.5217391304347826
2008-2012,Physics,1,"game, energy, network, power, nodes, sensor, wireless, networks, algorithm, proposed",21,0.30434782608695654
2008-2012,Physics,2,"quantum, game, games, theory, strategies, players, information, classical, player, learning",8,0.11594202898550725
2008-2012,Physics,3,"pedestrians, evacuation, traffic, pedestrian, flow, lane, model, game, room, agents",2,0.028985507246376812
2008-2012,Physics,5,"radar, allocation, target, imaging, task, power, game, problem, time, isar",1,0.014492753623188406
2008-2012,Physics,8,"seti, search, extraterrestrial, mutual, frequencies, meti, messaging, planck, active, intelligence",1,0.014492753623188406
2008-2012,Political Science,0,"game, political, policy, theory, theoretic, model, party, voting, legislative, preferences",17,0.38636363636363635
2008-2012,Political Science,1,"game, cooperation, international, theory, model, strategic, strategies, protection, states, social",8,0.18181818181818182
2008-2012,Political Science,2,"bargaining, crisis, war, international, information, commitment, costs, audience, public, model",7,0.1590909090909091
2008-2012,Political Science,3,"terrorism, terrorist, note, 2010, al, security, attacks, 2009, intelligence, december",8,0.18181818181818182
2008-2012,Political Science,4,"pp, conflict, nepal, violence, state, rebel, government, rebels, political, groups",1,0.022727272727272728
2008-2012,Political Science,5,"sanctions, sender, economic, target, coercion, senders, secondary, sanction, model, success",2,0.045454545454545456
2008-2012,Political Science,6,"rationality, peace, war, models, rapoport, value, machines, theory, systems, field",1,0.022727272727272728
2008-2012,Psychology,0,"evolutionary, government, game, theory, safety, governments, local, equilibrium, public, pattern",1,0.045454545454545456
2008-2012,Psychology,1,"game, theory, social, cooperation, behavior, decision, strategies, model, individuals, information",21,0.9545454545454546
2008-2012,Sociology,0,"game, theory, power, games, violence, micro, exchange, social, network, conflict",1,0.25
2008-2012,Sociology,2,"commitment, game, strategy, social, actors, model, average, information, performance, interactions",3,0.75
2009-2013,Biology,0,"game, evolutionary, theory, cooperation, population, model, strategies, selection, strategy, evolution",54,0.7105263157894737
2009-2013,Biology,2,"vaccination, disease, game, host, model, epidemic, evolutionary, dynamics, vaccine, control",7,0.09210526315789473
2009-2013,Biology,3,"management, game, based, model, nash, theory, fisheries, cooperative, energy, fishers",6,0.07894736842105263
2009-2013,Biology,4,"plant, plants, height, water, growth, root, leaf, hydraulic, soil, trees",4,0.05263157894736842
2009-2013,Biology,5,"cancer, cells, tumour, game, evolutionary, cell, growth, treatment, therapies, dynamics",2,0.02631578947368421
2009-2013,Biology,7,"bifurcation, mml, matrix, structured, evolutionary, discrete, models, equations, theorem, dynamics",1,0.013157894736842105
2009-2013,Biology,8,"quantum, classical, player, rational, game, setting, epr, secret, games, factorizable",2,0.02631578947368421
2009-2013,Computer Science,0,"game, edge, cloud, users, computing, problem, mobile, proposed, equilibrium, nash",22,0.28205128205128205
2009-2013,Computer Science,1,"game, government, energy, supply, market, evolutionary, model, strategy, chain, study",4,0.05128205128205128
2009-2013,Computer Science,2,"games, fuzzy, game, cooperative, theory, player, players, based, strategies, set",32,0.41025641025641024
2009-2013,Computer Science,3,"attack, defense, game, security, model, attacks, network, strategy, based, blockchain",18,0.23076923076923078
2009-2013,Computer Science,4,"learning, game, reinforcement, control, based, games, marl, algorithm, equilibrium, multiagent",1,0.01282051282051282
2009-2013,Computer Science,8,"scheduler, matching, data, mapreduce, tardiness, virtual, flows, aware, vls, resource",1,0.01282051282051282
2009-2013,Economics,0,"games, game, equilibrium, players, repeated, equilibria, theory, model, player, payoffs",59,0.6082474226804123
2009-2013,Economics,1,"firms, firm, market, product, equilibrium, model, competition, game, price, competitive",12,0.12371134020618557
2009-2013,Economics,2,"countries, international, trade, game, climate, environmental, power, market, global, model",12,0.12371134020618557
2009-2013,Economics,3,"sports, football, league, leagues, transfer, soccer, revenue, duopsony, talent, game",6,0.061855670103092786
2009-2013,Economics,4,"moral, norms, morality, trust, guilt, social, economic, theory, markets, ethics",3,0.030927835051546393
2009-2013,Economics,5,"government, enterprises, evolutionary, green, diffusion, game, sustainable, development, export, industry",3,0.030927835051546393
2009-2013,Economics,6,"inflation, bank, fiscal, central, monetary, targeting, policy, macroprudential, target, account",1,0.010309278350515464
2009-2013,Economics,7,"gm, household, efficiency, households, wives, husbands, allocation, agricultural, crops, income",1,0.010309278350515464
2009-2013,Engineering and Technology,0,"game, networks, network, users, power, proposed, problem, algorithm, based, allocation",138,0.6666666666666666
2009-2013,Engineering and Technology,1,"energy, market, power, game, electricity, based, demand, proposed, model, carbon",21,0.10144927536231885
2009-2013,Engineering and Technology,2,"games, stochastic, game, agents, nash, equilibrium, players, control, time, dynamics",26,0.12560386473429952
2009-2013,Engineering and Technology,3,"game, data, attacks, model, defense, security, based, privacy, attack, cyber",12,0.057971014492753624
2009-2013,Engineering and Technology,4,"game, control, vehicle, driver, driving, vehicles, traffic, lane, strategy, based",7,0.033816425120772944
2009-2013,Engineering and Technology,5,"supply, chain, manufacturer, product, supplier, retailer, advertising, retailers, model, products",2,0.00966183574879227
2009-2013,Engineering and Technology,6,"evolutionary, knowledge, design, game, project, model, theory, decision, value, projects",1,0.004830917874396135
2009-2013,Geoscience,2,"water, cooperative, river, basin, resources, ecological, game, compensation, allocation, decision",2,1
2009-2013,Humanities,0,"games, accessed, http, www, com, 2008, narrative, play, 2007, april",2,0.2857142857142857
2009-2013,Humanities,1,"social, capital, individuals, putnam, theory, game, action, al, et, trust",4,0.5714285714285714
2009-2013,Humanities,2,"game, theoretic, word, pragmatics, optimality, intention, principles, model, meaning, interpretation",1,0.14285714285714285
2009-2013,Management and OR,0,"supply, chain, model, retailer, channel, price, manufacturer, game, product, market",40,0.46511627906976744
2009-2013,Management and OR,1,"game, games, equilibrium, mml, players, model, stochastic, nash, problem, equilibria",25,0.29069767441860467
2009-2013,Management and OR,2,"innovation, strategic, game, firms, theory, firm, research, technology, model, alliances",9,0.10465116279069768
2009-2013,Management and OR,3,"projects, game, project, government, evolutionary, public, construction, ppp, design, supervision",5,0.05813953488372093
2009-2013,Management and OR,4,"carbon, energy, emission, government, emissions, low, game, green, evolutionary, environmental",3,0.03488372093023256
2009-2013,Management and OR,5,"traffic, bus, congestion, lane, game, passengers, vehicles, route, transportation, driver",1,0.011627906976744186
2009-2013,Management and OR,6,"team, decision, group, mediation, framing, members, consensus, committee, game, solution",3,0.03488372093023256
2009-2013,Mathematics,0,"games, game, strategies, equilibrium, player, players, mml, theory, strategy, nash",55,0.7333333333333333
2009-2013,Mathematics,1,"evolutionary, government, enterprises, game, innovation, model, mechanism, public, strategy, construction",6,0.08
2009-2013,Mathematics,2,"supply, chain, manufacturer, retailer, green, price, pricing, product, fairness, decisions",4,0.05333333333333334
2009-2013,Mathematics,3,"reinsurance, risk, investment, optimal, variance, time, asset, consistent, insurance, insurer",1,0.013333333333333334
2009-2013,Mathematics,4,"queueing, queue, customers, traffic, server, research, patients, operations, university, equilibrium",4,0.05333333333333334
2009-2013,Mathematics,5,"stability, bifurcation, delays, dynamics, delay, game, nash, equilibrium, imitative, hopf",1,0.013333333333333334
2009-2013,Mathematics,7,"fuzzy, design, method, optimization, game, multiobjective, based, variables, atanassov, function",2,0.02666666666666667
2009-2013,Mathematics,8,"energy, computing, node, wireless, mobile, power, algorithm, offloading, nodes, networks",2,0.02666666666666667
2009-2013,Medicine,1,"vaccination, control, disease, population, attack, coverage, security, vaccine, optimal, systems",4,0.36363636363636365
2009-2013,Medicine,2,"games, game, social, choice, learning, human, cooperation, cooperative, participants, behavior",7,0.6363636363636364
2009-2013,Other Professional Fields,2,"game, play, video, group, groups, theory, students, research, experiment, games",1,0.1
2009-2013,Other Professional Fields,3,"traffic, approach, game, making, problem, education, decision, toll, government, assignment",2,0.2
2009-2013,Other Professional Fields,4,"outsourcing, information, security, theory, strategic, relational, motivations, decision, core, case",2,0.2
2009-2013,Other Professional Fields,5,"model, product, market, content, firms, free, blockchain, behavior, service, products",5,0.5
2009-2013,Other Social Sciences,1,"defender, security, attacker, risk, cyber, game, allocation, defense, attacks, model",4,0.26666666666666666
2009-2013,Other Social Sciences,2,"gt, lt, li, game, social, learning, theory, behavior, evolutionary, evolution",7,0.4666666666666667
2009-2013,Other Social Sciences,3,"theory, game, analysis, political, institutions, european, coopetition, economic, institutional, equilibrium",3,0.2
2009-2013,Other Social Sciences,4,"environmental, public, carbon, game, evolutionary, enterprises, government, charging, regulation, pollution",1,0.06666666666666667
2009-2013,Physics,0,"cooperation, evolutionary, game, strategy, games, dynamics, evolution, model, individuals, strategies",39,0.4936708860759494
2009-2013,Physics,1,"game, energy, network, power, nodes, sensor, wireless, networks, algorithm, proposed",21,0.26582278481012656
2009-2013,Physics,2,"quantum, game, games, theory, strategies, players, information, classical, player, learning",13,0.16455696202531644
2009-2013,Physics,3,"pedestrians, evacuation, traffic, pedestrian, flow, lane, model, game, room, agents",3,0.0379746835443038
2009-2013,Physics,5,"radar, allocation, target, imaging, task, power, game, problem, time, isar",1,0.012658227848101266
2009-2013,Physics,7,"energy, grid, smart, demand, users, vpp, networked, control, intermittent, optimization",1,0.012658227848101266
2009-2013,Physics,8,"seti, search, extraterrestrial, mutual, frequencies, meti, messaging, planck, active, intelligence",1,0.012658227848101266
2009-2013,Political Science,0,"game, political, policy, theory, theoretic, model, party, voting, legislative, preferences",18,0.35294117647058826
2009-2013,Political Science,1,"game, cooperation, international, theory, model, strategic, strategies, protection, states, social",12,0.23529411764705882
2009-2013,Political Science,2,"bargaining, crisis, war, international, information, commitment, costs, audience, public, model",7,0.13725490196078433
2009-2013,Political Science,3,"terrorism, terrorist, note, 2010, al, security, attacks, 2009, intelligence, december",9,0.17647058823529413
2009-2013,Political Science,4,"pp, conflict, nepal, violence, state, rebel, government, rebels, political, groups",1,0.0196078431372549
2009-2013,Political Science,5,"sanctions, sender, economic, target, coercion, senders, secondary, sanction, model, success",2,0.0392156862745098
2009-2013,Political Science,6,"rationality, peace, war, models, rapoport, value, machines, theory, systems, field",1,0.0196078431372549
2009-2013,Political Science,8,"power, shapley, indices, point, index, owen, sovs, strong, spatial, based",1,0.0196078431372549
2009-2013,Psychology,0,"evolutionary, government, game, theory, safety, governments, local, equilibrium, public, pattern",1,0.041666666666666664
2009-2013,Psychology,1,"game, theory, social, cooperation, behavior, decision, strategies, model, individuals, information",23,0.9583333333333334
2009-2013,Sociology,0,"game, theory, power, games, violence, micro, exchange, social, network, conflict",3,0.6
2009-2013,Sociology,2,"commitment, game, strategy, social, actors, model, average, information, performance, interactions",2,0.4
2010-2014,Biology,0,"game, evolutionary, theory, cooperation, population, model, strategies, selection, strategy, evolution",56,0.6222222222222222
2010-2014,Biology,2,"vaccination, disease, game, host, model, epidemic, evolutionary, dynamics, vaccine, control",9,0.1
2010-2014,Biology,3,"management, game, based, model, nash, theory, fisheries, cooperative, energy, fishers",7,0.07777777777777778
2010-2014,Biology,4,"plant, plants, height, water, growth, root, leaf, hydraulic, soil, trees",7,0.07777777777777778
2010-2014,Biology,5,"cancer, cells, tumour, game, evolutionary, cell, growth, treatment, therapies, dynamics",7,0.07777777777777778
2010-2014,Biology,6,"supply, chain, product, channel, retailer, information, sharing, quality, pricing, retailers",1,0.011111111111111112
2010-2014,Biology,7,"bifurcation, mml, matrix, structured, evolutionary, discrete, models, equations, theorem, dynamics",1,0.011111111111111112
2010-2014,Biology,8,"quantum, classical, player, rational, game, setting, epr, secret, games, factorizable",2,0.022222222222222223
2010-2014,Computer Science,0,"game, edge, cloud, users, computing, problem, mobile, proposed, equilibrium, nash",29,0.30526315789473685
2010-2014,Computer Science,1,"game, government, energy, supply, market, evolutionary, model, strategy, chain, study",3,0.031578947368421054
2010-2014,Computer Science,2,"games, fuzzy, game, cooperative, theory, player, players, based, strategies, set",37,0.3894736842105263
2010-2014,Computer Science,3,"attack, defense, game, security, model, attacks, network, strategy, based, blockchain",19,0.2
2010-2014,Computer Science,4,"learning, game, reinforcement, control, based, games, marl, algorithm, equilibrium, multiagent",5,0.05263157894736842
2010-2014,Computer Science,5,"optimization, uav, swarm, particle, algorithm, task, uavs, proposed, energy, game",1,0.010526315789473684
2010-2014,Computer Science,8,"scheduler, matching, data, mapreduce, tardiness, virtual, flows, aware, vls, resource",1,0.010526315789473684
2010-2014,Economics,0,"games, game, equilibrium, players, repeated, equilibria, theory, model, player, payoffs",57,0.5816326530612245
2010-2014,Economics,1,"firms, firm, market, product, equilibrium, model, competition, game, price, competitive",16,0.16326530612244897
2010-2014,Economics,2,"countries, international, trade, game, climate, environmental, power, market, global, model",11,0.11224489795918367
2010-2014,Economics,3,"sports, football, league, leagues, transfer, soccer, revenue, duopsony, talent, game",6,0.061224489795918366
2010-2014,Economics,4,"moral, norms, morality, trust, guilt, social, economic, theory, markets, ethics",2,0.02040816326530612
2010-2014,Economics,5,"government, enterprises, evolutionary, green, diffusion, game, sustainable, development, export, industry",3,0.030612244897959183
2010-2014,Economics,6,"inflation, bank, fiscal, central, monetary, targeting, policy, macroprudential, target, account",1,0.01020408163265306
2010-2014,Economics,7,"gm, household, efficiency, households, wives, husbands, allocation, agricultural, crops, income",2,0.02040816326530612
2010-2014,Engineering and Technology,0,"game, networks, network, users, power, proposed, problem, algorithm, based, allocation",174,0.635036496350365
2010-2014,Engineering and Technology,1,"energy, market, power, game, electricity, based, demand, proposed, model, carbon",34,0.12408759124087591
2010-2014,Engineering and Technology,2,"games, stochastic, game, agents, nash, equilibrium, players, control, time, dynamics",33,0.12043795620437957
2010-2014,Engineering and Technology,3,"game, data, attacks, model, defense, security, based, privacy, attack, cyber",16,0.058394160583941604
2010-2014,Engineering and Technology,4,"game, control, vehicle, driver, driving, vehicles, traffic, lane, strategy, based",10,0.0364963503649635
2010-2014,Engineering and Technology,5,"supply, chain, manufacturer, product, supplier, retailer, advertising, retailers, model, products",6,0.021897810218978103
2010-2014,Engineering and Technology,6,"evolutionary, knowledge, design, game, project, model, theory, decision, value, projects",1,0.0036496350364963502
2010-2014,Geoscience,2,"water, cooperative, river, basin, resources, ecological, game, compensation, allocation, decision",3,0.75
2010-2014,Geoscience,3,"game, pollution, parking, traffic, lane, air, climate, model, based, changing",1,0.25
2010-2014,Health,1,"health, game, evolutionary, treatment, service, care, medical, patients, information, elderly",1,1
2010-2014,Humanities,0,"games, accessed, http, www, com, 2008, narrative, play, 2007, april",2,0.4
2010-2014,Humanities,1,"social, capital, individuals, putnam, theory, game, action, al, et, trust",2,0.4
2010-2014,Humanities,2,"game, theoretic, word, pragmatics, optimality, intention, principles, model, meaning, interpretation",1,0.2
2010-2014,Management and OR,0,"supply, chain, model, retailer, channel, price, manufacturer, game, product, market",44,0.5057471264367817
2010-2014,Management and OR,1,"game, games, equilibrium, mml, players, model, stochastic, nash, problem, equilibria",24,0.27586206896551724
2010-2014,Management and OR,2,"innovation, strategic, game, firms, theory, firm, research, technology, model, alliances",9,0.10344827586206896
2010-2014,Management and OR,3,"projects, game, project, government, evolutionary, public, construction, ppp, design, supervision",4,0.04597701149425287
2010-2014,Management and OR,4,"carbon, energy, emission, government, emissions, low, game, green, evolutionary, environmental",3,0.034482758620689655
2010-2014,Management and OR,5,"traffic, bus, congestion, lane, game, passengers, vehicles, route, transportation, driver",1,0.011494252873563218
2010-2014,Management and OR,6,"team, decision, group, mediation, framing, members, consensus, committee, game, solution",2,0.022988505747126436
2010-2014,Mathematics,0,"games, game, strategies, equilibrium, player, players, mml, theory, strategy, nash",70,0.7142857142857143
2010-2014,Mathematics,1,"evolutionary, government, enterprises, game, innovation, model, mechanism, public, strategy, construction",8,0.08163265306122448
2010-2014,Mathematics,2,"supply, chain, manufacturer, retailer, green, price, pricing, product, fairness, decisions",6,0.061224489795918366
2010-2014,Mathematics,3,"reinsurance, risk, investment, optimal, variance, time, asset, consistent, insurance, insurer",2,0.02040816326530612
2010-2014,Mathematics,4,"queueing, queue, customers, traffic, server, research, patients, operations, university, equilibrium",2,0.02040816326530612
2010-2014,Mathematics,5,"stability, bifurcation, delays, dynamics, delay, game, nash, equilibrium, imitative, hopf",3,0.030612244897959183
2010-2014,Mathematics,7,"fuzzy, design, method, optimization, game, multiobjective, based, variables, atanassov, function",4,0.04081632653061224
2010-2014,Mathematics,8,"energy, computing, node, wireless, mobile, power, algorithm, offloading, nodes, networks",3,0.030612244897959183
2010-2014,Medicine,1,"vaccination, control, disease, population, attack, coverage, security, vaccine, optimal, systems",3,0.23076923076923078
2010-2014,Medicine,2,"games, game, social, choice, learning, human, cooperation, cooperative, participants, behavior",8,0.6153846153846154
2010-2014,Medicine,3,"game, theory, patient, knowledge, cooperation, strategy, care, medical, decision, management",2,0.15384615384615385
2010-2014,Other Professional Fields,2,"game, play, video, group, groups, theory, students, research, experiment, games",2,0.2
2010-2014,Other Professional Fields,3,"traffic, approach, game, making, problem, education, decision, toll, government, assignment",1,0.1
2010-2014,Other Professional Fields,4,"outsourcing, information, security, theory, strategic, relational, motivations, decision, core, case",2,0.2
2010-2014,Other Professional Fields,5,"model, product, market, content, firms, free, blockchain, behavior, service, products",5,0.5
2010-2014,Other Social Sciences,1,"defender, security, attacker, risk, cyber, game, allocation, defense, attacks, model",3,0.15789473684210525
2010-2014,Other Social Sciences,2,"gt, lt, li, game, social, learning, theory, behavior, evolutionary, evolution",10,0.5263157894736842
2010-2014,Other Social Sciences,3,"theory, game, analysis, political, institutions, european, coopetition, economic, institutional, equilibrium",5,0.2631578947368421
2010-2014,Other Social Sciences,4,"environmental, public, carbon, game, evolutionary, enterprises, government, charging, regulation, pollution",1,0.05263157894736842
2010-2014,Physics,0,"cooperation, evolutionary, game, strategy, games, dynamics, evolution, model, individuals, strategies",38,0.5
2010-2014,Physics,1,"game, energy, network, power, nodes, sensor, wireless, networks, algorithm, proposed",15,0.19736842105263158
2010-2014,Physics,2,"quantum, game, games, theory, strategies, players, information, classical, player, learning",12,0.15789473684210525
2010-2014,Physics,3,"pedestrians, evacuation, traffic, pedestrian, flow, lane, model, game, room, agents",7,0.09210526315789473
2010-2014,Physics,5,"radar, allocation, target, imaging, task, power, game, problem, time, isar",1,0.013157894736842105
2010-2014,Physics,6,"mean, field, equations, discrete, algorithm, problem, differential, kolmogorov, parabolic, decentralised",1,0.013157894736842105
2010-2014,Physics,7,"energy, grid, smart, demand, users, vpp, networked, control, intermittent, optimization",1,0.013157894736842105
2010-2014,Physics,8,"seti, search, extraterrestrial, mutual, frequencies, meti, messaging, planck, active, intelligence",1,0.013157894736842105
2010-2014,Political Science,0,"game, political, policy, theory, theoretic, model, party, voting, legislative, preferences",19,0.31666666666666665
2010-2014,Political Science,1,"game, cooperation, international, theory, model, strategic, strategies, protection, states, social",17,0.2833333333333333
2010-2014,Political Science,2,"bargaining, crisis, war, international, information, commitment, costs, audience, public, model",5,0.08333333333333333
2010-2014,Political Science,3,"terrorism, terrorist, note, 2010, al, security, attacks, 2009, intelligence, december",10,0.16666666666666666
2010-2014,Political Science,4,"pp, conflict, nepal, violence, state, rebel, government, rebels, political, groups",3,0.05
2010-2014,Political Science,5,"sanctions, sender, economic, target, coercion, senders, secondary, sanction, model, success",3,0.05
2010-2014,Political Science,6,"rationality, peace, war, models, rapoport, value, machines, theory, systems, field",1,0.016666666666666666
2010-2014,Political Science,7,"repression, kin, media, rights, human, government, sexual, minority, protest, external",1,0.016666666666666666
2010-2014,Political Science,8,"power, shapley, indices, point, index, owen, sovs, strong, spatial, based",1,0.016666666666666666
2010-2014,Psychology,0,"evolutionary, government, game, theory, safety, governments, local, equilibrium, public, pattern",1,0.04
2010-2014,Psychology,1,"game, theory, social, cooperation, behavior, decision, strategies, model, individuals, information",24,0.96
2010-2014,Sociology,0,"game, theory, power, games, violence, micro, exchange, social, network, conflict",2,0.3333333333333333
2010-2014,Sociology,1,"norms, dilemma, cooperation, prisoner, different, emerge, actors, game, emergence, subjects",1,0.16666666666666666
2010-2014,Sociology,2,"commitment, game, strategy, social, actors, model, average, information, performance, interactions",3,0.5
2011-2015,Biology,0,"game, evolutionary, theory, cooperation, population, model, strategies, selection, strategy, evolution",74,0.6271186440677966
2011-2015,Biology,1,"government, carbon, enterprises, evolutionary, game, development, strategy, low, marine, supervision",1,0.00847457627118644
2011-2015,Biology,2,"vaccination, disease, game, host, model, epidemic, evolutionary, dynamics, vaccine, control",9,0.07627118644067797
2011-2015,Biology,3,"management, game, based, model, nash, theory, fisheries, cooperative, energy, fishers",12,0.1016949152542373
2011-2015,Biology,4,"plant, plants, height, water, growth, root, leaf, hydraulic, soil, trees",8,0.06779661016949153
2011-2015,Biology,5,"cancer, cells, tumour, game, evolutionary, cell, growth, treatment, therapies, dynamics",11,0.09322033898305085
2011-2015,Biology,6,"supply, chain, product, channel, retailer, information, sharing, quality, pricing, retailers",1,0.00847457627118644
2011-2015,Biology,8,"quantum, classical, player, rational, game, setting, epr, secret, games, factorizable",2,0.01694915254237288
2011-2015,Computer Science,0,"game, edge, cloud, users, computing, problem, mobile, proposed, equilibrium, nash",39,0.3611111111111111
2011-2015,Computer Science,1,"game, government, energy, supply, market, evolutionary, model, strategy, chain, study",6,0.05555555555555555
2011-2015,Computer Science,2,"games, fuzzy, game, cooperative, theory, player, players, based, strategies, set",37,0.3425925925925926
2011-2015,Computer Science,3,"attack, defense, game, security, model, attacks, network, strategy, based, blockchain",17,0.1574074074074074
2011-2015,Computer Science,4,"learning, game, reinforcement, control, based, games, marl, algorithm, equilibrium, multiagent",7,0.06481481481481481
2011-2015,Computer Science,5,"optimization, uav, swarm, particle, algorithm, task, uavs, proposed, energy, game",1,0.009259259259259259
2011-2015,Computer Science,8,"scheduler, matching, data, mapreduce, tardiness, virtual, flows, aware, vls, resource",1,0.009259259259259259
2011-2015,Economics,0,"games, game, equilibrium, players, repeated, equilibria, theory, model, player, payoffs",65,0.6132075471698113
2011-2015,Economics,1,"firms, firm, market, product, equilibrium, model, competition, game, price, competitive",21,0.19811320754716982
2011-2015,Economics,2,"countries, international, trade, game, climate, environmental, power, market, global, model",9,0.08490566037735849
2011-2015,Economics,3,"sports, football, league, leagues, transfer, soccer, revenue, duopsony, talent, game",6,0.05660377358490566
2011-2015,Economics,5,"government, enterprises, evolutionary, green, diffusion, game, sustainable, development, export, industry",2,0.018867924528301886
2011-2015,Economics,6,"inflation, bank, fiscal, central, monetary, targeting, policy, macroprudential, target, account",2,0.018867924528301886
2011-2015,Economics,7,"gm, household, efficiency, households, wives, husbands, allocation, agricultural, crops, income",1,0.009433962264150943
2011-2015,Engineering and Technology,0,"game, networks, network, users, power, proposed, problem, algorithm, based, allocation",204,0.6335403726708074
2011-2015,Engineering and Technology,1,"energy, market, power, game, electricity, based, demand, proposed, model, carbon",40,0.12422360248447205
2011-2015,Engineering and Technology,2,"games, stochastic, game, agents, nash, equilibrium, players, control, time, dynamics",39,0.12111801242236025
2011-2015,Engineering and Technology,3,"game, data, attacks, model, defense, security, based, privacy, attack, cyber",19,0.059006211180124224
2011-2015,Engineering and Technology,4,"game, control, vehicle, driver, driving, vehicles, traffic, lane, strategy, based",10,0.031055900621118012
2011-2015,Engineering and Technology,5,"supply, chain, manufacturer, product, supplier, retailer, advertising, retailers, model, products",8,0.024844720496894408
2011-2015,Engineering and Technology,6,"evolutionary, knowledge, design, game, project, model, theory, decision, value, projects",2,0.006211180124223602
2011-2015,Geoscience,2,"water, cooperative, river, basin, resources, ecological, game, compensation, allocation, decision",4,0.8
2011-2015,Geoscience,3,"game, pollution, parking, traffic, lane, air, climate, model, based, changing",1,0.2
2011-2015,Health,1,"health, game, evolutionary, treatment, service, care, medical, patients, information, elderly",1,1
2011-2015,Humanities,1,"social, capital, individuals, putnam, theory, game, action, al, et, trust",3,0.75
2011-2015,Humanities,2,"game, theoretic, word, pragmatics, optimality, intention, principles, model, meaning, interpretation",1,0.25
2011-2015,Management and OR,0,"supply, chain, model, retailer, channel, price, manufacturer, game, product, market",44,0.5176470588235295
2011-2015,Management and OR,1,"game, games, equilibrium, mml, players, model, stochastic, nash, problem, equilibria",23,0.27058823529411763
2011-2015,Management and OR,2,"innovation, strategic, game, firms, theory, firm, research, technology, model, alliances",10,0.11764705882352941
2011-2015,Management and OR,3,"projects, game, project, government, evolutionary, public, construction, ppp, design, supervision",2,0.023529411764705882
2011-2015,Management and OR,4,"carbon, energy, emission, government, emissions, low, game, green, evolutionary, environmental",2,0.023529411764705882
2011-2015,Management and OR,5,"traffic, bus, congestion, lane, game, passengers, vehicles, route, transportation, driver",1,0.011764705882352941
2011-2015,Management and OR,6,"team, decision, group, mediation, framing, members, consensus, committee, game, solution",2,0.023529411764705882
2011-2015,Management and OR,8,"social, hq, csr, mnes, subsidiary, greenwashing, global, responsible, subsidiaries, srs",1,0.011764705882352941
2011-2015,Mathematics,0,"games, game, strategies, equilibrium, player, players, mml, theory, strategy, nash",72,0.72
2011-2015,Mathematics,1,"evolutionary, government, enterprises, game, innovation, model, mechanism, public, strategy, construction",8,0.08
2011-2015,Mathematics,2,"supply, chain, manufacturer, retailer, green, price, pricing, product, fairness, decisions",6,0.06
2011-2015,Mathematics,3,"reinsurance, risk, investment, optimal, variance, time, asset, consistent, insurance, insurer",2,0.02
2011-2015,Mathematics,4,"queueing, queue, customers, traffic, server, research, patients, operations, university, equilibrium",2,0.02
2011-2015,Mathematics,5,"stability, bifurcation, delays, dynamics, delay, game, nash, equilibrium, imitative, hopf",3,0.03
2011-2015,Mathematics,7,"fuzzy, design, method, optimization, game, multiobjective, based, variables, atanassov, function",3,0.03
2011-2015,Mathematics,8,"energy, computing, node, wireless, mobile, power, algorithm, offloading, nodes, networks",4,0.04
2011-2015,Medicine,1,"vaccination, control, disease, population, attack, coverage, security, vaccine, optimal, systems",2,0.13333333333333333
2011-2015,Medicine,2,"games, game, social, choice, learning, human, cooperation, cooperative, participants, behavior",11,0.7333333333333333
2011-2015,Medicine,3,"game, theory, patient, knowledge, cooperation, strategy, care, medical, decision, management",2,0.13333333333333333
2011-2015,Other Professional Fields,0,"shipping, game, container, capacity, ports, strategy, expansion, port, speed, sharing",2,0.2
2011-2015,Other Professional Fields,2,"game, play, video, group, groups, theory, students, research, experiment, games",2,0.2
2011-2015,Other Professional Fields,3,"traffic, approach, game, making, problem, education, decision, toll, government, assignment",1,0.1
2011-2015,Other Professional Fields,4,"outsourcing, information, security, theory, strategic, relational, motivations, decision, core, case",2,0.2
2011-2015,Other Professional Fields,5,"model, product, market, content, firms, free, blockchain, behavior, service, products",3,0.3
2011-2015,Other Social Sciences,1,"defender, security, attacker, risk, cyber, game, allocation, defense, attacks, model",3,0.15789473684210525
2011-2015,Other Social Sciences,2,"gt, lt, li, game, social, learning, theory, behavior, evolutionary, evolution",10,0.5263157894736842
2011-2015,Other Social Sciences,3,"theory, game, analysis, political, institutions, european, coopetition, economic, institutional, equilibrium",5,0.2631578947368421
2011-2015,Other Social Sciences,4,"environmental, public, carbon, game, evolutionary, enterprises, government, charging, regulation, pollution",1,0.05263157894736842
2011-2015,Physics,0,"cooperation, evolutionary, game, strategy, games, dynamics, evolution, model, individuals, strategies",35,0.47297297297297297
2011-2015,Physics,1,"game, energy, network, power, nodes, sensor, wireless, networks, algorithm, proposed",15,0.20270270270270271
2011-2015,Physics,2,"quantum, game, games, theory, strategies, players, information, classical, player, learning",12,0.16216216216216217
2011-2015,Physics,3,"pedestrians, evacuation, traffic, pedestrian, flow, lane, model, game, room, agents",7,0.0945945945945946
2011-2015,Physics,5,"radar, allocation, target, imaging, task, power, game, problem, time, isar",2,0.02702702702702703
2011-2015,Physics,6,"mean, field, equations, discrete, algorithm, problem, differential, kolmogorov, parabolic, decentralised",1,0.013513513513513514
2011-2015,Physics,7,"energy, grid, smart, demand, users, vpp, networked, control, intermittent, optimization",1,0.013513513513513514
2011-2015,Physics,8,"seti, search, extraterrestrial, mutual, frequencies, meti, messaging, planck, active, intelligence",1,0.013513513513513514
2011-2015,Political Science,0,"game, political, policy, theory, theoretic, model, party, voting, legislative, preferences",18,0.32727272727272727
2011-2015,Political Science,1,"game, cooperation, international, theory, model, strategic, strategies, protection, states, social",21,0.38181818181818183
2011-2015,Political Science,2,"bargaining, crisis, war, international, information, commitment, costs, audience, public, model",1,0.01818181818181818
2011-2015,Political Science,3,"terrorism, terrorist, note, 2010, al, security, attacks, 2009, intelligence, december",9,0.16363636363636364
2011-2015,Political Science,4,"pp, conflict, nepal, violence, state, rebel, government, rebels, political, groups",3,0.05454545454545454
2011-2015,Political Science,5,"sanctions, sender, economic, target, coercion, senders, secondary, sanction, model, success",1,0.01818181818181818
2011-2015,Political Science,7,"repression, kin, media, rights, human, government, sexual, minority, protest, external",1,0.01818181818181818
2011-2015,Political Science,8,"power, shapley, indices, point, index, owen, sovs, strong, spatial, based",1,0.01818181818181818
2011-2015,Psychology,0,"evolutionary, government, game, theory, safety, governments, local, equilibrium, public, pattern",1,0.043478260869565216
2011-2015,Psychology,1,"game, theory, social, cooperation, behavior, decision, strategies, model, individuals, information",22,0.9565217391304348
2011-2015,Sociology,0,"game, theory, power, games, violence, micro, exchange, social, network, conflict",1,0.2
2011-2015,Sociology,1,"norms, dilemma, cooperation, prisoner, different, emerge, actors, game, emergence, subjects",2,0.4
2011-2015,Sociology,2,"commitment, game, strategy, social, actors, model, average, information, performance, interactions",2,0.4
2012-2016,Biology,0,"game, evolutionary, theory, cooperation, population, model, strategies, selection, strategy, evolution",79,0.6124031007751938
2012-2016,Biology,1,"government, carbon, enterprises, evolutionary, game, development, strategy, low, marine, supervision",2,0.015503875968992248
2012-2016,Biology,2,"vaccination, disease, game, host, model, epidemic, evolutionary, dynamics, vaccine, control",11,0.08527131782945736
2012-2016,Biology,3,"management, game, based, model, nash, theory, fisheries, cooperative, energy, fishers",11,0.08527131782945736
2012-2016,Biology,4,"plant, plants, height, water, growth, root, leaf, hydraulic, soil, trees",10,0.07751937984496124
2012-2016,Biology,5,"cancer, cells, tumour, game, evolutionary, cell, growth, treatment, therapies, dynamics",11,0.08527131782945736
2012-2016,Biology,6,"supply, chain, product, channel, retailer, information, sharing, quality, pricing, retailers",2,0.015503875968992248
2012-2016,Biology,8,"quantum, classical, player, rational, game, setting, epr, secret, games, factorizable",3,0.023255813953488372
2012-2016,Computer Science,0,"game, edge, cloud, users, computing, problem, mobile, proposed, equilibrium, nash",49,0.3858267716535433
2012-2016,Computer Science,1,"game, government, energy, supply, market, evolutionary, model, strategy, chain, study",8,0.06299212598425197
2012-2016,Computer Science,2,"games, fuzzy, game, cooperative, theory, player, players, based, strategies, set",37,0.29133858267716534
2012-2016,Computer Science,3,"attack, defense, game, security, model, attacks, network, strategy, based, blockchain",19,0.14960629921259844
2012-2016,Computer Science,4,"learning, game, reinforcement, control, based, games, marl, algorithm, equilibrium, multiagent",12,0.09448818897637795
2012-2016,Computer Science,5,"optimization, uav, swarm, particle, algorithm, task, uavs, proposed, energy, game",1,0.007874015748031496
2012-2016,Computer Science,8,"scheduler, matching, data, mapreduce, tardiness, virtual, flows, aware, vls, resource",1,0.007874015748031496
2012-2016,Economics,0,"games, game, equilibrium, players, repeated, equilibria, theory, model, player, payoffs",65,0.6310679611650486
2012-2016,Economics,1,"firms, firm, market, product, equilibrium, model, competition, game, price, competitive",19,0.18446601941747573
2012-2016,Economics,2,"countries, international, trade, game, climate, environmental, power, market, global, model",7,0.06796116504854369
2012-2016,Economics,3,"sports, football, league, leagues, transfer, soccer, revenue, duopsony, talent, game",6,0.05825242718446602
2012-2016,Economics,5,"government, enterprises, evolutionary, green, diffusion, game, sustainable, development, export, industry",2,0.019417475728155338
2012-2016,Economics,6,"inflation, bank, fiscal, central, monetary, targeting, policy, macroprudential, target, account",1,0.009708737864077669
2012-2016,Economics,7,"gm, household, efficiency, households, wives, husbands, allocation, agricultural, crops, income",3,0.02912621359223301
2012-2016,Engineering and Technology,0,"game, networks, network, users, power, proposed, problem, algorithm, based, allocation",217,0.5771276595744681
2012-2016,Engineering and Technology,1,"energy, market, power, game, electricity, based, demand, proposed, model, carbon",51,0.1356382978723404
2012-2016,Engineering and Technology,2,"games, stochastic, game, agents, nash, equilibrium, players, control, time, dynamics",50,0.13297872340425532
2012-2016,Engineering and Technology,3,"game, data, attacks, model, defense, security, based, privacy, attack, cyber",23,0.061170212765957445
2012-2016,Engineering and Technology,4,"game, control, vehicle, driver, driving, vehicles, traffic, lane, strategy, based",11,0.02925531914893617
2012-2016,Engineering and Technology,5,"supply, chain, manufacturer, product, supplier, retailer, advertising, retailers, model, products",13,0.034574468085106384
2012-2016,Engineering and Technology,6,"evolutionary, knowledge, design, game, project, model, theory, decision, value, projects",9,0.023936170212765957
2012-2016,Engineering and Technology,7,"cdm, airlines, air, airport, merging, cargo, landing, code, model, carriers",1,0.0026595744680851063
2012-2016,Engineering and Technology,8,"scheduling, manufacturing, cmfg, shop, job, machine, service, logistic, ne, game",1,0.0026595744680851063
2012-2016,Geoscience,2,"water, cooperative, river, basin, resources, ecological, game, compensation, allocation, decision",7,0.7777777777777778
2012-2016,Geoscience,3,"game, pollution, parking, traffic, lane, air, climate, model, based, changing",1,0.1111111111111111
2012-2016,Geoscience,6,"farmers, fallow, land, game, lost, foresight, process, institutional, local, peasants",1,0.1111111111111111
2012-2016,Humanities,1,"social, capital, individuals, putnam, theory, game, action, al, et, trust",3,0.6
2012-2016,Humanities,2,"game, theoretic, word, pragmatics, optimality, intention, principles, model, meaning, interpretation",2,0.4
2012-2016,Management and OR,0,"supply, chain, model, retailer, channel, price, manufacturer, game, product, market",44,0.4943820224719101
2012-2016,Management and OR,1,"game, games, equilibrium, mml, players, model, stochastic, nash, problem, equilibria",28,0.3146067415730337
2012-2016,Management and OR,2,"innovation, strategic, game, firms, theory, firm, research, technology, model, alliances",9,0.10112359550561797
2012-2016,Management and OR,3,"projects, game, project, government, evolutionary, public, construction, ppp, design, supervision",3,0.033707865168539325
2012-2016,Management and OR,4,"carbon, energy, emission, government, emissions, low, game, green, evolutionary, environmental",2,0.02247191011235955
2012-2016,Management and OR,5,"traffic, bus, congestion, lane, game, passengers, vehicles, route, transportation, driver",1,0.011235955056179775
2012-2016,Management and OR,6,"team, decision, group, mediation, framing, members, consensus, committee, game, solution",1,0.011235955056179775
2012-2016,Management and OR,8,"social, hq, csr, mnes, subsidiary, greenwashing, global, responsible, subsidiaries, srs",1,0.011235955056179775
2012-2016,Mathematics,0,"games, game, strategies, equilibrium, player, players, mml, theory, strategy, nash",76,0.6785714285714286
2012-2016,Mathematics,1,"evolutionary, government, enterprises, game, innovation, model, mechanism, public, strategy, construction",10,0.08928571428571429
2012-2016,Mathematics,2,"supply, chain, manufacturer, retailer, green, price, pricing, product, fairness, decisions",8,0.07142857142857142
2012-2016,Mathematics,3,"reinsurance, risk, investment, optimal, variance, time, asset, consistent, insurance, insurer",4,0.03571428571428571
2012-2016,Mathematics,4,"queueing, queue, customers, traffic, server, research, patients, operations, university, equilibrium",3,0.026785714285714284
2012-2016,Mathematics,5,"stability, bifurcation, delays, dynamics, delay, game, nash, equilibrium, imitative, hopf",3,0.026785714285714284
2012-2016,Mathematics,7,"fuzzy, design, method, optimization, game, multiobjective, based, variables, atanassov, function",4,0.03571428571428571
2012-2016,Mathematics,8,"energy, computing, node, wireless, mobile, power, algorithm, offloading, nodes, networks",4,0.03571428571428571
2012-2016,Medicine,1,"vaccination, control, disease, population, attack, coverage, security, vaccine, optimal, systems",1,0.0625
2012-2016,Medicine,2,"games, game, social, choice, learning, human, cooperation, cooperative, participants, behavior",11,0.6875
2012-2016,Medicine,3,"game, theory, patient, knowledge, cooperation, strategy, care, medical, decision, management",4,0.25
2012-2016,Other Professional Fields,0,"shipping, game, container, capacity, ports, strategy, expansion, port, speed, sharing",4,0.3333333333333333
2012-2016,Other Professional Fields,2,"game, play, video, group, groups, theory, students, research, experiment, games",2,0.16666666666666666
2012-2016,Other Professional Fields,3,"traffic, approach, game, making, problem, education, decision, toll, government, assignment",1,0.08333333333333333
2012-2016,Other Professional Fields,4,"outsourcing, information, security, theory, strategic, relational, motivations, decision, core, case",2,0.16666666666666666
2012-2016,Other Professional Fields,5,"model, product, market, content, firms, free, blockchain, behavior, service, products",3,0.25
2012-2016,Other Social Sciences,1,"defender, security, attacker, risk, cyber, game, allocation, defense, attacks, model",2,0.1111111111111111
2012-2016,Other Social Sciences,2,"gt, lt, li, game, social, learning, theory, behavior, evolutionary, evolution",10,0.5555555555555556
2012-2016,Other Social Sciences,3,"theory, game, analysis, political, institutions, european, coopetition, economic, institutional, equilibrium",5,0.2777777777777778
2012-2016,Other Social Sciences,6,"manufacturing, cloud, multiple, platforms, platform, competition, equilibrium, suppliers, participants, game",1,0.05555555555555555
2012-2016,Physics,0,"cooperation, evolutionary, game, strategy, games, dynamics, evolution, model, individuals, strategies",38,0.5066666666666667
2012-2016,Physics,1,"game, energy, network, power, nodes, sensor, wireless, networks, algorithm, proposed",15,0.2
2012-2016,Physics,2,"quantum, game, games, theory, strategies, players, information, classical, player, learning",11,0.14666666666666667
2012-2016,Physics,3,"pedestrians, evacuation, traffic, pedestrian, flow, lane, model, game, room, agents",6,0.08
2012-2016,Physics,4,"chain, supply, channel, manufacturer, retailer, product, agricultural, model, profit, agency",1,0.013333333333333334
2012-2016,Physics,5,"radar, allocation, target, imaging, task, power, game, problem, time, isar",1,0.013333333333333334
2012-2016,Physics,6,"mean, field, equations, discrete, algorithm, problem, differential, kolmogorov, parabolic, decentralised",1,0.013333333333333334
2012-2016,Physics,7,"energy, grid, smart, demand, users, vpp, networked, control, intermittent, optimization",1,0.013333333333333334
2012-2016,Physics,8,"seti, search, extraterrestrial, mutual, frequencies, meti, messaging, planck, active, intelligence",1,0.013333333333333334
2012-2016,Political Science,0,"game, political, policy, theory, theoretic, model, party, voting, legislative, preferences",15,0.3191489361702128
2012-2016,Political Science,1,"game, cooperation, international, theory, model, strategic, strategies, protection, states, social",22,0.46808510638297873
2012-2016,Political Science,2,"bargaining, crisis, war, international, information, commitment, costs, audience, public, model",1,0.02127659574468085
2012-2016,Political Science,3,"terrorism, terrorist, note, 2010, al, security, attacks, 2009, intelligence, december",3,0.06382978723404255
2012-2016,Political Science,4,"pp, conflict, nepal, violence, state, rebel, government, rebels, political, groups",3,0.06382978723404255
2012-2016,Political Science,5,"sanctions, sender, economic, target, coercion, senders, secondary, sanction, model, success",2,0.0425531914893617
2012-2016,Political Science,7,"repression, kin, media, rights, human, government, sexual, minority, protest, external",1,0.02127659574468085
2012-2016,Psychology,0,"evolutionary, government, game, theory, safety, governments, local, equilibrium, public, pattern",1,0.047619047619047616
2012-2016,Psychology,1,"game, theory, social, cooperation, behavior, decision, strategies, model, individuals, information",20,0.9523809523809523
2012-2016,Sociology,0,"game, theory, power, games, violence, micro, exchange, social, network, conflict",1,0.2
2012-2016,Sociology,1,"norms, dilemma, cooperation, prisoner, different, emerge, actors, game, emergence, subjects",2,0.4
2012-2016,Sociology,2,"commitment, game, strategy, social, actors, model, average, information, performance, interactions",2,0.4
2013-2017,Biology,0,"game, evolutionary, theory, cooperation, population, model, strategies, selection, strategy, evolution",70,0.5737704918032787
2013-2017,Biology,1,"government, carbon, enterprises, evolutionary, game, development, strategy, low, marine, supervision",2,0.01639344262295082
2013-2017,Biology,2,"vaccination, disease, game, host, model, epidemic, evolutionary, dynamics, vaccine, control",10,0.08196721311475409
2013-2017,Biology,3,"management, game, based, model, nash, theory, fisheries, cooperative, energy, fishers",14,0.11475409836065574
2013-2017,Biology,4,"plant, plants, height, water, growth, root, leaf, hydraulic, soil, trees",9,0.07377049180327869
2013-2017,Biology,5,"cancer, cells, tumour, game, evolutionary, cell, growth, treatment, therapies, dynamics",11,0.09016393442622951
2013-2017,Biology,6,"supply, chain, product, channel, retailer, information, sharing, quality, pricing, retailers",3,0.02459016393442623
2013-2017,Biology,7,"bifurcation, mml, matrix, structured, evolutionary, discrete, models, equations, theorem, dynamics",1,0.00819672131147541
2013-2017,Biology,8,"quantum, classical, player, rational, game, setting, epr, secret, games, factorizable",2,0.01639344262295082
2013-2017,Computer Science,0,"game, edge, cloud, users, computing, problem, mobile, proposed, equilibrium, nash",54,0.38848920863309355
2013-2017,Computer Science,1,"game, government, energy, supply, market, evolutionary, model, strategy, chain, study",12,0.08633093525179857
2013-2017,Computer Science,2,"games, fuzzy, game, cooperative, theory, player, players, based, strategies, set",41,0.2949640287769784
2013-2017,Computer Science,3,"attack, defense, game, security, model, attacks, network, strategy, based, blockchain",20,0.14388489208633093
2013-2017,Computer Science,4,"learning, game, reinforcement, control, based, games, marl, algorithm, equilibrium, multiagent",12,0.08633093525179857
2013-2017,Economics,0,"games, game, equilibrium, players, repeated, equilibria, theory, model, player, payoffs",62,0.6326530612244898
2013-2017,Economics,1,"firms, firm, market, product, equilibrium, model, competition, game, price, competitive",17,0.17346938775510204
2013-2017,Economics,2,"countries, international, trade, game, climate, environmental, power, market, global, model",7,0.07142857142857142
2013-2017,Economics,3,"sports, football, league, leagues, transfer, soccer, revenue, duopsony, talent, game",5,0.05102040816326531
2013-2017,Economics,4,"moral, norms, morality, trust, guilt, social, economic, theory, markets, ethics",1,0.01020408163265306
2013-2017,Economics,6,"inflation, bank, fiscal, central, monetary, targeting, policy, macroprudential, target, account",2,0.02040816326530612
2013-2017,Economics,7,"gm, household, efficiency, households, wives, husbands, allocation, agricultural, crops, income",4,0.04081632653061224
2013-2017,Engineering and Technology,0,"game, networks, network, users, power, proposed, problem, algorithm, based, allocation",231,0.5226244343891403
2013-2017,Engineering and Technology,1,"energy, market, power, game, electricity, based, demand, proposed, model, carbon",66,0.1493212669683258
2013-2017,Engineering and Technology,2,"games, stochastic, game, agents, nash, equilibrium, players, control, time, dynamics",61,0.13800904977375567
2013-2017,Engineering and Technology,3,"game, data, attacks, model, defense, security, based, privacy, attack, cyber",43,0.09728506787330317
2013-2017,Engineering and Technology,4,"game, control, vehicle, driver, driving, vehicles, traffic, lane, strategy, based",10,0.02262443438914027
2013-2017,Engineering and Technology,5,"supply, chain, manufacturer, product, supplier, retailer, advertising, retailers, model, products",18,0.04072398190045249
2013-2017,Engineering and Technology,6,"evolutionary, knowledge, design, game, project, model, theory, decision, value, projects",11,0.024886877828054297
2013-2017,Engineering and Technology,7,"cdm, airlines, air, airport, merging, cargo, landing, code, model, carriers",1,0.0022624434389140274
2013-2017,Engineering and Technology,8,"scheduling, manufacturing, cmfg, shop, job, machine, service, logistic, ne, game",1,0.0022624434389140274
2013-2017,Geoscience,0,"evolutionary, government, carbon, game, green, enterprises, model, innovation, energy, development",1,0.07692307692307693
2013-2017,Geoscience,1,"supply, chain, carbon, low, products, retailer, manufacturer, channel, remanufacturing, price",3,0.23076923076923078
2013-2017,Geoscience,2,"water, cooperative, river, basin, resources, ecological, game, compensation, allocation, decision",6,0.46153846153846156
2013-2017,Geoscience,3,"game, pollution, parking, traffic, lane, air, climate, model, based, changing",2,0.15384615384615385
2013-2017,Geoscience,6,"farmers, fallow, land, game, lost, foresight, process, institutional, local, peasants",1,0.07692307692307693
2013-2017,Humanities,0,"games, accessed, http, www, com, 2008, narrative, play, 2007, april",1,0.2
2013-2017,Humanities,1,"social, capital, individuals, putnam, theory, game, action, al, et, trust",2,0.4
2013-2017,Humanities,2,"game, theoretic, word, pragmatics, optimality, intention, principles, model, meaning, interpretation",2,0.4
2013-2017,Management and OR,0,"supply, chain, model, retailer, channel, price, manufacturer, game, product, market",41,0.44086021505376344
2013-2017,Management and OR,1,"game, games, equilibrium, mml, players, model, stochastic, nash, problem, equilibria",27,0.2903225806451613
2013-2017,Management and OR,2,"innovation, strategic, game, firms, theory, firm, research, technology, model, alliances",12,0.12903225806451613
2013-2017,Management and OR,3,"projects, game, project, government, evolutionary, public, construction, ppp, design, supervision",5,0.053763440860215055
2013-2017,Management and OR,4,"carbon, energy, emission, government, emissions, low, game, green, evolutionary, environmental",2,0.021505376344086023
2013-2017,Management and OR,5,"traffic, bus, congestion, lane, game, passengers, vehicles, route, transportation, driver",3,0.03225806451612903
2013-2017,Management and OR,6,"team, decision, group, mediation, framing, members, consensus, committee, game, solution",1,0.010752688172043012
2013-2017,Management and OR,7,"dea, dmus, efficiency, units, game, envelopment, approach, hospitals, internal, level",1,0.010752688172043012
2013-2017,Management and OR,8,"social, hq, csr, mnes, subsidiary, greenwashing, global, responsible, subsidiaries, srs",1,0.010752688172043012
2013-2017,Mathematics,0,"games, game, strategies, equilibrium, player, players, mml, theory, strategy, nash",76,0.6846846846846847
2013-2017,Mathematics,1,"evolutionary, government, enterprises, game, innovation, model, mechanism, public, strategy, construction",10,0.09009009009009009
2013-2017,Mathematics,2,"supply, chain, manufacturer, retailer, green, price, pricing, product, fairness, decisions",8,0.07207207207207207
2013-2017,Mathematics,3,"reinsurance, risk, investment, optimal, variance, time, asset, consistent, insurance, insurer",5,0.04504504504504504
2013-2017,Mathematics,4,"queueing, queue, customers, traffic, server, research, patients, operations, university, equilibrium",3,0.02702702702702703
2013-2017,Mathematics,5,"stability, bifurcation, delays, dynamics, delay, game, nash, equilibrium, imitative, hopf",3,0.02702702702702703
2013-2017,Mathematics,7,"fuzzy, design, method, optimization, game, multiobjective, based, variables, atanassov, function",3,0.02702702702702703
2013-2017,Mathematics,8,"energy, computing, node, wireless, mobile, power, algorithm, offloading, nodes, networks",3,0.02702702702702703
2013-2017,Medicine,0,"tumor, cells, cancer, growth, cell, virulence, cycles, tumors, evolutionary, schedules",1,0.07692307692307693
2013-2017,Medicine,1,"vaccination, control, disease, population, attack, coverage, security, vaccine, optimal, systems",1,0.07692307692307693
2013-2017,Medicine,2,"games, game, social, choice, learning, human, cooperation, cooperative, participants, behavior",6,0.46153846153846156
2013-2017,Medicine,3,"game, theory, patient, knowledge, cooperation, strategy, care, medical, decision, management",5,0.38461538461538464
2013-2017,Other Professional Fields,0,"shipping, game, container, capacity, ports, strategy, expansion, port, speed, sharing",5,0.5
2013-2017,Other Professional Fields,2,"game, play, video, group, groups, theory, students, research, experiment, games",1,0.1
2013-2017,Other Professional Fields,3,"traffic, approach, game, making, problem, education, decision, toll, government, assignment",1,0.1
2013-2017,Other Professional Fields,4,"outsourcing, information, security, theory, strategic, relational, motivations, decision, core, case",1,0.1
2013-2017,Other Professional Fields,5,"model, product, market, content, firms, free, blockchain, behavior, service, products",2,0.2
2013-2017,Other Social Sciences,0,"infrastructure, interdependent, network, restoration, decentralized, recovery, networks, decision, decisions, moving",2,0.10526315789473684
2013-2017,Other Social Sciences,1,"defender, security, attacker, risk, cyber, game, allocation, defense, attacks, model",3,0.15789473684210525
2013-2017,Other Social Sciences,2,"gt, lt, li, game, social, learning, theory, behavior, evolutionary, evolution",9,0.47368421052631576
2013-2017,Other Social Sciences,3,"theory, game, analysis, political, institutions, european, coopetition, economic, institutional, equilibrium",4,0.21052631578947367
2013-2017,Other Social Sciences,6,"manufacturing, cloud, multiple, platforms, platform, competition, equilibrium, suppliers, participants, game",1,0.05263157894736842
2013-2017,Physics,0,"cooperation, evolutionary, game, strategy, games, dynamics, evolution, model, individuals, strategies",35,0.47297297297297297
2013-2017,Physics,1,"game, energy, network, power, nodes, sensor, wireless, networks, algorithm, proposed",14,0.1891891891891892
2013-2017,Physics,2,"quantum, game, games, theory, strategies, players, information, classical, player, learning",12,0.16216216216216217
2013-2017,Physics,3,"pedestrians, evacuation, traffic, pedestrian, flow, lane, model, game, room, agents",7,0.0945945945945946
2013-2017,Physics,4,"chain, supply, channel, manufacturer, retailer, product, agricultural, model, profit, agency",1,0.013513513513513514
2013-2017,Physics,5,"radar, allocation, target, imaging, task, power, game, problem, time, isar",2,0.02702702702702703
2013-2017,Physics,6,"mean, field, equations, discrete, algorithm, problem, differential, kolmogorov, parabolic, decentralised",1,0.013513513513513514
2013-2017,Physics,7,"energy, grid, smart, demand, users, vpp, networked, control, intermittent, optimization",2,0.02702702702702703
2013-2017,Political Science,0,"game, political, policy, theory, theoretic, model, party, voting, legislative, preferences",17,0.3333333333333333
2013-2017,Political Science,1,"game, cooperation, international, theory, model, strategic, strategies, protection, states, social",21,0.4117647058823529
2013-2017,Political Science,2,"bargaining, crisis, war, international, information, commitment, costs, audience, public, model",1,0.0196078431372549
2013-2017,Political Science,3,"terrorism, terrorist, note, 2010, al, security, attacks, 2009, intelligence, december",4,0.0784313725490196
2013-2017,Political Science,4,"pp, conflict, nepal, violence, state, rebel, government, rebels, political, groups",3,0.058823529411764705
2013-2017,Political Science,5,"sanctions, sender, economic, target, coercion, senders, secondary, sanction, model, success",2,0.0392156862745098
2013-2017,Political Science,6,"rationality, peace, war, models, rapoport, value, machines, theory, systems, field",1,0.0196078431372549
2013-2017,Political Science,7,"repression, kin, media, rights, human, government, sexual, minority, protest, external",2,0.0392156862745098
2013-2017,Psychology,1,"game, theory, social, cooperation, behavior, decision, strategies, model, individuals, information",18,1
2013-2017,Sociology,0,"game, theory, power, games, violence, micro, exchange, social, network, conflict",1,0.25
2013-2017,Sociology,1,"norms, dilemma, cooperation, prisoner, different, emerge, actors, game, emergence, subjects",2,0.5
2013-2017,Sociology,2,"commitment, game, strategy, social, actors, model, average, information, performance, interactions",1,0.25
2014-2018,Biology,0,"game, evolutionary, theory, cooperation, population, model, strategies, selection, strategy, evolution",64,0.5378151260504201
2014-2018,Biology,1,"government, carbon, enterprises, evolutionary, game, development, strategy, low, marine, supervision",2,0.01680672268907563
2014-2018,Biology,2,"vaccination, disease, game, host, model, epidemic, evolutionary, dynamics, vaccine, control",12,0.10084033613445378
2014-2018,Biology,3,"management, game, based, model, nash, theory, fisheries, cooperative, energy, fishers",16,0.13445378151260504
2014-2018,Biology,4,"plant, plants, height, water, growth, root, leaf, hydraulic, soil, trees",7,0.058823529411764705
2014-2018,Biology,5,"cancer, cells, tumour, game, evolutionary, cell, growth, treatment, therapies, dynamics",11,0.09243697478991597
2014-2018,Biology,6,"supply, chain, product, channel, retailer, information, sharing, quality, pricing, retailers",3,0.025210084033613446
2014-2018,Biology,7,"bifurcation, mml, matrix, structured, evolutionary, discrete, models, equations, theorem, dynamics",1,0.008403361344537815
2014-2018,Biology,8,"quantum, classical, player, rational, game, setting, epr, secret, games, factorizable",3,0.025210084033613446
2014-2018,Computer Science,0,"game, edge, cloud, users, computing, problem, mobile, proposed, equilibrium, nash",71,0.37967914438502676
2014-2018,Computer Science,1,"game, government, energy, supply, market, evolutionary, model, strategy, chain, study",24,0.12834224598930483
2014-2018,Computer Science,2,"games, fuzzy, game, cooperative, theory, player, players, based, strategies, set",49,0.2620320855614973
2014-2018,Computer Science,3,"attack, defense, game, security, model, attacks, network, strategy, based, blockchain",24,0.12834224598930483
2014-2018,Computer Science,4,"learning, game, reinforcement, control, based, games, marl, algorithm, equilibrium, multiagent",16,0.0855614973262032
2014-2018,Computer Science,5,"optimization, uav, swarm, particle, algorithm, task, uavs, proposed, energy, game",3,0.016042780748663103
2014-2018,Economics,0,"games, game, equilibrium, players, repeated, equilibria, theory, model, player, payoffs",77,0.6695652173913044
2014-2018,Economics,1,"firms, firm, market, product, equilibrium, model, competition, game, price, competitive",16,0.1391304347826087
2014-2018,Economics,2,"countries, international, trade, game, climate, environmental, power, market, global, model",9,0.0782608695652174
2014-2018,Economics,3,"sports, football, league, leagues, transfer, soccer, revenue, duopsony, talent, game",5,0.043478260869565216
2014-2018,Economics,4,"moral, norms, morality, trust, guilt, social, economic, theory, markets, ethics",2,0.017391304347826087
2014-2018,Economics,5,"government, enterprises, evolutionary, green, diffusion, game, sustainable, development, export, industry",2,0.017391304347826087
2014-2018,Economics,6,"inflation, bank, fiscal, central, monetary, targeting, policy, macroprudential, target, account",2,0.017391304347826087
2014-2018,Economics,7,"gm, household, efficiency, households, wives, husbands, allocation, agricultural, crops, income",2,0.017391304347826087
2014-2018,Engineering and Technology,0,"game, networks, network, users, power, proposed, problem, algorithm, based, allocation",249,0.49502982107355864
2014-2018,Engineering and Technology,1,"energy, market, power, game, electricity, based, demand, proposed, model, carbon",87,0.17296222664015903
2014-2018,Engineering and Technology,2,"games, stochastic, game, agents, nash, equilibrium, players, control, time, dynamics",56,0.11133200795228629
2014-2018,Engineering and Technology,3,"game, data, attacks, model, defense, security, based, privacy, attack, cyber",63,0.12524850894632206
2014-2018,Engineering and Technology,4,"game, control, vehicle, driver, driving, vehicles, traffic, lane, strategy, based",14,0.027833001988071572
2014-2018,Engineering and Technology,5,"supply, chain, manufacturer, product, supplier, retailer, advertising, retailers, model, products",20,0.039761431411530816
2014-2018,Engineering and Technology,6,"evolutionary, knowledge, design, game, project, model, theory, decision, value, projects",12,0.02385685884691849
2014-2018,Engineering and Technology,7,"cdm, airlines, air, airport, merging, cargo, landing, code, model, carriers",2,0.003976143141153081
2014-2018,Geoscience,0,"evolutionary, government, carbon, game, green, enterprises, model, innovation, energy, development",12,0.34285714285714286
2014-2018,Geoscience,1,"supply, chain, carbon, low, products, retailer, manufacturer, channel, remanufacturing, price",13,0.37142857142857144
2014-2018,Geoscience,2,"water, cooperative, river, basin, resources, ecological, game, compensation, allocation, decision",6,0.17142857142857143
2014-2018,Geoscience,3,"game, pollution, parking, traffic, lane, air, climate, model, based, changing",3,0.08571428571428572
2014-2018,Geoscience,6,"farmers, fallow, land, game, lost, foresight, process, institutional, local, peasants",1,0.02857142857142857
2014-2018,Humanities,0,"games, accessed, http, www, com, 2008, narrative, play, 2007, april",2,0.4
2014-2018,Humanities,1,"social, capital, individuals, putnam, theory, game, action, al, et, trust",2,0.4
2014-2018,Humanities,2,"game, theoretic, word, pragmatics, optimality, intention, principles, model, meaning, interpretation",1,0.2
2014-2018,Management and OR,0,"supply, chain, model, retailer, channel, price, manufacturer, game, product, market",49,0.44545454545454544
2014-2018,Management and OR,1,"game, games, equilibrium, mml, players, model, stochastic, nash, problem, equilibria",29,0.2636363636363636
2014-2018,Management and OR,2,"innovation, strategic, game, firms, theory, firm, research, technology, model, alliances",12,0.10909090909090909
2014-2018,Management and OR,3,"projects, game, project, government, evolutionary, public, construction, ppp, design, supervision",5,0.045454545454545456
2014-2018,Management and OR,4,"carbon, energy, emission, government, emissions, low, game, green, evolutionary, environmental",3,0.02727272727272727
2014-2018,Management and OR,5,"traffic, bus, congestion, lane, game, passengers, vehicles, route, transportation, driver",6,0.05454545454545454
2014-2018,Management and OR,6,"team, decision, group, mediation, framing, members, consensus, committee, game, solution",2,0.01818181818181818
2014-2018,Management and OR,7,"dea, dmus, efficiency, units, game, envelopment, approach, hospitals, internal, level",3,0.02727272727272727
2014-2018,Management and OR,8,"social, hq, csr, mnes, subsidiary, greenwashing, global, responsible, subsidiaries, srs",1,0.00909090909090909
2014-2018,Mathematics,0,"games, game, strategies, equilibrium, player, players, mml, theory, strategy, nash",76,0.6440677966101694
2014-2018,Mathematics,1,"evolutionary, government, enterprises, game, innovation, model, mechanism, public, strategy, construction",17,0.1440677966101695
2014-2018,Mathematics,2,"supply, chain, manufacturer, retailer, green, price, pricing, product, fairness, decisions",8,0.06779661016949153
2014-2018,Mathematics,3,"reinsurance, risk, investment, optimal, variance, time, asset, consistent, insurance, insurer",6,0.05084745762711865
2014-2018,Mathematics,4,"queueing, queue, customers, traffic, server, research, patients, operations, university, equilibrium",5,0.0423728813559322
2014-2018,Mathematics,5,"stability, bifurcation, delays, dynamics, delay, game, nash, equilibrium, imitative, hopf",2,0.01694915254237288
2014-2018,Mathematics,7,"fuzzy, design, method, optimization, game, multiobjective, based, variables, atanassov, function",2,0.01694915254237288
2014-2018,Mathematics,8,"energy, computing, node, wireless, mobile, power, algorithm, offloading, nodes, networks",2,0.01694915254237288
2014-2018,Medicine,0,"tumor, cells, cancer, growth, cell, virulence, cycles, tumors, evolutionary, schedules",2,0.14285714285714285
2014-2018,Medicine,2,"games, game, social, choice, learning, human, cooperation, cooperative, participants, behavior",7,0.5
2014-2018,Medicine,3,"game, theory, patient, knowledge, cooperation, strategy, care, medical, decision, management",5,0.35714285714285715
2014-2018,Other Professional Fields,0,"shipping, game, container, capacity, ports, strategy, expansion, port, speed, sharing",5,0.4166666666666667
2014-2018,Other Professional Fields,2,"game, play, video, group, groups, theory, students, research, experiment, games",2,0.16666666666666666
2014-2018,Other Professional Fields,3,"traffic, approach, game, making, problem, education, decision, toll, government, assignment",1,0.08333333333333333
2014-2018,Other Professional Fields,4,"outsourcing, information, security, theory, strategic, relational, motivations, decision, core, case",1,0.08333333333333333
2014-2018,Other Professional Fields,5,"model, product, market, content, firms, free, blockchain, behavior, service, products",3,0.25
2014-2018,Other Social Sciences,0,"infrastructure, interdependent, network, restoration, decentralized, recovery, networks, decision, decisions, moving",2,0.10526315789473684
2014-2018,Other Social Sciences,1,"defender, security, attacker, risk, cyber, game, allocation, defense, attacks, model",4,0.21052631578947367
2014-2018,Other Social Sciences,2,"gt, lt, li, game, social, learning, theory, behavior, evolutionary, evolution",7,0.3684210526315789
2014-2018,Other Social Sciences,3,"theory, game, analysis, political, institutions, european, coopetition, economic, institutional, equilibrium",5,0.2631578947368421
2014-2018,Other Social Sciences,6,"manufacturing, cloud, multiple, platforms, platform, competition, equilibrium, suppliers, participants, game",1,0.05263157894736842
2014-2018,Physics,0,"cooperation, evolutionary, game, strategy, games, dynamics, evolution, model, individuals, strategies",38,0.4935064935064935
2014-2018,Physics,1,"game, energy, network, power, nodes, sensor, wireless, networks, algorithm, proposed",13,0.16883116883116883
2014-2018,Physics,2,"quantum, game, games, theory, strategies, players, information, classical, player, learning",9,0.11688311688311688
2014-2018,Physics,3,"pedestrians, evacuation, traffic, pedestrian, flow, lane, model, game, room, agents",9,0.11688311688311688
2014-2018,Physics,4,"chain, supply, channel, manufacturer, retailer, product, agricultural, model, profit, agency",2,0.025974025974025976
2014-2018,Physics,5,"radar, allocation, target, imaging, task, power, game, problem, time, isar",3,0.03896103896103896
2014-2018,Physics,6,"mean, field, equations, discrete, algorithm, problem, differential, kolmogorov, parabolic, decentralised",2,0.025974025974025976
2014-2018,Physics,7,"energy, grid, smart, demand, users, vpp, networked, control, intermittent, optimization",1,0.012987012987012988
2014-2018,Political Science,0,"game, political, policy, theory, theoretic, model, party, voting, legislative, preferences",15,0.3488372093023256
2014-2018,Political Science,1,"game, cooperation, international, theory, model, strategic, strategies, protection, states, social",16,0.37209302325581395
2014-2018,Political Science,2,"bargaining, crisis, war, international, information, commitment, costs, audience, public, model",1,0.023255813953488372
2014-2018,Political Science,3,"terrorism, terrorist, note, 2010, al, security, attacks, 2009, intelligence, december",3,0.06976744186046512
2014-2018,Political Science,4,"pp, conflict, nepal, violence, state, rebel, government, rebels, political, groups",2,0.046511627906976744
2014-2018,Political Science,5,"sanctions, sender, economic, target, coercion, senders, secondary, sanction, model, success",2,0.046511627906976744
2014-2018,Political Science,6,"rationality, peace, war, models, rapoport, value, machines, theory, systems, field",1,0.023255813953488372
2014-2018,Political Science,7,"repression, kin, media, rights, human, government, sexual, minority, protest, external",3,0.06976744186046512
2014-2018,Psychology,1,"game, theory, social, cooperation, behavior, decision, strategies, model, individuals, information",17,1
2014-2018,Sociology,0,"game, theory, power, games, violence, micro, exchange, social, network, conflict",2,0.4
2014-2018,Sociology,1,"norms, dilemma, cooperation, prisoner, different, emerge, actors, game, emergence, subjects",2,0.4
2014-2018,Sociology,2,"commitment, game, strategy, social, actors, model, average, information, performance, interactions",1,0.2
2015-2019,Biology,0,"game, evolutionary, theory, cooperation, population, model, strategies, selection, strategy, evolution",66,0.584070796460177
2015-2019,Biology,1,"government, carbon, enterprises, evolutionary, game, development, strategy, low, marine, supervision",3,0.02654867256637168
2015-2019,Biology,2,"vaccination, disease, game, host, model, epidemic, evolutionary, dynamics, vaccine, control",10,0.08849557522123894
2015-2019,Biology,3,"management, game, based, model, nash, theory, fisheries, cooperative, energy, fishers",16,0.1415929203539823
2015-2019,Biology,4,"plant, plants, height, water, growth, root, leaf, hydraulic, soil, trees",4,0.035398230088495575
2015-2019,Biology,5,"cancer, cells, tumour, game, evolutionary, cell, growth, treatment, therapies, dynamics",6,0.05309734513274336
2015-2019,Biology,6,"supply, chain, product, channel, retailer, information, sharing, quality, pricing, retailers",3,0.02654867256637168
2015-2019,Biology,7,"bifurcation, mml, matrix, structured, evolutionary, discrete, models, equations, theorem, dynamics",2,0.017699115044247787
2015-2019,Biology,8,"quantum, classical, player, rational, game, setting, epr, secret, games, factorizable",3,0.02654867256637168
2015-2019,Computer Science,0,"game, edge, cloud, users, computing, problem, mobile, proposed, equilibrium, nash",73,0.32589285714285715
2015-2019,Computer Science,1,"game, government, energy, supply, market, evolutionary, model, strategy, chain, study",41,0.18303571428571427
2015-2019,Computer Science,2,"games, fuzzy, game, cooperative, theory, player, players, based, strategies, set",38,0.16964285714285715
2015-2019,Computer Science,3,"attack, defense, game, security, model, attacks, network, strategy, based, blockchain",46,0.20535714285714285
2015-2019,Computer Science,4,"learning, game, reinforcement, control, based, games, marl, algorithm, equilibrium, multiagent",17,0.07589285714285714
2015-2019,Computer Science,5,"optimization, uav, swarm, particle, algorithm, task, uavs, proposed, energy, game",4,0.017857142857142856
2015-2019,Computer Science,6,"radar, jammer, jamming, polarization, game, strategies, monostatic, stackelberg, suppression, anti",2,0.008928571428571428
2015-2019,Computer Science,7,"economic, urbanization, development, mcdm, analysis, fuzzy, subjective, experts, criteria, green",1,0.004464285714285714
2015-2019,Computer Science,8,"scheduler, matching, data, mapreduce, tardiness, virtual, flows, aware, vls, resource",2,0.008928571428571428
2015-2019,Economics,0,"games, game, equilibrium, players, repeated, equilibria, theory, model, player, payoffs",85,0.7264957264957265
2015-2019,Economics,1,"firms, firm, market, product, equilibrium, model, competition, game, price, competitive",13,0.1111111111111111
2015-2019,Economics,2,"countries, international, trade, game, climate, environmental, power, market, global, model",9,0.07692307692307693
2015-2019,Economics,3,"sports, football, league, leagues, transfer, soccer, revenue, duopsony, talent, game",2,0.017094017094017096
2015-2019,Economics,4,"moral, norms, morality, trust, guilt, social, economic, theory, markets, ethics",2,0.017094017094017096
2015-2019,Economics,5,"government, enterprises, evolutionary, green, diffusion, game, sustainable, development, export, industry",3,0.02564102564102564
2015-2019,Economics,6,"inflation, bank, fiscal, central, monetary, targeting, policy, macroprudential, target, account",2,0.017094017094017096
2015-2019,Economics,7,"gm, household, efficiency, households, wives, husbands, allocation, agricultural, crops, income",1,0.008547008547008548
2015-2019,Engineering and Technology,0,"game, networks, network, users, power, proposed, problem, algorithm, based, allocation",241,0.4438305709023941
2015-2019,Engineering and Technology,1,"energy, market, power, game, electricity, based, demand, proposed, model, carbon",99,0.18232044198895028
2015-2019,Engineering and Technology,2,"games, stochastic, game, agents, nash, equilibrium, players, control, time, dynamics",68,0.1252302025782689
2015-2019,Engineering and Technology,3,"game, data, attacks, model, defense, security, based, privacy, attack, cyber",72,0.13259668508287292
2015-2019,Engineering and Technology,4,"game, control, vehicle, driver, driving, vehicles, traffic, lane, strategy, based",17,0.03130755064456722
2015-2019,Engineering and Technology,5,"supply, chain, manufacturer, product, supplier, retailer, advertising, retailers, model, products",25,0.04604051565377532
2015-2019,Engineering and Technology,6,"evolutionary, knowledge, design, game, project, model, theory, decision, value, projects",18,0.03314917127071823
2015-2019,Engineering and Technology,7,"cdm, airlines, air, airport, merging, cargo, landing, code, model, carriers",3,0.0055248618784530384
2015-2019,Geoscience,0,"evolutionary, government, carbon, game, green, enterprises, model, innovation, energy, development",27,0.4153846153846154
2015-2019,Geoscience,1,"supply, chain, carbon, low, products, retailer, manufacturer, channel, remanufacturing, price",19,0.2923076923076923
2015-2019,Geoscience,2,"water, cooperative, river, basin, resources, ecological, game, compensation, allocation, decision",9,0.13846153846153847
2015-2019,Geoscience,3,"game, pollution, parking, traffic, lane, air, climate, model, based, changing",4,0.06153846153846154
2015-2019,Geoscience,4,"emergency, safety, government, supervision, care, game, evolutionary, construction, strategy, elderly",2,0.03076923076923077
2015-2019,Geoscience,6,"farmers, fallow, land, game, lost, foresight, process, institutional, local, peasants",4,0.06153846153846154
2015-2019,Humanities,0,"games, accessed, http, www, com, 2008, narrative, play, 2007, april",2,0.4
2015-2019,Humanities,1,"social, capital, individuals, putnam, theory, game, action, al, et, trust",2,0.4
2015-2019,Humanities,2,"game, theoretic, word, pragmatics, optimality, intention, principles, model, meaning, interpretation",1,0.2
2015-2019,Management and OR,0,"supply, chain, model, retailer, channel, price, manufacturer, game, product, market",50,0.4032258064516129
2015-2019,Management and OR,1,"game, games, equilibrium, mml, players, model, stochastic, nash, problem, equilibria",33,0.2661290322580645
2015-2019,Management and OR,2,"innovation, strategic, game, firms, theory, firm, research, technology, model, alliances",16,0.12903225806451613
2015-2019,Management and OR,3,"projects, game, project, government, evolutionary, public, construction, ppp, design, supervision",6,0.04838709677419355
2015-2019,Management and OR,4,"carbon, energy, emission, government, emissions, low, game, green, evolutionary, environmental",4,0.03225806451612903
2015-2019,Management and OR,5,"traffic, bus, congestion, lane, game, passengers, vehicles, route, transportation, driver",5,0.04032258064516129
2015-2019,Management and OR,6,"team, decision, group, mediation, framing, members, consensus, committee, game, solution",3,0.024193548387096774
2015-2019,Management and OR,7,"dea, dmus, efficiency, units, game, envelopment, approach, hospitals, internal, level",4,0.03225806451612903
2015-2019,Management and OR,8,"social, hq, csr, mnes, subsidiary, greenwashing, global, responsible, subsidiaries, srs",3,0.024193548387096774
2015-2019,Mathematics,0,"games, game, strategies, equilibrium, player, players, mml, theory, strategy, nash",70,0.5511811023622047
2015-2019,Mathematics,1,"evolutionary, government, enterprises, game, innovation, model, mechanism, public, strategy, construction",27,0.2125984251968504
2015-2019,Mathematics,2,"supply, chain, manufacturer, retailer, green, price, pricing, product, fairness, decisions",12,0.09448818897637795
2015-2019,Mathematics,3,"reinsurance, risk, investment, optimal, variance, time, asset, consistent, insurance, insurer",7,0.05511811023622047
2015-2019,Mathematics,4,"queueing, queue, customers, traffic, server, research, patients, operations, university, equilibrium",6,0.047244094488188976
2015-2019,Mathematics,5,"stability, bifurcation, delays, dynamics, delay, game, nash, equilibrium, imitative, hopf",3,0.023622047244094488
2015-2019,Mathematics,8,"energy, computing, node, wireless, mobile, power, algorithm, offloading, nodes, networks",2,0.015748031496062992
2015-2019,Medicine,0,"tumor, cells, cancer, growth, cell, virulence, cycles, tumors, evolutionary, schedules",2,0.2
2015-2019,Medicine,2,"games, game, social, choice, learning, human, cooperation, cooperative, participants, behavior",5,0.5
2015-2019,Medicine,3,"game, theory, patient, knowledge, cooperation, strategy, care, medical, decision, management",3,0.3
2015-2019,Other Professional Fields,0,"shipping, game, container, capacity, ports, strategy, expansion, port, speed, sharing",5,0.4166666666666667
2015-2019,Other Professional Fields,2,"game, play, video, group, groups, theory, students, research, experiment, games",1,0.08333333333333333
2015-2019,Other Professional Fields,3,"traffic, approach, game, making, problem, education, decision, toll, government, assignment",2,0.16666666666666666
2015-2019,Other Professional Fields,5,"model, product, market, content, firms, free, blockchain, behavior, service, products",4,0.3333333333333333
2015-2019,Other Social Sciences,0,"infrastructure, interdependent, network, restoration, decentralized, recovery, networks, decision, decisions, moving",1,0.058823529411764705
2015-2019,Other Social Sciences,1,"defender, security, attacker, risk, cyber, game, allocation, defense, attacks, model",6,0.35294117647058826
2015-2019,Other Social Sciences,2,"gt, lt, li, game, social, learning, theory, behavior, evolutionary, evolution",4,0.23529411764705882
2015-2019,Other Social Sciences,3,"theory, game, analysis, political, institutions, european, coopetition, economic, institutional, equilibrium",4,0.23529411764705882
2015-2019,Other Social Sciences,5,"location, pricing, firms, market, delivered, production, firm, areas, shown, paper",1,0.058823529411764705
2015-2019,Other Social Sciences,6,"manufacturing, cloud, multiple, platforms, platform, competition, equilibrium, suppliers, participants, game",1,0.058823529411764705
2015-2019,Physics,0,"cooperation, evolutionary, game, strategy, games, dynamics, evolution, model, individuals, strategies",39,0.5064935064935064
2015-2019,Physics,1,"game, energy, network, power, nodes, sensor, wireless, networks, algorithm, proposed",13,0.16883116883116883
2015-2019,Physics,2,"quantum, game, games, theory, strategies, players, information, classical, player, learning",9,0.11688311688311688
2015-2019,Physics,3,"pedestrians, evacuation, traffic, pedestrian, flow, lane, model, game, room, agents",5,0.06493506493506493
2015-2019,Physics,4,"chain, supply, channel, manufacturer, retailer, product, agricultural, model, profit, agency",3,0.03896103896103896
2015-2019,Physics,5,"radar, allocation, target, imaging, task, power, game, problem, time, isar",4,0.05194805194805195
2015-2019,Physics,6,"mean, field, equations, discrete, algorithm, problem, differential, kolmogorov, parabolic, decentralised",2,0.025974025974025976
2015-2019,Physics,7,"energy, grid, smart, demand, users, vpp, networked, control, intermittent, optimization",2,0.025974025974025976
2015-2019,Political Science,0,"game, political, policy, theory, theoretic, model, party, voting, legislative, preferences",10,0.37037037037037035
2015-2019,Political Science,1,"game, cooperation, international, theory, model, strategic, strategies, protection, states, social",9,0.3333333333333333
2015-2019,Political Science,2,"bargaining, crisis, war, international, information, commitment, costs, audience, public, model",1,0.037037037037037035
2015-2019,Political Science,3,"terrorism, terrorist, note, 2010, al, security, attacks, 2009, intelligence, december",2,0.07407407407407407
2015-2019,Political Science,4,"pp, conflict, nepal, violence, state, rebel, government, rebels, political, groups",1,0.037037037037037035
2015-2019,Political Science,5,"sanctions, sender, economic, target, coercion, senders, secondary, sanction, model, success",1,0.037037037037037035
2015-2019,Political Science,6,"rationality, peace, war, models, rapoport, value, machines, theory, systems, field",1,0.037037037037037035
2015-2019,Political Science,7,"repression, kin, media, rights, human, government, sexual, minority, protest, external",2,0.07407407407407407
2015-2019,Psychology,1,"game, theory, social, cooperation, behavior, decision, strategies, model, individuals, information",15,1
2015-2019,Sociology,0,"game, theory, power, games, violence, micro, exchange, social, network, conflict",2,0.5
2015-2019,Sociology,1,"norms, dilemma, cooperation, prisoner, different, emerge, actors, game, emergence, subjects",1,0.25
2015-2019,Sociology,2,"commitment, game, strategy, social, actors, model, average, information, performance, interactions",1,0.25
2016-2020,Biology,0,"game, evolutionary, theory, cooperation, population, model, strategies, selection, strategy, evolution",49,0.5
2016-2020,Biology,1,"government, carbon, enterprises, evolutionary, game, development, strategy, low, marine, supervision",3,0.030612244897959183
2016-2020,Biology,2,"vaccination, disease, game, host, model, epidemic, evolutionary, dynamics, vaccine, control",13,0.1326530612244898
2016-2020,Biology,3,"management, game, based, model, nash, theory, fisheries, cooperative, energy, fishers",16,0.16326530612244897
2016-2020,Biology,4,"plant, plants, height, water, growth, root, leaf, hydraulic, soil, trees",3,0.030612244897959183
2016-2020,Biology,5,"cancer, cells, tumour, game, evolutionary, cell, growth, treatment, therapies, dynamics",4,0.04081632653061224
2016-2020,Biology,6,"supply, chain, product, channel, retailer, information, sharing, quality, pricing, retailers",3,0.030612244897959183
2016-2020,Biology,7,"bifurcation, mml, matrix, structured, evolutionary, discrete, models, equations, theorem, dynamics",4,0.04081632653061224
2016-2020,Biology,8,"quantum, classical, player, rational, game, setting, epr, secret, games, factorizable",3,0.030612244897959183
2016-2020,Computer Science,0,"game, edge, cloud, users, computing, problem, mobile, proposed, equilibrium, nash",84,0.2847457627118644
2016-2020,Computer Science,1,"game, government, energy, supply, market, evolutionary, model, strategy, chain, study",74,0.25084745762711863
2016-2020,Computer Science,2,"games, fuzzy, game, cooperative, theory, player, players, based, strategies, set",41,0.13898305084745763
2016-2020,Computer Science,3,"attack, defense, game, security, model, attacks, network, strategy, based, blockchain",58,0.19661016949152543
2016-2020,Computer Science,4,"learning, game, reinforcement, control, based, games, marl, algorithm, equilibrium, multiagent",20,0.06779661016949153
2016-2020,Computer Science,5,"optimization, uav, swarm, particle, algorithm, task, uavs, proposed, energy, game",14,0.04745762711864407
2016-2020,Computer Science,6,"radar, jammer, jamming, polarization, game, strategies, monostatic, stackelberg, suppression, anti",2,0.006779661016949152
2016-2020,Computer Science,7,"economic, urbanization, development, mcdm, analysis, fuzzy, subjective, experts, criteria, green",1,0.003389830508474576
2016-2020,Computer Science,8,"scheduler, matching, data, mapreduce, tardiness, virtual, flows, aware, vls, resource",1,0.003389830508474576
2016-2020,Economics,0,"games, game, equilibrium, players, repeated, equilibria, theory, model, player, payoffs",83,0.7410714285714286
2016-2020,Economics,1,"firms, firm, market, product, equilibrium, model, competition, game, price, competitive",11,0.09821428571428571
2016-2020,Economics,2,"countries, international, trade, game, climate, environmental, power, market, global, model",12,0.10714285714285714
2016-2020,Economics,4,"moral, norms, morality, trust, guilt, social, economic, theory, markets, ethics",2,0.017857142857142856
2016-2020,Economics,5,"government, enterprises, evolutionary, green, diffusion, game, sustainable, development, export, industry",3,0.026785714285714284
2016-2020,Economics,7,"gm, household, efficiency, households, wives, husbands, allocation, agricultural, crops, income",1,0.008928571428571428
2016-2020,Engineering and Technology,0,"game, networks, network, users, power, proposed, problem, algorithm, based, allocation",240,0.40540540540540543
2016-2020,Engineering and Technology,1,"energy, market, power, game, electricity, based, demand, proposed, model, carbon",115,0.19425675675675674
2016-2020,Engineering and Technology,2,"games, stochastic, game, agents, nash, equilibrium, players, control, time, dynamics",75,0.1266891891891892
2016-2020,Engineering and Technology,3,"game, data, attacks, model, defense, security, based, privacy, attack, cyber",82,0.13851351351351351
2016-2020,Engineering and Technology,4,"game, control, vehicle, driver, driving, vehicles, traffic, lane, strategy, based",29,0.048986486486486486
2016-2020,Engineering and Technology,5,"supply, chain, manufacturer, product, supplier, retailer, advertising, retailers, model, products",28,0.0472972972972973
2016-2020,Engineering and Technology,6,"evolutionary, knowledge, design, game, project, model, theory, decision, value, projects",18,0.030405405405405407
2016-2020,Engineering and Technology,7,"cdm, airlines, air, airport, merging, cargo, landing, code, model, carriers",4,0.006756756756756757
2016-2020,Engineering and Technology,8,"scheduling, manufacturing, cmfg, shop, job, machine, service, logistic, ne, game",1,0.0016891891891891893
2016-2020,Geoscience,0,"evolutionary, government, carbon, game, green, enterprises, model, innovation, energy, development",42,0.4666666666666667
2016-2020,Geoscience,1,"supply, chain, carbon, low, products, retailer, manufacturer, channel, remanufacturing, price",26,0.28888888888888886
2016-2020,Geoscience,2,"water, cooperative, river, basin, resources, ecological, game, compensation, allocation, decision",10,0.1111111111111111
2016-2020,Geoscience,3,"game, pollution, parking, traffic, lane, air, climate, model, based, changing",4,0.044444444444444446
2016-2020,Geoscience,4,"emergency, safety, government, supervision, care, game, evolutionary, construction, strategy, elderly",4,0.044444444444444446
2016-2020,Geoscience,6,"farmers, fallow, land, game, lost, foresight, process, institutional, local, peasants",4,0.044444444444444446
2016-2020,Health,1,"health, game, evolutionary, treatment, service, care, medical, patients, information, elderly",1,1
2016-2020,Humanities,0,"games, accessed, http, www, com, 2008, narrative, play, 2007, april",2,0.3333333333333333
2016-2020,Humanities,1,"social, capital, individuals, putnam, theory, game, action, al, et, trust",2,0.3333333333333333
2016-2020,Humanities,2,"game, theoretic, word, pragmatics, optimality, intention, principles, model, meaning, interpretation",2,0.3333333333333333
2016-2020,Management and OR,0,"supply, chain, model, retailer, channel, price, manufacturer, game, product, market",65,0.41935483870967744
2016-2020,Management and OR,1,"game, games, equilibrium, mml, players, model, stochastic, nash, problem, equilibria",39,0.25161290322580643
2016-2020,Management and OR,2,"innovation, strategic, game, firms, theory, firm, research, technology, model, alliances",14,0.09032258064516129
2016-2020,Management and OR,3,"projects, game, project, government, evolutionary, public, construction, ppp, design, supervision",10,0.06451612903225806
2016-2020,Management and OR,4,"carbon, energy, emission, government, emissions, low, game, green, evolutionary, environmental",6,0.03870967741935484
2016-2020,Management and OR,5,"traffic, bus, congestion, lane, game, passengers, vehicles, route, transportation, driver",11,0.07096774193548387
2016-2020,Management and OR,6,"team, decision, group, mediation, framing, members, consensus, committee, game, solution",3,0.01935483870967742
2016-2020,Management and OR,7,"dea, dmus, efficiency, units, game, envelopment, approach, hospitals, internal, level",4,0.025806451612903226
2016-2020,Management and OR,8,"social, hq, csr, mnes, subsidiary, greenwashing, global, responsible, subsidiaries, srs",3,0.01935483870967742
2016-2020,Mathematics,0,"games, game, strategies, equilibrium, player, players, mml, theory, strategy, nash",73,0.46496815286624205
2016-2020,Mathematics,1,"evolutionary, government, enterprises, game, innovation, model, mechanism, public, strategy, construction",38,0.24203821656050956
2016-2020,Mathematics,2,"supply, chain, manufacturer, retailer, green, price, pricing, product, fairness, decisions",24,0.15286624203821655
2016-2020,Mathematics,3,"reinsurance, risk, investment, optimal, variance, time, asset, consistent, insurance, insurer",9,0.05732484076433121
2016-2020,Mathematics,4,"queueing, queue, customers, traffic, server, research, patients, operations, university, equilibrium",4,0.025477707006369428
2016-2020,Mathematics,5,"stability, bifurcation, delays, dynamics, delay, game, nash, equilibrium, imitative, hopf",6,0.03821656050955414
2016-2020,Mathematics,6,"blockchain, agricultural, governance, organizations, technology, traceability, based, products, smart, supply",1,0.006369426751592357
2016-2020,Mathematics,8,"energy, computing, node, wireless, mobile, power, algorithm, offloading, nodes, networks",2,0.012738853503184714
2016-2020,Medicine,0,"tumor, cells, cancer, growth, cell, virulence, cycles, tumors, evolutionary, schedules",3,0.375
2016-2020,Medicine,1,"vaccination, control, disease, population, attack, coverage, security, vaccine, optimal, systems",1,0.125
2016-2020,Medicine,2,"games, game, social, choice, learning, human, cooperation, cooperative, participants, behavior",1,0.125
2016-2020,Medicine,3,"game, theory, patient, knowledge, cooperation, strategy, care, medical, decision, management",3,0.375
2016-2020,Other Professional Fields,0,"shipping, game, container, capacity, ports, strategy, expansion, port, speed, sharing",6,0.375
2016-2020,Other Professional Fields,1,"game, tourism, tscs, hotels, chains, supply, competition, sectors, profits, information",2,0.125
2016-2020,Other Professional Fields,2,"game, play, video, group, groups, theory, students, research, experiment, games",1,0.0625
2016-2020,Other Professional Fields,3,"traffic, approach, game, making, problem, education, decision, toll, government, assignment",3,0.1875
2016-2020,Other Professional Fields,5,"model, product, market, content, firms, free, blockchain, behavior, service, products",4,0.25
2016-2020,Other Social Sciences,0,"infrastructure, interdependent, network, restoration, decentralized, recovery, networks, decision, decisions, moving",2,0.10526315789473684
2016-2020,Other Social Sciences,1,"defender, security, attacker, risk, cyber, game, allocation, defense, attacks, model",7,0.3684210526315789
2016-2020,Other Social Sciences,2,"gt, lt, li, game, social, learning, theory, behavior, evolutionary, evolution",3,0.15789473684210525
2016-2020,Other Social Sciences,3,"theory, game, analysis, political, institutions, european, coopetition, economic, institutional, equilibrium",4,0.21052631578947367
2016-2020,Other Social Sciences,4,"environmental, public, carbon, game, evolutionary, enterprises, government, charging, regulation, pollution",1,0.05263157894736842
2016-2020,Other Social Sciences,5,"location, pricing, firms, market, delivered, production, firm, areas, shown, paper",1,0.05263157894736842
2016-2020,Other Social Sciences,6,"manufacturing, cloud, multiple, platforms, platform, competition, equilibrium, suppliers, participants, game",1,0.05263157894736842
2016-2020,Physics,0,"cooperation, evolutionary, game, strategy, games, dynamics, evolution, model, individuals, strategies",39,0.4588235294117647
2016-2020,Physics,1,"game, energy, network, power, nodes, sensor, wireless, networks, algorithm, proposed",10,0.11764705882352941
2016-2020,Physics,2,"quantum, game, games, theory, strategies, players, information, classical, player, learning",14,0.16470588235294117
2016-2020,Physics,3,"pedestrians, evacuation, traffic, pedestrian, flow, lane, model, game, room, agents",5,0.058823529411764705
2016-2020,Physics,4,"chain, supply, channel, manufacturer, retailer, product, agricultural, model, profit, agency",5,0.058823529411764705
2016-2020,Physics,5,"radar, allocation, target, imaging, task, power, game, problem, time, isar",4,0.047058823529411764
2016-2020,Physics,6,"mean, field, equations, discrete, algorithm, problem, differential, kolmogorov, parabolic, decentralised",4,0.047058823529411764
2016-2020,Physics,7,"energy, grid, smart, demand, users, vpp, networked, control, intermittent, optimization",2,0.023529411764705882
2016-2020,Physics,8,"seti, search, extraterrestrial, mutual, frequencies, meti, messaging, planck, active, intelligence",2,0.023529411764705882
2016-2020,Political Science,0,"game, political, policy, theory, theoretic, model, party, voting, legislative, preferences",9,0.4090909090909091
2016-2020,Political Science,1,"game, cooperation, international, theory, model, strategic, strategies, protection, states, social",6,0.2727272727272727
2016-2020,Political Science,2,"bargaining, crisis, war, international, information, commitment, costs, audience, public, model",1,0.045454545454545456
2016-2020,Political Science,3,"terrorism, terrorist, note, 2010, al, security, attacks, 2009, intelligence, december",1,0.045454545454545456
2016-2020,Political Science,4,"pp, conflict, nepal, violence, state, rebel, government, rebels, political, groups",2,0.09090909090909091
2016-2020,Political Science,6,"rationality, peace, war, models, rapoport, value, machines, theory, systems, field",1,0.045454545454545456
2016-2020,Political Science,7,"repression, kin, media, rights, human, government, sexual, minority, protest, external",2,0.09090909090909091
2016-2020,Psychology,1,"game, theory, social, cooperation, behavior, decision, strategies, model, individuals, information",15,1
2016-2020,Sociology,0,"game, theory, power, games, violence, micro, exchange, social, network, conflict",3,0.75
2016-2020,Sociology,2,"commitment, game, strategy, social, actors, model, average, information, performance, interactions",1,0.25
2017-2021,Biology,0,"game, evolutionary, theory, cooperation, population, model, strategies, selection, strategy, evolution",50,0.49504950495049505
2017-2021,Biology,1,"government, carbon, enterprises, evolutionary, game, development, strategy, low, marine, supervision",5,0.04950495049504951
2017-2021,Biology,2,"vaccination, disease, game, host, model, epidemic, evolutionary, dynamics, vaccine, control",14,0.13861386138613863
2017-2021,Biology,3,"management, game, based, model, nash, theory, fisheries, cooperative, energy, fishers",16,0.15841584158415842
2017-2021,Biology,4,"plant, plants, height, water, growth, root, leaf, hydraulic, soil, trees",1,0.009900990099009901
2017-2021,Biology,5,"cancer, cells, tumour, game, evolutionary, cell, growth, treatment, therapies, dynamics",6,0.0594059405940594
2017-2021,Biology,6,"supply, chain, product, channel, retailer, information, sharing, quality, pricing, retailers",4,0.039603960396039604
2017-2021,Biology,7,"bifurcation, mml, matrix, structured, evolutionary, discrete, models, equations, theorem, dynamics",4,0.039603960396039604
2017-2021,Biology,8,"quantum, classical, player, rational, game, setting, epr, secret, games, factorizable",1,0.009900990099009901
2017-2021,Computer Science,0,"game, edge, cloud, users, computing, problem, mobile, proposed, equilibrium, nash",91,0.2614942528735632
2017-2021,Computer Science,1,"game, government, energy, supply, market, evolutionary, model, strategy, chain, study",97,0.27873563218390807
2017-2021,Computer Science,2,"games, fuzzy, game, cooperative, theory, player, players, based, strategies, set",49,0.14080459770114942
2017-2021,Computer Science,3,"attack, defense, game, security, model, attacks, network, strategy, based, blockchain",65,0.1867816091954023
2017-2021,Computer Science,4,"learning, game, reinforcement, control, based, games, marl, algorithm, equilibrium, multiagent",23,0.06609195402298851
2017-2021,Computer Science,5,"optimization, uav, swarm, particle, algorithm, task, uavs, proposed, energy, game",16,0.04597701149425287
2017-2021,Computer Science,6,"radar, jammer, jamming, polarization, game, strategies, monostatic, stackelberg, suppression, anti",2,0.005747126436781609
2017-2021,Computer Science,7,"economic, urbanization, development, mcdm, analysis, fuzzy, subjective, experts, criteria, green",3,0.008620689655172414
2017-2021,Computer Science,8,"scheduler, matching, data, mapreduce, tardiness, virtual, flows, aware, vls, resource",2,0.005747126436781609
2017-2021,Economics,0,"games, game, equilibrium, players, repeated, equilibria, theory, model, player, payoffs",78,0.6964285714285714
2017-2021,Economics,1,"firms, firm, market, product, equilibrium, model, competition, game, price, competitive",14,0.125
2017-2021,Economics,2,"countries, international, trade, game, climate, environmental, power, market, global, model",11,0.09821428571428571
2017-2021,Economics,4,"moral, norms, morality, trust, guilt, social, economic, theory, markets, ethics",2,0.017857142857142856
2017-2021,Economics,5,"government, enterprises, evolutionary, green, diffusion, game, sustainable, development, export, industry",5,0.044642857142857144
2017-2021,Economics,6,"inflation, bank, fiscal, central, monetary, targeting, policy, macroprudential, target, account",1,0.008928571428571428
2017-2021,Economics,7,"gm, household, efficiency, households, wives, husbands, allocation, agricultural, crops, income",1,0.008928571428571428
2017-2021,Engineering and Technology,0,"game, networks, network, users, power, proposed, problem, algorithm, based, allocation",242,0.3973727422003284
2017-2021,Engineering and Technology,1,"energy, market, power, game, electricity, based, demand, proposed, model, carbon",126,0.20689655172413793
2017-2021,Engineering and Technology,2,"games, stochastic, game, agents, nash, equilibrium, players, control, time, dynamics",73,0.11986863711001643
2017-2021,Engineering and Technology,3,"game, data, attacks, model, defense, security, based, privacy, attack, cyber",84,0.13793103448275862
2017-2021,Engineering and Technology,4,"game, control, vehicle, driver, driving, vehicles, traffic, lane, strategy, based",37,0.060755336617405585
2017-2021,Engineering and Technology,5,"supply, chain, manufacturer, product, supplier, retailer, advertising, retailers, model, products",27,0.04433497536945813
2017-2021,Engineering and Technology,6,"evolutionary, knowledge, design, game, project, model, theory, decision, value, projects",16,0.026272577996715927
2017-2021,Engineering and Technology,7,"cdm, airlines, air, airport, merging, cargo, landing, code, model, carriers",3,0.0049261083743842365
2017-2021,Engineering and Technology,8,"scheduling, manufacturing, cmfg, shop, job, machine, service, logistic, ne, game",1,0.0016420361247947454
2017-2021,Geoscience,0,"evolutionary, government, carbon, game, green, enterprises, model, innovation, energy, development",53,0.4380165289256198
2017-2021,Geoscience,1,"supply, chain, carbon, low, products, retailer, manufacturer, channel, remanufacturing, price",34,0.2809917355371901
2017-2021,Geoscience,2,"water, cooperative, river, basin, resources, ecological, game, compensation, allocation, decision",11,0.09090909090909091
2017-2021,Geoscience,3,"game, pollution, parking, traffic, lane, air, climate, model, based, changing",7,0.05785123966942149
2017-2021,Geoscience,4,"emergency, safety, government, supervision, care, game, evolutionary, construction, strategy, elderly",11,0.09090909090909091
2017-2021,Geoscience,6,"farmers, fallow, land, game, lost, foresight, process, institutional, local, peasants",4,0.03305785123966942
2017-2021,Geoscience,8,"tourism, destination, regenerative, competitiveness, intention, commitment, net, zero, influencer, advocacy",1,0.008264462809917356
2017-2021,Health,1,"health, game, evolutionary, treatment, service, care, medical, patients, information, elderly",4,1
2017-2021,Humanities,0,"games, accessed, http, www, com, 2008, narrative, play, 2007, april",2,0.3333333333333333
2017-2021,Humanities,1,"social, capital, individuals, putnam, theory, game, action, al, et, trust",3,0.5
2017-2021,Humanities,2,"game, theoretic, word, pragmatics, optimality, intention, principles, model, meaning, interpretation",1,0.16666666666666666
2017-2021,Management and OR,0,"supply, chain, model, retailer, channel, price, manufacturer, game, product, market",89,0.4472361809045226
2017-2021,Management and OR,1,"game, games, equilibrium, mml, players, model, stochastic, nash, problem, equilibria",50,0.25125628140703515
2017-2021,Management and OR,2,"innovation, strategic, game, firms, theory, firm, research, technology, model, alliances",18,0.09045226130653267
2017-2021,Management and OR,3,"projects, game, project, government, evolutionary, public, construction, ppp, design, supervision",11,0.05527638190954774
2017-2021,Management and OR,4,"carbon, energy, emission, government, emissions, low, game, green, evolutionary, environmental",9,0.04522613065326633
2017-2021,Management and OR,5,"traffic, bus, congestion, lane, game, passengers, vehicles, route, transportation, driver",11,0.05527638190954774
2017-2021,Management and OR,6,"team, decision, group, mediation, framing, members, consensus, committee, game, solution",3,0.01507537688442211
2017-2021,Management and OR,7,"dea, dmus, efficiency, units, game, envelopment, approach, hospitals, internal, level",5,0.02512562814070352
2017-2021,Management and OR,8,"social, hq, csr, mnes, subsidiary, greenwashing, global, responsible, subsidiaries, srs",3,0.01507537688442211
2017-2021,Mathematics,0,"games, game, strategies, equilibrium, player, players, mml, theory, strategy, nash",80,0.37383177570093457
2017-2021,Mathematics,1,"evolutionary, government, enterprises, game, innovation, model, mechanism, public, strategy, construction",70,0.32710280373831774
2017-2021,Mathematics,2,"supply, chain, manufacturer, retailer, green, price, pricing, product, fairness, decisions",33,0.1542056074766355
2017-2021,Mathematics,3,"reinsurance, risk, investment, optimal, variance, time, asset, consistent, insurance, insurer",13,0.06074766355140187
2017-2021,Mathematics,4,"queueing, queue, customers, traffic, server, research, patients, operations, university, equilibrium",3,0.014018691588785047
2017-2021,Mathematics,5,"stability, bifurcation, delays, dynamics, delay, game, nash, equilibrium, imitative, hopf",6,0.028037383177570093
2017-2021,Mathematics,6,"blockchain, agricultural, governance, organizations, technology, traceability, based, products, smart, supply",4,0.018691588785046728
2017-2021,Mathematics,7,"fuzzy, design, method, optimization, game, multiobjective, based, variables, atanassov, function",1,0.004672897196261682
2017-2021,Mathematics,8,"energy, computing, node, wireless, mobile, power, algorithm, offloading, nodes, networks",4,0.018691588785046728
2017-2021,Medicine,0,"tumor, cells, cancer, growth, cell, virulence, cycles, tumors, evolutionary, schedules",5,0.4166666666666667
2017-2021,Medicine,1,"vaccination, control, disease, population, attack, coverage, security, vaccine, optimal, systems",3,0.25
2017-2021,Medicine,2,"games, game, social, choice, learning, human, cooperation, cooperative, participants, behavior",1,0.08333333333333333
2017-2021,Medicine,3,"game, theory, patient, knowledge, cooperation, strategy, care, medical, decision, management",3,0.25
2017-2021,Other Professional Fields,0,"shipping, game, container, capacity, ports, strategy, expansion, port, speed, sharing",6,0.375
2017-2021,Other Professional Fields,1,"game, tourism, tscs, hotels, chains, supply, competition, sectors, profits, information",2,0.125
2017-2021,Other Professional Fields,2,"game, play, video, group, groups, theory, students, research, experiment, games",1,0.0625
2017-2021,Other Professional Fields,3,"traffic, approach, game, making, problem, education, decision, toll, government, assignment",3,0.1875
2017-2021,Other Professional Fields,5,"model, product, market, content, firms, free, blockchain, behavior, service, products",4,0.25
2017-2021,Other Social Sciences,0,"infrastructure, interdependent, network, restoration, decentralized, recovery, networks, decision, decisions, moving",2,0.09090909090909091
2017-2021,Other Social Sciences,1,"defender, security, attacker, risk, cyber, game, allocation, defense, attacks, model",7,0.3181818181818182
2017-2021,Other Social Sciences,2,"gt, lt, li, game, social, learning, theory, behavior, evolutionary, evolution",2,0.09090909090909091
2017-2021,Other Social Sciences,3,"theory, game, analysis, political, institutions, european, coopetition, economic, institutional, equilibrium",6,0.2727272727272727
2017-2021,Other Social Sciences,4,"environmental, public, carbon, game, evolutionary, enterprises, government, charging, regulation, pollution",3,0.13636363636363635
2017-2021,Other Social Sciences,5,"location, pricing, firms, market, delivered, production, firm, areas, shown, paper",2,0.09090909090909091
2017-2021,Physics,0,"cooperation, evolutionary, game, strategy, games, dynamics, evolution, model, individuals, strategies",40,0.42105263157894735
2017-2021,Physics,1,"game, energy, network, power, nodes, sensor, wireless, networks, algorithm, proposed",9,0.09473684210526316
2017-2021,Physics,2,"quantum, game, games, theory, strategies, players, information, classical, player, learning",16,0.16842105263157894
2017-2021,Physics,3,"pedestrians, evacuation, traffic, pedestrian, flow, lane, model, game, room, agents",6,0.06315789473684211
2017-2021,Physics,4,"chain, supply, channel, manufacturer, retailer, product, agricultural, model, profit, agency",10,0.10526315789473684
2017-2021,Physics,5,"radar, allocation, target, imaging, task, power, game, problem, time, isar",6,0.06315789473684211
2017-2021,Physics,6,"mean, field, equations, discrete, algorithm, problem, differential, kolmogorov, parabolic, decentralised",4,0.042105263157894736
2017-2021,Physics,7,"energy, grid, smart, demand, users, vpp, networked, control, intermittent, optimization",2,0.021052631578947368
2017-2021,Physics,8,"seti, search, extraterrestrial, mutual, frequencies, meti, messaging, planck, active, intelligence",2,0.021052631578947368
2017-2021,Political Science,0,"game, political, policy, theory, theoretic, model, party, voting, legislative, preferences",6,0.2727272727272727
2017-2021,Political Science,1,"game, cooperation, international, theory, model, strategic, strategies, protection, states, social",5,0.22727272727272727
2017-2021,Political Science,2,"bargaining, crisis, war, international, information, commitment, costs, audience, public, model",3,0.13636363636363635
2017-2021,Political Science,3,"terrorism, terrorist, note, 2010, al, security, attacks, 2009, intelligence, december",1,0.045454545454545456
2017-2021,Political Science,4,"pp, conflict, nepal, violence, state, rebel, government, rebels, political, groups",3,0.13636363636363635
2017-2021,Political Science,6,"rationality, peace, war, models, rapoport, value, machines, theory, systems, field",1,0.045454545454545456
2017-2021,Political Science,7,"repression, kin, media, rights, human, government, sexual, minority, protest, external",3,0.13636363636363635
2017-2021,Psychology,0,"evolutionary, government, game, theory, safety, governments, local, equilibrium, public, pattern",1,0.07142857142857142
2017-2021,Psychology,1,"game, theory, social, cooperation, behavior, decision, strategies, model, individuals, information",13,0.9285714285714286
2017-2021,Sociology,0,"game, theory, power, games, violence, micro, exchange, social, network, conflict",3,0.75
2017-2021,Sociology,2,"commitment, game, strategy, social, actors, model, average, information, performance, interactions",1,0.25
2018-2022,Biology,0,"game, evolutionary, theory, cooperation, population, model, strategies, selection, strategy, evolution",44,0.44
2018-2022,Biology,1,"government, carbon, enterprises, evolutionary, game, development, strategy, low, marine, supervision",12,0.12
2018-2022,Biology,2,"vaccination, disease, game, host, model, epidemic, evolutionary, dynamics, vaccine, control",14,0.14
2018-2022,Biology,3,"management, game, based, model, nash, theory, fisheries, cooperative, energy, fishers",12,0.12
2018-2022,Biology,4,"plant, plants, height, water, growth, root, leaf, hydraulic, soil, trees",3,0.03
2018-2022,Biology,5,"cancer, cells, tumour, game, evolutionary, cell, growth, treatment, therapies, dynamics",6,0.06
2018-2022,Biology,6,"supply, chain, product, channel, retailer, information, sharing, quality, pricing, retailers",4,0.04
2018-2022,Biology,7,"bifurcation, mml, matrix, structured, evolutionary, discrete, models, equations, theorem, dynamics",4,0.04
2018-2022,Biology,8,"quantum, classical, player, rational, game, setting, epr, secret, games, factorizable",1,0.01
2018-2022,Computer Science,0,"game, edge, cloud, users, computing, problem, mobile, proposed, equilibrium, nash",97,0.24069478908188585
2018-2022,Computer Science,1,"game, government, energy, supply, market, evolutionary, model, strategy, chain, study",121,0.3002481389578164
2018-2022,Computer Science,2,"games, fuzzy, game, cooperative, theory, player, players, based, strategies, set",52,0.12903225806451613
2018-2022,Computer Science,3,"attack, defense, game, security, model, attacks, network, strategy, based, blockchain",75,0.18610421836228289
2018-2022,Computer Science,4,"learning, game, reinforcement, control, based, games, marl, algorithm, equilibrium, multiagent",31,0.07692307692307693
2018-2022,Computer Science,5,"optimization, uav, swarm, particle, algorithm, task, uavs, proposed, energy, game",17,0.04218362282878412
2018-2022,Computer Science,6,"radar, jammer, jamming, polarization, game, strategies, monostatic, stackelberg, suppression, anti",4,0.009925558312655087
2018-2022,Computer Science,7,"economic, urbanization, development, mcdm, analysis, fuzzy, subjective, experts, criteria, green",4,0.009925558312655087
2018-2022,Computer Science,8,"scheduler, matching, data, mapreduce, tardiness, virtual, flows, aware, vls, resource",2,0.004962779156327543
2018-2022,Economics,0,"games, game, equilibrium, players, repeated, equilibria, theory, model, player, payoffs",82,0.6456692913385826
2018-2022,Economics,1,"firms, firm, market, product, equilibrium, model, competition, game, price, competitive",19,0.14960629921259844
2018-2022,Economics,2,"countries, international, trade, game, climate, environmental, power, market, global, model",16,0.12598425196850394
2018-2022,Economics,4,"moral, norms, morality, trust, guilt, social, economic, theory, markets, ethics",3,0.023622047244094488
2018-2022,Economics,5,"government, enterprises, evolutionary, green, diffusion, game, sustainable, development, export, industry",5,0.03937007874015748
2018-2022,Economics,6,"inflation, bank, fiscal, central, monetary, targeting, policy, macroprudential, target, account",1,0.007874015748031496
2018-2022,Economics,8,"douglas, cobb, arrow, cowles, production, research, data, economics, economic, function",1,0.007874015748031496
2018-2022,Engineering and Technology,0,"game, networks, network, users, power, proposed, problem, algorithm, based, allocation",225,0.34615384615384615
2018-2022,Engineering and Technology,1,"energy, market, power, game, electricity, based, demand, proposed, model, carbon",153,0.2353846153846154
2018-2022,Engineering and Technology,2,"games, stochastic, game, agents, nash, equilibrium, players, control, time, dynamics",80,0.12307692307692308
2018-2022,Engineering and Technology,3,"game, data, attacks, model, defense, security, based, privacy, attack, cyber",91,0.14
2018-2022,Engineering and Technology,4,"game, control, vehicle, driver, driving, vehicles, traffic, lane, strategy, based",48,0.07384615384615385
2018-2022,Engineering and Technology,5,"supply, chain, manufacturer, product, supplier, retailer, advertising, retailers, model, products",29,0.04461538461538461
2018-2022,Engineering and Technology,6,"evolutionary, knowledge, design, game, project, model, theory, decision, value, projects",19,0.02923076923076923
2018-2022,Engineering and Technology,7,"cdm, airlines, air, airport, merging, cargo, landing, code, model, carriers",3,0.004615384615384616
2018-2022,Engineering and Technology,8,"scheduling, manufacturing, cmfg, shop, job, machine, service, logistic, ne, game",2,0.003076923076923077
2018-2022,Geoscience,0,"evolutionary, government, carbon, game, green, enterprises, model, innovation, energy, development",97,0.485
2018-2022,Geoscience,1,"supply, chain, carbon, low, products, retailer, manufacturer, channel, remanufacturing, price",44,0.22
2018-2022,Geoscience,2,"water, cooperative, river, basin, resources, ecological, game, compensation, allocation, decision",16,0.08
2018-2022,Geoscience,3,"game, pollution, parking, traffic, lane, air, climate, model, based, changing",11,0.055
2018-2022,Geoscience,4,"emergency, safety, government, supervision, care, game, evolutionary, construction, strategy, elderly",19,0.095
2018-2022,Geoscience,5,"blockchain, traceability, chain, supply, technology, finance, financing, food, platform, game",5,0.025
2018-2022,Geoscience,6,"farmers, fallow, land, game, lost, foresight, process, institutional, local, peasants",5,0.025
2018-2022,Geoscience,7,"students, school, schools, education, cooperation, ai, governments, learning, ece, parents",2,0.01
2018-2022,Geoscience,8,"tourism, destination, regenerative, competitiveness, intention, commitment, net, zero, influencer, advocacy",1,0.005
2018-2022,Health,0,"quality, media, enterprises, government, safety, drug, strategy, new, environmental, behavior",3,0.2727272727272727
2018-2022,Health,1,"health, game, evolutionary, treatment, service, care, medical, patients, information, elderly",8,0.7272727272727273
2018-2022,Humanities,0,"games, accessed, http, www, com, 2008, narrative, play, 2007, april",1,0.14285714285714285
2018-2022,Humanities,1,"social, capital, individuals, putnam, theory, game, action, al, et, trust",4,0.5714285714285714
2018-2022,Humanities,2,"game, theoretic, word, pragmatics, optimality, intention, principles, model, meaning, interpretation",2,0.2857142857142857
2018-2022,Management and OR,0,"supply, chain, model, retailer, channel, price, manufacturer, game, product, market",127,0.5100401606425703
2018-2022,Management and OR,1,"game, games, equilibrium, mml, players, model, stochastic, nash, problem, equilibria",57,0.2289156626506024
2018-2022,Management and OR,2,"innovation, strategic, game, firms, theory, firm, research, technology, model, alliances",16,0.0642570281124498
2018-2022,Management and OR,3,"projects, game, project, government, evolutionary, public, construction, ppp, design, supervision",15,0.060240963855421686
2018-2022,Management and OR,4,"carbon, energy, emission, government, emissions, low, game, green, evolutionary, environmental",11,0.04417670682730924
2018-2022,Management and OR,5,"traffic, bus, congestion, lane, game, passengers, vehicles, route, transportation, driver",12,0.04819277108433735
2018-2022,Management and OR,6,"team, decision, group, mediation, framing, members, consensus, committee, game, solution",3,0.012048192771084338
2018-2022,Management and OR,7,"dea, dmus, efficiency, units, game, envelopment, approach, hospitals, internal, level",5,0.020080321285140562
2018-2022,Management and OR,8,"social, hq, csr, mnes, subsidiary, greenwashing, global, responsible, subsidiaries, srs",3,0.012048192771084338
2018-2022,Mathematics,0,"games, game, strategies, equilibrium, player, players, mml, theory, strategy, nash",92,0.33454545454545453
2018-2022,Mathematics,1,"evolutionary, government, enterprises, game, innovation, model, mechanism, public, strategy, construction",102,0.3709090909090909
2018-2022,Mathematics,2,"supply, chain, manufacturer, retailer, green, price, pricing, product, fairness, decisions",41,0.14909090909090908
2018-2022,Mathematics,3,"reinsurance, risk, investment, optimal, variance, time, asset, consistent, insurance, insurer",14,0.05090909090909091
2018-2022,Mathematics,4,"queueing, queue, customers, traffic, server, research, patients, operations, university, equilibrium",4,0.014545454545454545
2018-2022,Mathematics,5,"stability, bifurcation, delays, dynamics, delay, game, nash, equilibrium, imitative, hopf",10,0.03636363636363636
2018-2022,Mathematics,6,"blockchain, agricultural, governance, organizations, technology, traceability, based, products, smart, supply",7,0.025454545454545455
2018-2022,Mathematics,7,"fuzzy, design, method, optimization, game, multiobjective, based, variables, atanassov, function",2,0.007272727272727273
2018-2022,Mathematics,8,"energy, computing, node, wireless, mobile, power, algorithm, offloading, nodes, networks",3,0.01090909090909091
2018-2022,Medicine,0,"tumor, cells, cancer, growth, cell, virulence, cycles, tumors, evolutionary, schedules",4,0.36363636363636365
2018-2022,Medicine,1,"vaccination, control, disease, population, attack, coverage, security, vaccine, optimal, systems",4,0.36363636363636365
2018-2022,Medicine,2,"games, game, social, choice, learning, human, cooperation, cooperative, participants, behavior",1,0.09090909090909091
2018-2022,Medicine,3,"game, theory, patient, knowledge, cooperation, strategy, care, medical, decision, management",2,0.18181818181818182
2018-2022,Other Professional Fields,0,"shipping, game, container, capacity, ports, strategy, expansion, port, speed, sharing",5,0.35714285714285715
2018-2022,Other Professional Fields,1,"game, tourism, tscs, hotels, chains, supply, competition, sectors, profits, information",2,0.14285714285714285
2018-2022,Other Professional Fields,2,"game, play, video, group, groups, theory, students, research, experiment, games",1,0.07142857142857142
2018-2022,Other Professional Fields,3,"traffic, approach, game, making, problem, education, decision, toll, government, assignment",2,0.14285714285714285
2018-2022,Other Professional Fields,5,"model, product, market, content, firms, free, blockchain, behavior, service, products",4,0.2857142857142857
2018-2022,Other Social Sciences,1,"defender, security, attacker, risk, cyber, game, allocation, defense, attacks, model",6,0.3157894736842105
2018-2022,Other Social Sciences,2,"gt, lt, li, game, social, learning, theory, behavior, evolutionary, evolution",1,0.05263157894736842
2018-2022,Other Social Sciences,3,"theory, game, analysis, political, institutions, european, coopetition, economic, institutional, equilibrium",4,0.21052631578947367
2018-2022,Other Social Sciences,4,"environmental, public, carbon, game, evolutionary, enterprises, government, charging, regulation, pollution",5,0.2631578947368421
2018-2022,Other Social Sciences,5,"location, pricing, firms, market, delivered, production, firm, areas, shown, paper",2,0.10526315789473684
2018-2022,Other Social Sciences,6,"manufacturing, cloud, multiple, platforms, platform, competition, equilibrium, suppliers, participants, game",1,0.05263157894736842
2018-2022,Physics,0,"cooperation, evolutionary, game, strategy, games, dynamics, evolution, model, individuals, strategies",42,0.42857142857142855
2018-2022,Physics,1,"game, energy, network, power, nodes, sensor, wireless, networks, algorithm, proposed",12,0.12244897959183673
2018-2022,Physics,2,"quantum, game, games, theory, strategies, players, information, classical, player, learning",17,0.17346938775510204
2018-2022,Physics,3,"pedestrians, evacuation, traffic, pedestrian, flow, lane, model, game, room, agents",5,0.05102040816326531
2018-2022,Physics,4,"chain, supply, channel, manufacturer, retailer, product, agricultural, model, profit, agency",10,0.10204081632653061
2018-2022,Physics,5,"radar, allocation, target, imaging, task, power, game, problem, time, isar",5,0.05102040816326531
2018-2022,Physics,6,"mean, field, equations, discrete, algorithm, problem, differential, kolmogorov, parabolic, decentralised",4,0.04081632653061224
2018-2022,Physics,7,"energy, grid, smart, demand, users, vpp, networked, control, intermittent, optimization",1,0.01020408163265306
2018-2022,Physics,8,"seti, search, extraterrestrial, mutual, frequencies, meti, messaging, planck, active, intelligence",2,0.02040816326530612
2018-2022,Political Science,0,"game, political, policy, theory, theoretic, model, party, voting, legislative, preferences",5,0.2631578947368421
2018-2022,Political Science,1,"game, cooperation, international, theory, model, strategic, strategies, protection, states, social",5,0.2631578947368421
2018-2022,Political Science,2,"bargaining, crisis, war, international, information, commitment, costs, audience, public, model",3,0.15789473684210525
2018-2022,Political Science,4,"pp, conflict, nepal, violence, state, rebel, government, rebels, political, groups",4,0.21052631578947367
2018-2022,Political Science,7,"repression, kin, media, rights, human, government, sexual, minority, protest, external",2,0.10526315789473684
2018-2022,Psychology,0,"evolutionary, government, game, theory, safety, governments, local, equilibrium, public, pattern",10,0.4
2018-2022,Psychology,1,"game, theory, social, cooperation, behavior, decision, strategies, model, individuals, information",15,0.6
2018-2022,Sociology,0,"game, theory, power, games, violence, micro, exchange, social, network, conflict",3,0.75
2018-2022,Sociology,2,"commitment, game, strategy, social, actors, model, average, information, performance, interactions",1,0.25
2019-2023,Biology,0,"game, evolutionary, theory, cooperation, population, model, strategies, selection, strategy, evolution",49,0.35
2019-2023,Biology,1,"government, carbon, enterprises, evolutionary, game, development, strategy, low, marine, supervision",37,0.2642857142857143
2019-2023,Biology,2,"vaccination, disease, game, host, model, epidemic, evolutionary, dynamics, vaccine, control",22,0.15714285714285714
2019-2023,Biology,3,"management, game, based, model, nash, theory, fisheries, cooperative, energy, fishers",15,0.10714285714285714
2019-2023,Biology,4,"plant, plants, height, water, growth, root, leaf, hydraulic, soil, trees",2,0.014285714285714285
2019-2023,Biology,5,"cancer, cells, tumour, game, evolutionary, cell, growth, treatment, therapies, dynamics",5,0.03571428571428571
2019-2023,Biology,6,"supply, chain, product, channel, retailer, information, sharing, quality, pricing, retailers",5,0.03571428571428571
2019-2023,Biology,7,"bifurcation, mml, matrix, structured, evolutionary, discrete, models, equations, theorem, dynamics",5,0.03571428571428571
2019-2023,Computer Science,0,"game, edge, cloud, users, computing, problem, mobile, proposed, equilibrium, nash",94,0.22871046228710462
2019-2023,Computer Science,1,"game, government, energy, supply, market, evolutionary, model, strategy, chain, study",133,0.3236009732360097
2019-2023,Computer Science,2,"games, fuzzy, game, cooperative, theory, player, players, based, strategies, set",54,0.13138686131386862
2019-2023,Computer Science,3,"attack, defense, game, security, model, attacks, network, strategy, based, blockchain",72,0.17518248175182483
2019-2023,Computer Science,4,"learning, game, reinforcement, control, based, games, marl, algorithm, equilibrium, multiagent",33,0.08029197080291971
2019-2023,Computer Science,5,"optimization, uav, swarm, particle, algorithm, task, uavs, proposed, energy, game",15,0.0364963503649635
2019-2023,Computer Science,6,"radar, jammer, jamming, polarization, game, strategies, monostatic, stackelberg, suppression, anti",4,0.009732360097323601
2019-2023,Computer Science,7,"economic, urbanization, development, mcdm, analysis, fuzzy, subjective, experts, criteria, green",4,0.009732360097323601
2019-2023,Computer Science,8,"scheduler, matching, data, mapreduce, tardiness, virtual, flows, aware, vls, resource",2,0.004866180048661801
2019-2023,Economics,0,"games, game, equilibrium, players, repeated, equilibria, theory, model, player, payoffs",74,0.6115702479338843
2019-2023,Economics,1,"firms, firm, market, product, equilibrium, model, competition, game, price, competitive",21,0.17355371900826447
2019-2023,Economics,2,"countries, international, trade, game, climate, environmental, power, market, global, model",14,0.11570247933884298
2019-2023,Economics,3,"sports, football, league, leagues, transfer, soccer, revenue, duopsony, talent, game",1,0.008264462809917356
2019-2023,Economics,4,"moral, norms, morality, trust, guilt, social, economic, theory, markets, ethics",3,0.024793388429752067
2019-2023,Economics,5,"government, enterprises, evolutionary, green, diffusion, game, sustainable, development, export, industry",5,0.04132231404958678
2019-2023,Economics,6,"inflation, bank, fiscal, central, monetary, targeting, policy, macroprudential, target, account",1,0.008264462809917356
2019-2023,Economics,8,"douglas, cobb, arrow, cowles, production, research, data, economics, economic, function",2,0.01652892561983471
2019-2023,Engineering and Technology,0,"game, networks, network, users, power, proposed, problem, algorithm, based, allocation",204,0.2991202346041056
2019-2023,Engineering and Technology,1,"energy, market, power, game, electricity, based, demand, proposed, model, carbon",174,0.25513196480938416
2019-2023,Engineering and Technology,2,"games, stochastic, game, agents, nash, equilibrium, players, control, time, dynamics",90,0.13196480938416422
2019-2023,Engineering and Technology,3,"game, data, attacks, model, defense, security, based, privacy, attack, cyber",94,0.1378299120234604
2019-2023,Engineering and Technology,4,"game, control, vehicle, driver, driving, vehicles, traffic, lane, strategy, based",60,0.08797653958944282
2019-2023,Engineering and Technology,5,"supply, chain, manufacturer, product, supplier, retailer, advertising, retailers, model, products",34,0.04985337243401759
2019-2023,Engineering and Technology,6,"evolutionary, knowledge, design, game, project, model, theory, decision, value, projects",23,0.03372434017595308
2019-2023,Engineering and Technology,8,"scheduling, manufacturing, cmfg, shop, job, machine, service, logistic, ne, game",3,0.004398826979472141
2019-2023,Geoscience,0,"evolutionary, government, carbon, game, green, enterprises, model, innovation, energy, development",118,0.5108225108225108
2019-2023,Geoscience,1,"supply, chain, carbon, low, products, retailer, manufacturer, channel, remanufacturing, price",38,0.1645021645021645
2019-2023,Geoscience,2,"water, cooperative, river, basin, resources, ecological, game, compensation, allocation, decision",17,0.0735930735930736
2019-2023,Geoscience,3,"game, pollution, parking, traffic, lane, air, climate, model, based, changing",14,0.06060606060606061
2019-2023,Geoscience,4,"emergency, safety, government, supervision, care, game, evolutionary, construction, strategy, elderly",23,0.09956709956709957
2019-2023,Geoscience,5,"blockchain, traceability, chain, supply, technology, finance, financing, food, platform, game",12,0.05194805194805195
2019-2023,Geoscience,6,"farmers, fallow, land, game, lost, foresight, process, institutional, local, peasants",5,0.021645021645021644
2019-2023,Geoscience,7,"students, school, schools, education, cooperation, ai, governments, learning, ece, parents",3,0.012987012987012988
2019-2023,Geoscience,8,"tourism, destination, regenerative, competitiveness, intention, commitment, net, zero, influencer, advocacy",1,0.004329004329004329
2019-2023,Health,0,"quality, media, enterprises, government, safety, drug, strategy, new, environmental, behavior",4,0.2
2019-2023,Health,1,"health, game, evolutionary, treatment, service, care, medical, patients, information, elderly",16,0.8
2019-2023,Humanities,1,"social, capital, individuals, putnam, theory, game, action, al, et, trust",3,0.6
2019-2023,Humanities,2,"game, theoretic, word, pragmatics, optimality, intention, principles, model, meaning, interpretation",2,0.4
2019-2023,Management and OR,0,"supply, chain, model, retailer, channel, price, manufacturer, game, product, market",155,0.5218855218855218
2019-2023,Management and OR,1,"game, games, equilibrium, mml, players, model, stochastic, nash, problem, equilibria",60,0.20202020202020202
2019-2023,Management and OR,2,"innovation, strategic, game, firms, theory, firm, research, technology, model, alliances",23,0.07744107744107744
2019-2023,Management and OR,3,"projects, game, project, government, evolutionary, public, construction, ppp, design, supervision",17,0.05723905723905724
2019-2023,Management and OR,4,"carbon, energy, emission, government, emissions, low, game, green, evolutionary, environmental",17,0.05723905723905724
2019-2023,Management and OR,5,"traffic, bus, congestion, lane, game, passengers, vehicles, route, transportation, driver",13,0.04377104377104377
2019-2023,Management and OR,6,"team, decision, group, mediation, framing, members, consensus, committee, game, solution",5,0.016835016835016835
2019-2023,Management and OR,7,"dea, dmus, efficiency, units, game, envelopment, approach, hospitals, internal, level",3,0.010101010101010102
2019-2023,Management and OR,8,"social, hq, csr, mnes, subsidiary, greenwashing, global, responsible, subsidiaries, srs",4,0.013468013468013467
2019-2023,Mathematics,0,"games, game, strategies, equilibrium, player, players, mml, theory, strategy, nash",103,0.3377049180327869
2019-2023,Mathematics,1,"evolutionary, government, enterprises, game, innovation, model, mechanism, public, strategy, construction",115,0.3770491803278688
2019-2023,Mathematics,2,"supply, chain, manufacturer, retailer, green, price, pricing, product, fairness, decisions",44,0.14426229508196722
2019-2023,Mathematics,3,"reinsurance, risk, investment, optimal, variance, time, asset, consistent, insurance, insurer",12,0.03934426229508197
2019-2023,Mathematics,4,"queueing, queue, customers, traffic, server, research, patients, operations, university, equilibrium",5,0.01639344262295082
2019-2023,Mathematics,5,"stability, bifurcation, delays, dynamics, delay, game, nash, equilibrium, imitative, hopf",10,0.03278688524590164
2019-2023,Mathematics,6,"blockchain, agricultural, governance, organizations, technology, traceability, based, products, smart, supply",10,0.03278688524590164
2019-2023,Mathematics,7,"fuzzy, design, method, optimization, game, multiobjective, based, variables, atanassov, function",3,0.009836065573770493
2019-2023,Mathematics,8,"energy, computing, node, wireless, mobile, power, algorithm, offloading, nodes, networks",3,0.009836065573770493
2019-2023,Medicine,0,"tumor, cells, cancer, growth, cell, virulence, cycles, tumors, evolutionary, schedules",4,0.3076923076923077
2019-2023,Medicine,1,"vaccination, control, disease, population, attack, coverage, security, vaccine, optimal, systems",5,0.38461538461538464
2019-2023,Medicine,2,"games, game, social, choice, learning, human, cooperation, cooperative, participants, behavior",2,0.15384615384615385
2019-2023,Medicine,3,"game, theory, patient, knowledge, cooperation, strategy, care, medical, decision, management",2,0.15384615384615385
2019-2023,Other Professional Fields,0,"shipping, game, container, capacity, ports, strategy, expansion, port, speed, sharing",6,0.3333333333333333
2019-2023,Other Professional Fields,1,"game, tourism, tscs, hotels, chains, supply, competition, sectors, profits, information",1,0.05555555555555555
2019-2023,Other Professional Fields,2,"game, play, video, group, groups, theory, students, research, experiment, games",1,0.05555555555555555
2019-2023,Other Professional Fields,3,"traffic, approach, game, making, problem, education, decision, toll, government, assignment",4,0.2222222222222222
2019-2023,Other Professional Fields,5,"model, product, market, content, firms, free, blockchain, behavior, service, products",6,0.3333333333333333
2019-2023,Other Social Sciences,0,"infrastructure, interdependent, network, restoration, decentralized, recovery, networks, decision, decisions, moving",1,0.037037037037037035
2019-2023,Other Social Sciences,1,"defender, security, attacker, risk, cyber, game, allocation, defense, attacks, model",5,0.18518518518518517
2019-2023,Other Social Sciences,2,"gt, lt, li, game, social, learning, theory, behavior, evolutionary, evolution",3,0.1111111111111111
2019-2023,Other Social Sciences,3,"theory, game, analysis, political, institutions, european, coopetition, economic, institutional, equilibrium",4,0.14814814814814814
2019-2023,Other Social Sciences,4,"environmental, public, carbon, game, evolutionary, enterprises, government, charging, regulation, pollution",10,0.37037037037037035
2019-2023,Other Social Sciences,5,"location, pricing, firms, market, delivered, production, firm, areas, shown, paper",2,0.07407407407407407
2019-2023,Other Social Sciences,6,"manufacturing, cloud, multiple, platforms, platform, competition, equilibrium, suppliers, participants, game",2,0.07407407407407407
2019-2023,Physics,0,"cooperation, evolutionary, game, strategy, games, dynamics, evolution, model, individuals, strategies",39,0.4431818181818182
2019-2023,Physics,1,"game, energy, network, power, nodes, sensor, wireless, networks, algorithm, proposed",11,0.125
2019-2023,Physics,2,"quantum, game, games, theory, strategies, players, information, classical, player, learning",14,0.1590909090909091
2019-2023,Physics,3,"pedestrians, evacuation, traffic, pedestrian, flow, lane, model, game, room, agents",3,0.03409090909090909
2019-2023,Physics,4,"chain, supply, channel, manufacturer, retailer, product, agricultural, model, profit, agency",10,0.11363636363636363
2019-2023,Physics,5,"radar, allocation, target, imaging, task, power, game, problem, time, isar",4,0.045454545454545456
2019-2023,Physics,6,"mean, field, equations, discrete, algorithm, problem, differential, kolmogorov, parabolic, decentralised",4,0.045454545454545456
2019-2023,Physics,7,"energy, grid, smart, demand, users, vpp, networked, control, intermittent, optimization",1,0.011363636363636364
2019-2023,Physics,8,"seti, search, extraterrestrial, mutual, frequencies, meti, messaging, planck, active, intelligence",2,0.022727272727272728
2019-2023,Political Science,0,"game, political, policy, theory, theoretic, model, party, voting, legislative, preferences",4,0.23529411764705882
2019-2023,Political Science,1,"game, cooperation, international, theory, model, strategic, strategies, protection, states, social",5,0.29411764705882354
2019-2023,Political Science,2,"bargaining, crisis, war, international, information, commitment, costs, audience, public, model",3,0.17647058823529413
2019-2023,Political Science,4,"pp, conflict, nepal, violence, state, rebel, government, rebels, political, groups",3,0.17647058823529413
2019-2023,Political Science,5,"sanctions, sender, economic, target, coercion, senders, secondary, sanction, model, success",1,0.058823529411764705
2019-2023,Political Science,7,"repression, kin, media, rights, human, government, sexual, minority, protest, external",1,0.058823529411764705
2019-2023,Psychology,0,"evolutionary, government, game, theory, safety, governments, local, equilibrium, public, pattern",12,0.4444444444444444
2019-2023,Psychology,1,"game, theory, social, cooperation, behavior, decision, strategies, model, individuals, information",15,0.5555555555555556
2019-2023,Sociology,0,"game, theory, power, games, violence, micro, exchange, social, network, conflict",2,0.5
2019-2023,Sociology,2,"commitment, game, strategy, social, actors, model, average, information, performance, interactions",2,0.5
2020-2024,Biology,0,"game, evolutionary, theory, cooperation, population, model, strategies, selection, strategy, evolution",38,0.21714285714285714
2020-2024,Biology,1,"government, carbon, enterprises, evolutionary, game, development, strategy, low, marine, supervision",68,0.38857142857142857
2020-2024,Biology,2,"vaccination, disease, game, host, model, epidemic, evolutionary, dynamics, vaccine, control",27,0.15428571428571428
2020-2024,Biology,3,"management, game, based, model, nash, theory, fisheries, cooperative, energy, fishers",18,0.10285714285714286
2020-2024,Biology,4,"plant, plants, height, water, growth, root, leaf, hydraulic, soil, trees",5,0.02857142857142857
2020-2024,Biology,5,"cancer, cells, tumour, game, evolutionary, cell, growth, treatment, therapies, dynamics",7,0.04
2020-2024,Biology,6,"supply, chain, product, channel, retailer, information, sharing, quality, pricing, retailers",8,0.045714285714285714
2020-2024,Biology,7,"bifurcation, mml, matrix, structured, evolutionary, discrete, models, equations, theorem, dynamics",4,0.022857142857142857
2020-2024,Computer Science,0,"game, edge, cloud, users, computing, problem, mobile, proposed, equilibrium, nash",82,0.20098039215686275
2020-2024,Computer Science,1,"game, government, energy, supply, market, evolutionary, model, strategy, chain, study",149,0.36519607843137253
2020-2024,Computer Science,2,"games, fuzzy, game, cooperative, theory, player, players, based, strategies, set",58,0.14215686274509803
2020-2024,Computer Science,3,"attack, defense, game, security, model, attacks, network, strategy, based, blockchain",57,0.13970588235294118
2020-2024,Computer Science,4,"learning, game, reinforcement, control, based, games, marl, algorithm, equilibrium, multiagent",38,0.09313725490196079
2020-2024,Computer Science,5,"optimization, uav, swarm, particle, algorithm, task, uavs, proposed, energy, game",16,0.0392156862745098
2020-2024,Computer Science,6,"radar, jammer, jamming, polarization, game, strategies, monostatic, stackelberg, suppression, anti",3,0.007352941176470588
2020-2024,Computer Science,7,"economic, urbanization, development, mcdm, analysis, fuzzy, subjective, experts, criteria, green",4,0.00980392156862745
2020-2024,Computer Science,8,"scheduler, matching, data, mapreduce, tardiness, virtual, flows, aware, vls, resource",1,0.0024509803921568627
2020-2024,Economics,0,"games, game, equilibrium, players, repeated, equilibria, theory, model, player, payoffs",73,0.6083333333333333
2020-2024,Economics,1,"firms, firm, market, product, equilibrium, model, competition, game, price, competitive",21,0.175
2020-2024,Economics,2,"countries, international, trade, game, climate, environmental, power, market, global, model",14,0.11666666666666667
2020-2024,Economics,3,"sports, football, league, leagues, transfer, soccer, revenue, duopsony, talent, game",1,0.008333333333333333
2020-2024,Economics,4,"moral, norms, morality, trust, guilt, social, economic, theory, markets, ethics",3,0.025
2020-2024,Economics,5,"government, enterprises, evolutionary, green, diffusion, game, sustainable, development, export, industry",6,0.05
2020-2024,Economics,6,"inflation, bank, fiscal, central, monetary, targeting, policy, macroprudential, target, account",1,0.008333333333333333
2020-2024,Economics,8,"douglas, cobb, arrow, cowles, production, research, data, economics, economic, function",1,0.008333333333333333
2020-2024,Engineering and Technology,0,"game, networks, network, users, power, proposed, problem, algorithm, based, allocation",174,0.2632375189107413
2020-2024,Engineering and Technology,1,"energy, market, power, game, electricity, based, demand, proposed, model, carbon",182,0.2753403933434191
2020-2024,Engineering and Technology,2,"games, stochastic, game, agents, nash, equilibrium, players, control, time, dynamics",86,0.13010590015128592
2020-2024,Engineering and Technology,3,"game, data, attacks, model, defense, security, based, privacy, attack, cyber",94,0.1422087745839637
2020-2024,Engineering and Technology,4,"game, control, vehicle, driver, driving, vehicles, traffic, lane, strategy, based",71,0.10741301059001512
2020-2024,Engineering and Technology,5,"supply, chain, manufacturer, product, supplier, retailer, advertising, retailers, model, products",31,0.046898638426626324
2020-2024,Engineering and Technology,6,"evolutionary, knowledge, design, game, project, model, theory, decision, value, projects",20,0.030257186081694403
2020-2024,Engineering and Technology,8,"scheduling, manufacturing, cmfg, shop, job, machine, service, logistic, ne, game",3,0.0045385779122541605
2020-2024,Geoscience,0,"evolutionary, government, carbon, game, green, enterprises, model, innovation, energy, development",143,0.5478927203065134
2020-2024,Geoscience,1,"supply, chain, carbon, low, products, retailer, manufacturer, channel, remanufacturing, price",41,0.15708812260536398
2020-2024,Geoscience,2,"water, cooperative, river, basin, resources, ecological, game, compensation, allocation, decision",17,0.06513409961685823
2020-2024,Geoscience,3,"game, pollution, parking, traffic, lane, air, climate, model, based, changing",17,0.06513409961685823
2020-2024,Geoscience,4,"emergency, safety, government, supervision, care, game, evolutionary, construction, strategy, elderly",21,0.08045977011494253
2020-2024,Geoscience,5,"blockchain, traceability, chain, supply, technology, finance, financing, food, platform, game",13,0.04980842911877394
2020-2024,Geoscience,6,"farmers, fallow, land, game, lost, foresight, process, institutional, local, peasants",2,0.007662835249042145
2020-2024,Geoscience,7,"students, school, schools, education, cooperation, ai, governments, learning, ece, parents",4,0.01532567049808429
2020-2024,Geoscience,8,"tourism, destination, regenerative, competitiveness, intention, commitment, net, zero, influencer, advocacy",3,0.011494252873563218
2020-2024,Health,0,"quality, media, enterprises, government, safety, drug, strategy, new, environmental, behavior",8,0.2857142857142857
2020-2024,Health,1,"health, game, evolutionary, treatment, service, care, medical, patients, information, elderly",20,0.7142857142857143
2020-2024,Humanities,1,"social, capital, individuals, putnam, theory, game, action, al, et, trust",3,1
2020-2024,Management and OR,0,"supply, chain, model, retailer, channel, price, manufacturer, game, product, market",188,0.5207756232686981
2020-2024,Management and OR,1,"game, games, equilibrium, mml, players, model, stochastic, nash, problem, equilibria",70,0.19390581717451524
2020-2024,Management and OR,2,"innovation, strategic, game, firms, theory, firm, research, technology, model, alliances",27,0.07479224376731301
2020-2024,Management and OR,3,"projects, game, project, government, evolutionary, public, construction, ppp, design, supervision",25,0.06925207756232687
2020-2024,Management and OR,4,"carbon, energy, emission, government, emissions, low, game, green, evolutionary, environmental",27,0.07479224376731301
2020-2024,Management and OR,5,"traffic, bus, congestion, lane, game, passengers, vehicles, route, transportation, driver",16,0.0443213296398892
2020-2024,Management and OR,6,"team, decision, group, mediation, framing, members, consensus, committee, game, solution",4,0.0110803324099723
2020-2024,Management and OR,7,"dea, dmus, efficiency, units, game, envelopment, approach, hospitals, internal, level",2,0.00554016620498615
2020-2024,Management and OR,8,"social, hq, csr, mnes, subsidiary, greenwashing, global, responsible, subsidiaries, srs",2,0.00554016620498615
2020-2024,Mathematics,0,"games, game, strategies, equilibrium, player, players, mml, theory, strategy, nash",110,0.3503184713375796
2020-2024,Mathematics,1,"evolutionary, government, enterprises, game, innovation, model, mechanism, public, strategy, construction",119,0.37898089171974525
2020-2024,Mathematics,2,"supply, chain, manufacturer, retailer, green, price, pricing, product, fairness, decisions",43,0.13694267515923567
2020-2024,Mathematics,3,"reinsurance, risk, investment, optimal, variance, time, asset, consistent, insurance, insurer",13,0.041401273885350316
2020-2024,Mathematics,4,"queueing, queue, customers, traffic, server, research, patients, operations, university, equilibrium",5,0.01592356687898089
2020-2024,Mathematics,5,"stability, bifurcation, delays, dynamics, delay, game, nash, equilibrium, imitative, hopf",7,0.022292993630573247
2020-2024,Mathematics,6,"blockchain, agricultural, governance, organizations, technology, traceability, based, products, smart, supply",11,0.03503184713375796
2020-2024,Mathematics,7,"fuzzy, design, method, optimization, game, multiobjective, based, variables, atanassov, function",3,0.009554140127388535
2020-2024,Mathematics,8,"energy, computing, node, wireless, mobile, power, algorithm, offloading, nodes, networks",3,0.009554140127388535
2020-2024,Medicine,0,"tumor, cells, cancer, growth, cell, virulence, cycles, tumors, evolutionary, schedules",4,0.2857142857142857
2020-2024,Medicine,1,"vaccination, control, disease, population, attack, coverage, security, vaccine, optimal, systems",5,0.35714285714285715
2020-2024,Medicine,2,"games, game, social, choice, learning, human, cooperation, cooperative, participants, behavior",2,0.14285714285714285
2020-2024,Medicine,3,"game, theory, patient, knowledge, cooperation, strategy, care, medical, decision, management",3,0.21428571428571427
2020-2024,Other Professional Fields,0,"shipping, game, container, capacity, ports, strategy, expansion, port, speed, sharing",7,0.3684210526315789
2020-2024,Other Professional Fields,1,"game, tourism, tscs, hotels, chains, supply, competition, sectors, profits, information",1,0.05263157894736842
2020-2024,Other Professional Fields,2,"game, play, video, group, groups, theory, students, research, experiment, games",1,0.05263157894736842
2020-2024,Other Professional Fields,3,"traffic, approach, game, making, problem, education, decision, toll, government, assignment",5,0.2631578947368421
2020-2024,Other Professional Fields,5,"model, product, market, content, firms, free, blockchain, behavior, service, products",5,0.2631578947368421
2020-2024,Other Social Sciences,0,"infrastructure, interdependent, network, restoration, decentralized, recovery, networks, decision, decisions, moving",3,0.09375
2020-2024,Other Social Sciences,1,"defender, security, attacker, risk, cyber, game, allocation, defense, attacks, model",4,0.125
2020-2024,Other Social Sciences,2,"gt, lt, li, game, social, learning, theory, behavior, evolutionary, evolution",5,0.15625
2020-2024,Other Social Sciences,3,"theory, game, analysis, political, institutions, european, coopetition, economic, institutional, equilibrium",4,0.125
2020-2024,Other Social Sciences,4,"environmental, public, carbon, game, evolutionary, enterprises, government, charging, regulation, pollution",13,0.40625
2020-2024,Other Social Sciences,5,"location, pricing, firms, market, delivered, production, firm, areas, shown, paper",1,0.03125
2020-2024,Other Social Sciences,6,"manufacturing, cloud, multiple, platforms, platform, competition, equilibrium, suppliers, participants, game",2,0.0625
2020-2024,Physics,0,"cooperation, evolutionary, game, strategy, games, dynamics, evolution, model, individuals, strategies",43,0.44329896907216493
2020-2024,Physics,1,"game, energy, network, power, nodes, sensor, wireless, networks, algorithm, proposed",13,0.13402061855670103
2020-2024,Physics,2,"quantum, game, games, theory, strategies, players, information, classical, player, learning",18,0.18556701030927836
2020-2024,Physics,3,"pedestrians, evacuation, traffic, pedestrian, flow, lane, model, game, room, agents",2,0.020618556701030927
2020-2024,Physics,4,"chain, supply, channel, manufacturer, retailer, product, agricultural, model, profit, agency",9,0.09278350515463918
2020-2024,Physics,5,"radar, allocation, target, imaging, task, power, game, problem, time, isar",4,0.041237113402061855
2020-2024,Physics,6,"mean, field, equations, discrete, algorithm, problem, differential, kolmogorov, parabolic, decentralised",3,0.030927835051546393
2020-2024,Physics,7,"energy, grid, smart, demand, users, vpp, networked, control, intermittent, optimization",2,0.020618556701030927
2020-2024,Physics,8,"seti, search, extraterrestrial, mutual, frequencies, meti, messaging, planck, active, intelligence",3,0.030927835051546393
2020-2024,Political Science,0,"game, political, policy, theory, theoretic, model, party, voting, legislative, preferences",2,0.14285714285714285
2020-2024,Political Science,1,"game, cooperation, international, theory, model, strategic, strategies, protection, states, social",5,0.35714285714285715
2020-2024,Political Science,2,"bargaining, crisis, war, international, information, commitment, costs, audience, public, model",2,0.14285714285714285
2020-2024,Political Science,4,"pp, conflict, nepal, violence, state, rebel, government, rebels, political, groups",2,0.14285714285714285
2020-2024,Political Science,5,"sanctions, sender, economic, target, coercion, senders, secondary, sanction, model, success",1,0.07142857142857142
2020-2024,Political Science,7,"repression, kin, media, rights, human, government, sexual, minority, protest, external",2,0.14285714285714285
2020-2024,Psychology,0,"evolutionary, government, game, theory, safety, governments, local, equilibrium, public, pattern",14,0.4827586206896552
2020-2024,Psychology,1,"game, theory, social, cooperation, behavior, decision, strategies, model, individuals, information",15,0.5172413793103449
2020-2024,Sociology,0,"game, theory, power, games, violence, micro, exchange, social, network, conflict",3,0.6
2020-2024,Sociology,2,"commitment, game, strategy, social, actors, model, average, information, performance, interactions",2,0.4
