window,field_1,topic,topic_keywords,N,N_rel
1980-1984,Agricultural and Biological Sciences,0,"game, model, males, competition, strategies, theory, male, models, lewontin, evolution",1,1
1980-1984,Arts and Humanities,0,"game, cultural, theory, resource, data, research, peirce, np, big, subjective",1,1
1980-1984,Decision Sciences,0,"games, game, equilibrium, players, equilibria, player, nash, stochastic, information, repeated",7,0.7777777777777778
1980-1984,Decision Sciences,2,"price, auctions, market, auction, advertising, model, product, pricing, prices, seller",1,0.1111111111111111
1980-1984,Decision Sciences,3,"game, theory, theoretic, models, cooperative, economic, games, strategy, business, strategic",1,0.1111111111111111
1980-1984,"Economics, Econometrics and Finance",0,"market, game, firms, theory, equilibrium, model, price, markets, firm, information",3,0.23076923076923078
1980-1984,"Economics, Econometrics and Finance",1,"stochastic, games, equilibrium, time, mml, game, equilibria, mean, nash, optimal",4,0.3076923076923077
1980-1984,"Economics, Econometrics and Finance",3,"games, cooperative, mml, core, value, fuzzy, coalition, game, shapley, players",3,0.23076923076923078
1980-1984,"Economics, Econometrics and Finance",5,"coalition, coalitions, power, court, voting, legislative, chambers, political, model, informational",3,0.23076923076923078
1980-1984,Engineering,1,"energy, power, game, market, electricity, proposed, demand, based, model, charging",1,0.5
1980-1984,Engineering,4,"attack, security, attacks, attacker, game, defender, defense, cyber, systems, model",1,0.5
1980-1984,Social Sciences,0,"game, cooperation, games, evolutionary, strategies, theory, social, strategy, dynamics, evolution",4,0.8
1980-1984,Social Sciences,2,"war, conflict, power, international, bargaining, terrorism, terrorist, model, political, states",1,0.2
1981-1985,Agricultural and Biological Sciences,0,"game, model, males, competition, strategies, theory, male, models, lewontin, evolution",1,1
1981-1985,Arts and Humanities,0,"game, cultural, theory, resource, data, research, peirce, np, big, subjective",1,1
1981-1985,"Business, Management and Accounting",7,"bankruptcy, debt, creditors, reorganization, restructuring, equity, liquidation, division, government, asset",1,1
1981-1985,Decision Sciences,0,"games, game, equilibrium, players, equilibria, player, nash, stochastic, information, repeated",8,0.7272727272727273
1981-1985,Decision Sciences,2,"price, auctions, market, auction, advertising, model, product, pricing, prices, seller",3,0.2727272727272727
1981-1985,"Economics, Econometrics and Finance",0,"market, game, firms, theory, equilibrium, model, price, markets, firm, information",4,0.3076923076923077
1981-1985,"Economics, Econometrics and Finance",1,"stochastic, games, equilibrium, time, mml, game, equilibria, mean, nash, optimal",3,0.23076923076923078
1981-1985,"Economics, Econometrics and Finance",3,"games, cooperative, mml, core, value, fuzzy, coalition, game, shapley, players",3,0.23076923076923078
1981-1985,"Economics, Econometrics and Finance",4,"sanctions, trade, policy, political, international, economic, countries, model, target, game",1,0.07692307692307693
1981-1985,"Economics, Econometrics and Finance",5,"coalition, coalitions, power, court, voting, legislative, chambers, political, model, informational",2,0.15384615384615385
1981-1985,Engineering,1,"energy, power, game, market, electricity, proposed, demand, based, model, charging",1,0.25
1981-1985,Engineering,3,"game, control, differential, time, games, guidance, pursuit, target, optimal, nash",2,0.5
1981-1985,Engineering,4,"attack, security, attacks, attacker, game, defender, defense, cyber, systems, model",1,0.25
1981-1985,Social Sciences,0,"game, cooperation, games, evolutionary, strategies, theory, social, strategy, dynamics, evolution",3,0.6
1981-1985,Social Sciences,1,"game, knowledge, evolutionary, government, model, sharing, traffic, strategy, based, quality",1,0.2
1981-1985,Social Sciences,2,"war, conflict, power, international, bargaining, terrorism, terrorist, model, political, states",1,0.2
1982-1986,Agricultural and Biological Sciences,0,"game, model, males, competition, strategies, theory, male, models, lewontin, evolution",3,1
1982-1986,Arts and Humanities,0,"game, cultural, theory, resource, data, research, peirce, np, big, subjective",1,1
1982-1986,"Business, Management and Accounting",7,"bankruptcy, debt, creditors, reorganization, restructuring, equity, liquidation, division, government, asset",1,1
1982-1986,Decision Sciences,0,"games, game, equilibrium, players, equilibria, player, nash, stochastic, information, repeated",8,0.6666666666666666
1982-1986,Decision Sciences,2,"price, auctions, market, auction, advertising, model, product, pricing, prices, seller",4,0.3333333333333333
1982-1986,"Economics, Econometrics and Finance",0,"market, game, firms, theory, equilibrium, model, price, markets, firm, information",2,0.2
1982-1986,"Economics, Econometrics and Finance",1,"stochastic, games, equilibrium, time, mml, game, equilibria, mean, nash, optimal",2,0.2
1982-1986,"Economics, Econometrics and Finance",3,"games, cooperative, mml, core, value, fuzzy, coalition, game, shapley, players",3,0.3
1982-1986,"Economics, Econometrics and Finance",4,"sanctions, trade, policy, political, international, economic, countries, model, target, game",1,0.1
1982-1986,"Economics, Econometrics and Finance",5,"coalition, coalitions, power, court, voting, legislative, chambers, political, model, informational",2,0.2
1982-1986,Engineering,3,"game, control, differential, time, games, guidance, pursuit, target, optimal, nash",2,0.6666666666666666
1982-1986,Engineering,4,"attack, security, attacks, attacker, game, defender, defense, cyber, systems, model",1,0.3333333333333333
1982-1986,Social Sciences,0,"game, cooperation, games, evolutionary, strategies, theory, social, strategy, dynamics, evolution",2,0.6666666666666666
1982-1986,Social Sciences,2,"war, conflict, power, international, bargaining, terrorism, terrorist, model, political, states",1,0.3333333333333333
1983-1987,Agricultural and Biological Sciences,0,"game, model, males, competition, strategies, theory, male, models, lewontin, evolution",2,1
1983-1987,"Business, Management and Accounting",7,"bankruptcy, debt, creditors, reorganization, restructuring, equity, liquidation, division, government, asset",1,1
1983-1987,Decision Sciences,0,"games, game, equilibrium, players, equilibria, player, nash, stochastic, information, repeated",10,0.7142857142857143
1983-1987,Decision Sciences,2,"price, auctions, market, auction, advertising, model, product, pricing, prices, seller",4,0.2857142857142857
1983-1987,"Economics, Econometrics and Finance",0,"market, game, firms, theory, equilibrium, model, price, markets, firm, information",10,0.45454545454545453
1983-1987,"Economics, Econometrics and Finance",1,"stochastic, games, equilibrium, time, mml, game, equilibria, mean, nash, optimal",3,0.13636363636363635
1983-1987,"Economics, Econometrics and Finance",3,"games, cooperative, mml, core, value, fuzzy, coalition, game, shapley, players",2,0.09090909090909091
1983-1987,"Economics, Econometrics and Finance",4,"sanctions, trade, policy, political, international, economic, countries, model, target, game",1,0.045454545454545456
1983-1987,"Economics, Econometrics and Finance",5,"coalition, coalitions, power, court, voting, legislative, chambers, political, model, informational",6,0.2727272727272727
1983-1987,Engineering,3,"game, control, differential, time, games, guidance, pursuit, target, optimal, nash",2,1
1983-1987,Psychology,0,"choice, mate, care, mating, male, theory, evolutionary, studies, human, males",1,1
1983-1987,Social Sciences,0,"game, cooperation, games, evolutionary, strategies, theory, social, strategy, dynamics, evolution",4,0.8
1983-1987,Social Sciences,2,"war, conflict, power, international, bargaining, terrorism, terrorist, model, political, states",1,0.2
1984-1988,Agricultural and Biological Sciences,0,"game, model, males, competition, strategies, theory, male, models, lewontin, evolution",2,1
1984-1988,"Business, Management and Accounting",3,"innovation, knowledge, game, firms, alliances, alliance, strategic, cooperation, model, research",1,0.3333333333333333
1984-1988,"Business, Management and Accounting",7,"bankruptcy, debt, creditors, reorganization, restructuring, equity, liquidation, division, government, asset",2,0.6666666666666666
1984-1988,Decision Sciences,0,"games, game, equilibrium, players, equilibria, player, nash, stochastic, information, repeated",13,0.6842105263157895
1984-1988,Decision Sciences,2,"price, auctions, market, auction, advertising, model, product, pricing, prices, seller",5,0.2631578947368421
1984-1988,Decision Sciences,4,"fuzzy, decision, dea, cooperative, value, game, linguistic, making, shapley, proposed",1,0.05263157894736842
1984-1988,"Economics, Econometrics and Finance",0,"market, game, firms, theory, equilibrium, model, price, markets, firm, information",11,0.4782608695652174
1984-1988,"Economics, Econometrics and Finance",1,"stochastic, games, equilibrium, time, mml, game, equilibria, mean, nash, optimal",3,0.13043478260869565
1984-1988,"Economics, Econometrics and Finance",3,"games, cooperative, mml, core, value, fuzzy, coalition, game, shapley, players",2,0.08695652173913043
1984-1988,"Economics, Econometrics and Finance",4,"sanctions, trade, policy, political, international, economic, countries, model, target, game",2,0.08695652173913043
1984-1988,"Economics, Econometrics and Finance",5,"coalition, coalitions, power, court, voting, legislative, chambers, political, model, informational",5,0.21739130434782608
1984-1988,Engineering,3,"game, control, differential, time, games, guidance, pursuit, target, optimal, nash",2,1
1984-1988,Medicine,0,"prey, habitat, predator, food, model, predators, dormitive, foraging, active, game",1,1
1984-1988,Psychology,0,"choice, mate, care, mating, male, theory, evolutionary, studies, human, males",2,1
1984-1988,Social Sciences,0,"game, cooperation, games, evolutionary, strategies, theory, social, strategy, dynamics, evolution",5,0.8333333333333334
1984-1988,Social Sciences,3,"party, policy, political, parties, electoral, voters, model, theoretic, legislative, candidates",1,0.16666666666666666
1985-1989,Agricultural and Biological Sciences,0,"game, model, males, competition, strategies, theory, male, models, lewontin, evolution",1,1
1985-1989,"Business, Management and Accounting",0,"supply, manufacturer, channel, retailer, model, chain, game, product, price, advertising",1,0.25
1985-1989,"Business, Management and Accounting",3,"innovation, knowledge, game, firms, alliances, alliance, strategic, cooperation, model, research",1,0.25
1985-1989,"Business, Management and Accounting",7,"bankruptcy, debt, creditors, reorganization, restructuring, equity, liquidation, division, government, asset",2,0.5
1985-1989,Decision Sciences,0,"games, game, equilibrium, players, equilibria, player, nash, stochastic, information, repeated",16,0.7272727272727273
1985-1989,Decision Sciences,2,"price, auctions, market, auction, advertising, model, product, pricing, prices, seller",4,0.18181818181818182
1985-1989,Decision Sciences,3,"game, theory, theoretic, models, cooperative, economic, games, strategy, business, strategic",1,0.045454545454545456
1985-1989,Decision Sciences,4,"fuzzy, decision, dea, cooperative, value, game, linguistic, making, shapley, proposed",1,0.045454545454545456
1985-1989,"Economics, Econometrics and Finance",0,"market, game, firms, theory, equilibrium, model, price, markets, firm, information",14,0.56
1985-1989,"Economics, Econometrics and Finance",1,"stochastic, games, equilibrium, time, mml, game, equilibria, mean, nash, optimal",2,0.08
1985-1989,"Economics, Econometrics and Finance",3,"games, cooperative, mml, core, value, fuzzy, coalition, game, shapley, players",3,0.12
1985-1989,"Economics, Econometrics and Finance",4,"sanctions, trade, policy, political, international, economic, countries, model, target, game",2,0.08
1985-1989,"Economics, Econometrics and Finance",5,"coalition, coalitions, power, court, voting, legislative, chambers, political, model, informational",4,0.16
1985-1989,Engineering,3,"game, control, differential, time, games, guidance, pursuit, target, optimal, nash",2,1
1985-1989,Medicine,0,"prey, habitat, predator, food, model, predators, dormitive, foraging, active, game",1,1
1985-1989,Psychology,0,"choice, mate, care, mating, male, theory, evolutionary, studies, human, males",2,1
1985-1989,Social Sciences,0,"game, cooperation, games, evolutionary, strategies, theory, social, strategy, dynamics, evolution",5,0.7142857142857143
1985-1989,Social Sciences,2,"war, conflict, power, international, bargaining, terrorism, terrorist, model, political, states",1,0.14285714285714285
1985-1989,Social Sciences,3,"party, policy, political, parties, electoral, voters, model, theoretic, legislative, candidates",1,0.14285714285714285
1986-1990,Agricultural and Biological Sciences,0,"game, model, males, competition, strategies, theory, male, models, lewontin, evolution",1,1
1986-1990,"Business, Management and Accounting",0,"supply, manufacturer, channel, retailer, model, chain, game, product, price, advertising",3,0.5
1986-1990,"Business, Management and Accounting",3,"innovation, knowledge, game, firms, alliances, alliance, strategic, cooperation, model, research",2,0.3333333333333333
1986-1990,"Business, Management and Accounting",7,"bankruptcy, debt, creditors, reorganization, restructuring, equity, liquidation, division, government, asset",1,0.16666666666666666
1986-1990,Computer Science,1,"games, game, learning, agent, mml, agents, equilibrium, theory, players, player",1,1
1986-1990,Decision Sciences,0,"games, game, equilibrium, players, equilibria, player, nash, stochastic, information, repeated",10,0.625
1986-1990,Decision Sciences,2,"price, auctions, market, auction, advertising, model, product, pricing, prices, seller",3,0.1875
1986-1990,Decision Sciences,3,"game, theory, theoretic, models, cooperative, economic, games, strategy, business, strategic",2,0.125
1986-1990,Decision Sciences,4,"fuzzy, decision, dea, cooperative, value, game, linguistic, making, shapley, proposed",1,0.0625
1986-1990,"Economics, Econometrics and Finance",0,"market, game, firms, theory, equilibrium, model, price, markets, firm, information",16,0.5925925925925926
1986-1990,"Economics, Econometrics and Finance",1,"stochastic, games, equilibrium, time, mml, game, equilibria, mean, nash, optimal",4,0.14814814814814814
1986-1990,"Economics, Econometrics and Finance",3,"games, cooperative, mml, core, value, fuzzy, coalition, game, shapley, players",2,0.07407407407407407
1986-1990,"Economics, Econometrics and Finance",4,"sanctions, trade, policy, political, international, economic, countries, model, target, game",2,0.07407407407407407
1986-1990,"Economics, Econometrics and Finance",5,"coalition, coalitions, power, court, voting, legislative, chambers, political, model, informational",3,0.1111111111111111
1986-1990,Mathematics,1,"game, vaccination, model, epidemic, strategy, public, disease, individuals, control, games",1,1
1986-1990,Medicine,0,"prey, habitat, predator, food, model, predators, dormitive, foraging, active, game",1,1
1986-1990,Psychology,0,"choice, mate, care, mating, male, theory, evolutionary, studies, human, males",2,1
1986-1990,Social Sciences,0,"game, cooperation, games, evolutionary, strategies, theory, social, strategy, dynamics, evolution",5,0.5555555555555556
1986-1990,Social Sciences,2,"war, conflict, power, international, bargaining, terrorism, terrorist, model, political, states",2,0.2222222222222222
1986-1990,Social Sciences,3,"party, policy, political, parties, electoral, voters, model, theoretic, legislative, candidates",2,0.2222222222222222
1987-1991,"Business, Management and Accounting",0,"supply, manufacturer, channel, retailer, model, chain, game, product, price, advertising",3,0.5
1987-1991,"Business, Management and Accounting",3,"innovation, knowledge, game, firms, alliances, alliance, strategic, cooperation, model, research",2,0.3333333333333333
1987-1991,"Business, Management and Accounting",7,"bankruptcy, debt, creditors, reorganization, restructuring, equity, liquidation, division, government, asset",1,0.16666666666666666
1987-1991,Computer Science,1,"games, game, learning, agent, mml, agents, equilibrium, theory, players, player",1,1
1987-1991,Decision Sciences,0,"games, game, equilibrium, players, equilibria, player, nash, stochastic, information, repeated",10,0.5555555555555556
1987-1991,Decision Sciences,2,"price, auctions, market, auction, advertising, model, product, pricing, prices, seller",2,0.1111111111111111
1987-1991,Decision Sciences,3,"game, theory, theoretic, models, cooperative, economic, games, strategy, business, strategic",5,0.2777777777777778
1987-1991,Decision Sciences,4,"fuzzy, decision, dea, cooperative, value, game, linguistic, making, shapley, proposed",1,0.05555555555555555
1987-1991,"Economics, Econometrics and Finance",0,"market, game, firms, theory, equilibrium, model, price, markets, firm, information",19,0.6129032258064516
1987-1991,"Economics, Econometrics and Finance",1,"stochastic, games, equilibrium, time, mml, game, equilibria, mean, nash, optimal",3,0.0967741935483871
1987-1991,"Economics, Econometrics and Finance",3,"games, cooperative, mml, core, value, fuzzy, coalition, game, shapley, players",2,0.06451612903225806
1987-1991,"Economics, Econometrics and Finance",4,"sanctions, trade, policy, political, international, economic, countries, model, target, game",3,0.0967741935483871
1987-1991,"Economics, Econometrics and Finance",5,"coalition, coalitions, power, court, voting, legislative, chambers, political, model, informational",4,0.12903225806451613
1987-1991,Mathematics,1,"game, vaccination, model, epidemic, strategy, public, disease, individuals, control, games",1,1
1987-1991,Medicine,0,"prey, habitat, predator, food, model, predators, dormitive, foraging, active, game",1,1
1987-1991,Psychology,0,"choice, mate, care, mating, male, theory, evolutionary, studies, human, males",2,1
1987-1991,Social Sciences,0,"game, cooperation, games, evolutionary, strategies, theory, social, strategy, dynamics, evolution",10,0.5882352941176471
1987-1991,Social Sciences,1,"game, knowledge, evolutionary, government, model, sharing, traffic, strategy, based, quality",1,0.058823529411764705
1987-1991,Social Sciences,2,"war, conflict, power, international, bargaining, terrorism, terrorist, model, political, states",3,0.17647058823529413
1987-1991,Social Sciences,3,"party, policy, political, parties, electoral, voters, model, theoretic, legislative, candidates",3,0.17647058823529413
1988-1992,Agricultural and Biological Sciences,0,"game, model, males, competition, strategies, theory, male, models, lewontin, evolution",2,1
1988-1992,"Business, Management and Accounting",0,"supply, manufacturer, channel, retailer, model, chain, game, product, price, advertising",3,0.75
1988-1992,"Business, Management and Accounting",7,"bankruptcy, debt, creditors, reorganization, restructuring, equity, liquidation, division, government, asset",1,0.25
1988-1992,Computer Science,1,"games, game, learning, agent, mml, agents, equilibrium, theory, players, player",1,1
1988-1992,Decision Sciences,0,"games, game, equilibrium, players, equilibria, player, nash, stochastic, information, repeated",19,0.6785714285714286
1988-1992,Decision Sciences,2,"price, auctions, market, auction, advertising, model, product, pricing, prices, seller",1,0.03571428571428571
1988-1992,Decision Sciences,3,"game, theory, theoretic, models, cooperative, economic, games, strategy, business, strategic",7,0.25
1988-1992,Decision Sciences,4,"fuzzy, decision, dea, cooperative, value, game, linguistic, making, shapley, proposed",1,0.03571428571428571
1988-1992,"Economics, Econometrics and Finance",0,"market, game, firms, theory, equilibrium, model, price, markets, firm, information",17,0.6071428571428571
1988-1992,"Economics, Econometrics and Finance",1,"stochastic, games, equilibrium, time, mml, game, equilibria, mean, nash, optimal",5,0.17857142857142858
1988-1992,"Economics, Econometrics and Finance",3,"games, cooperative, mml, core, value, fuzzy, coalition, game, shapley, players",2,0.07142857142857142
1988-1992,"Economics, Econometrics and Finance",4,"sanctions, trade, policy, political, international, economic, countries, model, target, game",3,0.10714285714285714
1988-1992,"Economics, Econometrics and Finance",5,"coalition, coalitions, power, court, voting, legislative, chambers, political, model, informational",1,0.03571428571428571
1988-1992,Engineering,5,"government, construction, water, green, evolutionary, development, game, carbon, building, enterprises",1,1
1988-1992,Mathematics,1,"game, vaccination, model, epidemic, strategy, public, disease, individuals, control, games",1,1
1988-1992,Medicine,0,"prey, habitat, predator, food, model, predators, dormitive, foraging, active, game",1,1
1988-1992,Psychology,0,"choice, mate, care, mating, male, theory, evolutionary, studies, human, males",1,1
1988-1992,Social Sciences,0,"game, cooperation, games, evolutionary, strategies, theory, social, strategy, dynamics, evolution",10,0.6666666666666666
1988-1992,Social Sciences,1,"game, knowledge, evolutionary, government, model, sharing, traffic, strategy, based, quality",1,0.06666666666666667
1988-1992,Social Sciences,2,"war, conflict, power, international, bargaining, terrorism, terrorist, model, political, states",1,0.06666666666666667
1988-1992,Social Sciences,3,"party, policy, political, parties, electoral, voters, model, theoretic, legislative, candidates",3,0.2
1989-1993,Agricultural and Biological Sciences,0,"game, model, males, competition, strategies, theory, male, models, lewontin, evolution",1,1
1989-1993,"Business, Management and Accounting",0,"supply, manufacturer, channel, retailer, model, chain, game, product, price, advertising",3,0.6
1989-1993,"Business, Management and Accounting",3,"innovation, knowledge, game, firms, alliances, alliance, strategic, cooperation, model, research",2,0.4
1989-1993,Decision Sciences,0,"games, game, equilibrium, players, equilibria, player, nash, stochastic, information, repeated",15,0.5555555555555556
1989-1993,Decision Sciences,1,"network, game, networks, users, spectrum, allocation, equilibrium, resource, service, nash",1,0.037037037037037035
1989-1993,Decision Sciences,2,"price, auctions, market, auction, advertising, model, product, pricing, prices, seller",3,0.1111111111111111
1989-1993,Decision Sciences,3,"game, theory, theoretic, models, cooperative, economic, games, strategy, business, strategic",8,0.2962962962962963
1989-1993,"Economics, Econometrics and Finance",0,"market, game, firms, theory, equilibrium, model, price, markets, firm, information",20,0.625
1989-1993,"Economics, Econometrics and Finance",1,"stochastic, games, equilibrium, time, mml, game, equilibria, mean, nash, optimal",5,0.15625
1989-1993,"Economics, Econometrics and Finance",3,"games, cooperative, mml, core, value, fuzzy, coalition, game, shapley, players",2,0.0625
1989-1993,"Economics, Econometrics and Finance",4,"sanctions, trade, policy, political, international, economic, countries, model, target, game",2,0.0625
1989-1993,"Economics, Econometrics and Finance",5,"coalition, coalitions, power, court, voting, legislative, chambers, political, model, informational",2,0.0625
1989-1993,"Economics, Econometrics and Finance",6,"football, sports, team, game, leagues, players, league, clubs, play, soccer",1,0.03125
1989-1993,Engineering,5,"government, construction, water, green, evolutionary, development, game, carbon, building, enterprises",1,1
1989-1993,Mathematics,1,"game, vaccination, model, epidemic, strategy, public, disease, individuals, control, games",1,1
1989-1993,Social Sciences,0,"game, cooperation, games, evolutionary, strategies, theory, social, strategy, dynamics, evolution",10,0.625
1989-1993,Social Sciences,1,"game, knowledge, evolutionary, government, model, sharing, traffic, strategy, based, quality",3,0.1875
1989-1993,Social Sciences,2,"war, conflict, power, international, bargaining, terrorism, terrorist, model, political, states",1,0.0625
1989-1993,Social Sciences,3,"party, policy, political, parties, electoral, voters, model, theoretic, legislative, candidates",2,0.125
1990-1994,Agricultural and Biological Sciences,0,"game, model, males, competition, strategies, theory, male, models, lewontin, evolution",3,1
1990-1994,"Business, Management and Accounting",0,"supply, manufacturer, channel, retailer, model, chain, game, product, price, advertising",3,0.6
1990-1994,"Business, Management and Accounting",3,"innovation, knowledge, game, firms, alliances, alliance, strategic, cooperation, model, research",2,0.4
1990-1994,Computer Science,1,"games, game, learning, agent, mml, agents, equilibrium, theory, players, player",2,1
1990-1994,Decision Sciences,0,"games, game, equilibrium, players, equilibria, player, nash, stochastic, information, repeated",17,0.5862068965517241
1990-1994,Decision Sciences,1,"network, game, networks, users, spectrum, allocation, equilibrium, resource, service, nash",1,0.034482758620689655
1990-1994,Decision Sciences,2,"price, auctions, market, auction, advertising, model, product, pricing, prices, seller",4,0.13793103448275862
1990-1994,Decision Sciences,3,"game, theory, theoretic, models, cooperative, economic, games, strategy, business, strategic",7,0.2413793103448276
1990-1994,"Economics, Econometrics and Finance",0,"market, game, firms, theory, equilibrium, model, price, markets, firm, information",21,0.6176470588235294
1990-1994,"Economics, Econometrics and Finance",1,"stochastic, games, equilibrium, time, mml, game, equilibria, mean, nash, optimal",4,0.11764705882352941
1990-1994,"Economics, Econometrics and Finance",2,"carbon, government, enterprises, environmental, pollution, game, innovation, evolutionary, emission, local",1,0.029411764705882353
1990-1994,"Economics, Econometrics and Finance",3,"games, cooperative, mml, core, value, fuzzy, coalition, game, shapley, players",1,0.029411764705882353
1990-1994,"Economics, Econometrics and Finance",4,"sanctions, trade, policy, political, international, economic, countries, model, target, game",3,0.08823529411764706
1990-1994,"Economics, Econometrics and Finance",5,"coalition, coalitions, power, court, voting, legislative, chambers, political, model, informational",3,0.08823529411764706
1990-1994,"Economics, Econometrics and Finance",6,"football, sports, team, game, leagues, players, league, clubs, play, soccer",1,0.029411764705882353
1990-1994,Engineering,5,"government, construction, water, green, evolutionary, development, game, carbon, building, enterprises",1,1
1990-1994,Environmental Science,3,"prey, size, retrieval, spatial, males, patch, beds, seabirds, pairing, females",1,1
1990-1994,Mathematics,1,"game, vaccination, model, epidemic, strategy, public, disease, individuals, control, games",1,1
1990-1994,Medicine,0,"prey, habitat, predator, food, model, predators, dormitive, foraging, active, game",1,1
1990-1994,Social Sciences,0,"game, cooperation, games, evolutionary, strategies, theory, social, strategy, dynamics, evolution",9,0.5294117647058824
1990-1994,Social Sciences,1,"game, knowledge, evolutionary, government, model, sharing, traffic, strategy, based, quality",3,0.17647058823529413
1990-1994,Social Sciences,2,"war, conflict, power, international, bargaining, terrorism, terrorist, model, political, states",3,0.17647058823529413
1990-1994,Social Sciences,3,"party, policy, political, parties, electoral, voters, model, theoretic, legislative, candidates",2,0.11764705882352941
1991-1995,Agricultural and Biological Sciences,0,"game, model, males, competition, strategies, theory, male, models, lewontin, evolution",6,1
1991-1995,"Business, Management and Accounting",0,"supply, manufacturer, channel, retailer, model, chain, game, product, price, advertising",2,0.4
1991-1995,"Business, Management and Accounting",3,"innovation, knowledge, game, firms, alliances, alliance, strategic, cooperation, model, research",3,0.6
1991-1995,Computer Science,1,"games, game, learning, agent, mml, agents, equilibrium, theory, players, player",2,0.5
1991-1995,Computer Science,4,"optimization, particle, swarm, method, objective, design, search, path, game, proposed",2,0.5
1991-1995,Decision Sciences,0,"games, game, equilibrium, players, equilibria, player, nash, stochastic, information, repeated",20,0.6060606060606061
1991-1995,Decision Sciences,1,"network, game, networks, users, spectrum, allocation, equilibrium, resource, service, nash",1,0.030303030303030304
1991-1995,Decision Sciences,2,"price, auctions, market, auction, advertising, model, product, pricing, prices, seller",6,0.18181818181818182
1991-1995,Decision Sciences,3,"game, theory, theoretic, models, cooperative, economic, games, strategy, business, strategic",6,0.18181818181818182
1991-1995,"Economics, Econometrics and Finance",0,"market, game, firms, theory, equilibrium, model, price, markets, firm, information",21,0.6363636363636364
1991-1995,"Economics, Econometrics and Finance",1,"stochastic, games, equilibrium, time, mml, game, equilibria, mean, nash, optimal",4,0.12121212121212122
1991-1995,"Economics, Econometrics and Finance",3,"games, cooperative, mml, core, value, fuzzy, coalition, game, shapley, players",1,0.030303030303030304
1991-1995,"Economics, Econometrics and Finance",4,"sanctions, trade, policy, political, international, economic, countries, model, target, game",2,0.06060606060606061
1991-1995,"Economics, Econometrics and Finance",5,"coalition, coalitions, power, court, voting, legislative, chambers, political, model, informational",3,0.09090909090909091
1991-1995,"Economics, Econometrics and Finance",6,"football, sports, team, game, leagues, players, league, clubs, play, soccer",2,0.06060606060606061
1991-1995,Engineering,3,"game, control, differential, time, games, guidance, pursuit, target, optimal, nash",3,0.75
1991-1995,Engineering,5,"government, construction, water, green, evolutionary, development, game, carbon, building, enterprises",1,0.25
1991-1995,Environmental Science,3,"prey, size, retrieval, spatial, males, patch, beds, seabirds, pairing, females",2,1
1991-1995,Medicine,0,"prey, habitat, predator, food, model, predators, dormitive, foraging, active, game",2,1
1991-1995,Social Sciences,0,"game, cooperation, games, evolutionary, strategies, theory, social, strategy, dynamics, evolution",15,0.6521739130434783
1991-1995,Social Sciences,1,"game, knowledge, evolutionary, government, model, sharing, traffic, strategy, based, quality",3,0.13043478260869565
1991-1995,Social Sciences,2,"war, conflict, power, international, bargaining, terrorism, terrorist, model, political, states",3,0.13043478260869565
1991-1995,Social Sciences,3,"party, policy, political, parties, electoral, voters, model, theoretic, legislative, candidates",1,0.043478260869565216
1991-1995,Social Sciences,8,"buyer, binding, seller, contracts, lock, treatment, supplier, price, good, behavioral",1,0.043478260869565216
1992-1996,Agricultural and Biological Sciences,0,"game, model, males, competition, strategies, theory, male, models, lewontin, evolution",6,1
1992-1996,Arts and Humanities,0,"game, cultural, theory, resource, data, research, peirce, np, big, subjective",1,1
1992-1996,"Business, Management and Accounting",0,"supply, manufacturer, channel, retailer, model, chain, game, product, price, advertising",1,0.25
1992-1996,"Business, Management and Accounting",3,"innovation, knowledge, game, firms, alliances, alliance, strategic, cooperation, model, research",3,0.75
1992-1996,Computer Science,1,"games, game, learning, agent, mml, agents, equilibrium, theory, players, player",4,0.6666666666666666
1992-1996,Computer Science,4,"optimization, particle, swarm, method, objective, design, search, path, game, proposed",2,0.3333333333333333
1992-1996,Decision Sciences,0,"games, game, equilibrium, players, equilibria, player, nash, stochastic, information, repeated",17,0.6071428571428571
1992-1996,Decision Sciences,1,"network, game, networks, users, spectrum, allocation, equilibrium, resource, service, nash",1,0.03571428571428571
1992-1996,Decision Sciences,2,"price, auctions, market, auction, advertising, model, product, pricing, prices, seller",5,0.17857142857142858
1992-1996,Decision Sciences,3,"game, theory, theoretic, models, cooperative, economic, games, strategy, business, strategic",5,0.17857142857142858
1992-1996,"Economics, Econometrics and Finance",0,"market, game, firms, theory, equilibrium, model, price, markets, firm, information",18,0.5625
1992-1996,"Economics, Econometrics and Finance",1,"stochastic, games, equilibrium, time, mml, game, equilibria, mean, nash, optimal",6,0.1875
1992-1996,"Economics, Econometrics and Finance",4,"sanctions, trade, policy, political, international, economic, countries, model, target, game",3,0.09375
1992-1996,"Economics, Econometrics and Finance",5,"coalition, coalitions, power, court, voting, legislative, chambers, political, model, informational",4,0.125
1992-1996,"Economics, Econometrics and Finance",6,"football, sports, team, game, leagues, players, league, clubs, play, soccer",1,0.03125
1992-1996,Engineering,3,"game, control, differential, time, games, guidance, pursuit, target, optimal, nash",4,0.8
1992-1996,Engineering,5,"government, construction, water, green, evolutionary, development, game, carbon, building, enterprises",1,0.2
1992-1996,Environmental Science,3,"prey, size, retrieval, spatial, males, patch, beds, seabirds, pairing, females",1,1
1992-1996,Medicine,0,"prey, habitat, predator, food, model, predators, dormitive, foraging, active, game",2,0.6666666666666666
1992-1996,Medicine,2,"game, model, medical, theory, evolutionary, vaccination, treatment, strategies, epidemic, disease",1,0.3333333333333333
1992-1996,Social Sciences,0,"game, cooperation, games, evolutionary, strategies, theory, social, strategy, dynamics, evolution",16,0.7619047619047619
1992-1996,Social Sciences,1,"game, knowledge, evolutionary, government, model, sharing, traffic, strategy, based, quality",3,0.14285714285714285
1992-1996,Social Sciences,2,"war, conflict, power, international, bargaining, terrorism, terrorist, model, political, states",1,0.047619047619047616
1992-1996,Social Sciences,8,"buyer, binding, seller, contracts, lock, treatment, supplier, price, good, behavioral",1,0.047619047619047616
1993-1997,Agricultural and Biological Sciences,0,"game, model, males, competition, strategies, theory, male, models, lewontin, evolution",5,0.8333333333333334
1993-1997,Agricultural and Biological Sciences,1,"government, game, food, agricultural, farmers, evolutionary, chain, safety, green, traceability",1,0.16666666666666666
1993-1997,Arts and Humanities,0,"game, cultural, theory, resource, data, research, peirce, np, big, subjective",1,1
1993-1997,"Business, Management and Accounting",0,"supply, manufacturer, channel, retailer, model, chain, game, product, price, advertising",7,0.6363636363636364
1993-1997,"Business, Management and Accounting",2,"ppp, public, private, projects, project, government, game, design, evolutionary, supervision",1,0.09090909090909091
1993-1997,"Business, Management and Accounting",3,"innovation, knowledge, game, firms, alliances, alliance, strategic, cooperation, model, research",3,0.2727272727272727
1993-1997,Computer Science,1,"games, game, learning, agent, mml, agents, equilibrium, theory, players, player",3,0.6
1993-1997,Computer Science,4,"optimization, particle, swarm, method, objective, design, search, path, game, proposed",2,0.4
1993-1997,Decision Sciences,0,"games, game, equilibrium, players, equilibria, player, nash, stochastic, information, repeated",10,0.45454545454545453
1993-1997,Decision Sciences,1,"network, game, networks, users, spectrum, allocation, equilibrium, resource, service, nash",1,0.045454545454545456
1993-1997,Decision Sciences,2,"price, auctions, market, auction, advertising, model, product, pricing, prices, seller",5,0.22727272727272727
1993-1997,Decision Sciences,3,"game, theory, theoretic, models, cooperative, economic, games, strategy, business, strategic",5,0.22727272727272727
1993-1997,Decision Sciences,5,"carbon, evolutionary, enterprises, government, game, energy, electricity, market, power, reduction",1,0.045454545454545456
1993-1997,"Economics, Econometrics and Finance",0,"market, game, firms, theory, equilibrium, model, price, markets, firm, information",17,0.5666666666666667
1993-1997,"Economics, Econometrics and Finance",1,"stochastic, games, equilibrium, time, mml, game, equilibria, mean, nash, optimal",2,0.06666666666666667
1993-1997,"Economics, Econometrics and Finance",3,"games, cooperative, mml, core, value, fuzzy, coalition, game, shapley, players",1,0.03333333333333333
1993-1997,"Economics, Econometrics and Finance",4,"sanctions, trade, policy, political, international, economic, countries, model, target, game",3,0.1
1993-1997,"Economics, Econometrics and Finance",5,"coalition, coalitions, power, court, voting, legislative, chambers, political, model, informational",5,0.16666666666666666
1993-1997,"Economics, Econometrics and Finance",6,"football, sports, team, game, leagues, players, league, clubs, play, soccer",2,0.06666666666666667
1993-1997,Engineering,3,"game, control, differential, time, games, guidance, pursuit, target, optimal, nash",4,0.8
1993-1997,Engineering,6,"port, shipping, manufacturing, game, container, production, ports, model, scheduling, decision",1,0.2
1993-1997,Environmental Science,3,"prey, size, retrieval, spatial, males, patch, beds, seabirds, pairing, females",1,1
1993-1997,Mathematics,1,"game, vaccination, model, epidemic, strategy, public, disease, individuals, control, games",1,1
1993-1997,Medicine,0,"prey, habitat, predator, food, model, predators, dormitive, foraging, active, game",3,0.75
1993-1997,Medicine,2,"game, model, medical, theory, evolutionary, vaccination, treatment, strategies, epidemic, disease",1,0.25
1993-1997,Social Sciences,0,"game, cooperation, games, evolutionary, strategies, theory, social, strategy, dynamics, evolution",22,0.7096774193548387
1993-1997,Social Sciences,1,"game, knowledge, evolutionary, government, model, sharing, traffic, strategy, based, quality",2,0.06451612903225806
1993-1997,Social Sciences,2,"war, conflict, power, international, bargaining, terrorism, terrorist, model, political, states",6,0.1935483870967742
1993-1997,Social Sciences,8,"buyer, binding, seller, contracts, lock, treatment, supplier, price, good, behavioral",1,0.03225806451612903
1994-1998,Agricultural and Biological Sciences,0,"game, model, males, competition, strategies, theory, male, models, lewontin, evolution",6,0.8571428571428571
1994-1998,Agricultural and Biological Sciences,1,"government, game, food, agricultural, farmers, evolutionary, chain, safety, green, traceability",1,0.14285714285714285
1994-1998,Arts and Humanities,0,"game, cultural, theory, resource, data, research, peirce, np, big, subjective",1,1
1994-1998,"Business, Management and Accounting",0,"supply, manufacturer, channel, retailer, model, chain, game, product, price, advertising",8,0.6153846153846154
1994-1998,"Business, Management and Accounting",2,"ppp, public, private, projects, project, government, game, design, evolutionary, supervision",1,0.07692307692307693
1994-1998,"Business, Management and Accounting",3,"innovation, knowledge, game, firms, alliances, alliance, strategic, cooperation, model, research",2,0.15384615384615385
1994-1998,"Business, Management and Accounting",4,"customers, server, queue, queueing, equilibrium, service, mml, servers, joining, patients",2,0.15384615384615385
1994-1998,Computer Science,1,"games, game, learning, agent, mml, agents, equilibrium, theory, players, player",6,0.75
1994-1998,Computer Science,4,"optimization, particle, swarm, method, objective, design, search, path, game, proposed",2,0.25
1994-1998,Decision Sciences,0,"games, game, equilibrium, players, equilibria, player, nash, stochastic, information, repeated",12,0.5
1994-1998,Decision Sciences,2,"price, auctions, market, auction, advertising, model, product, pricing, prices, seller",5,0.20833333333333334
1994-1998,Decision Sciences,3,"game, theory, theoretic, models, cooperative, economic, games, strategy, business, strategic",6,0.25
1994-1998,Decision Sciences,5,"carbon, evolutionary, enterprises, government, game, energy, electricity, market, power, reduction",1,0.041666666666666664
1994-1998,"Economics, Econometrics and Finance",0,"market, game, firms, theory, equilibrium, model, price, markets, firm, information",13,0.38235294117647056
1994-1998,"Economics, Econometrics and Finance",1,"stochastic, games, equilibrium, time, mml, game, equilibria, mean, nash, optimal",3,0.08823529411764706
1994-1998,"Economics, Econometrics and Finance",2,"carbon, government, enterprises, environmental, pollution, game, innovation, evolutionary, emission, local",2,0.058823529411764705
1994-1998,"Economics, Econometrics and Finance",3,"games, cooperative, mml, core, value, fuzzy, coalition, game, shapley, players",3,0.08823529411764706
1994-1998,"Economics, Econometrics and Finance",4,"sanctions, trade, policy, political, international, economic, countries, model, target, game",6,0.17647058823529413
1994-1998,"Economics, Econometrics and Finance",5,"coalition, coalitions, power, court, voting, legislative, chambers, political, model, informational",6,0.17647058823529413
1994-1998,"Economics, Econometrics and Finance",6,"football, sports, team, game, leagues, players, league, clubs, play, soccer",1,0.029411764705882353
1994-1998,Engineering,1,"energy, power, game, market, electricity, proposed, demand, based, model, charging",1,0.16666666666666666
1994-1998,Engineering,3,"game, control, differential, time, games, guidance, pursuit, target, optimal, nash",4,0.6666666666666666
1994-1998,Engineering,6,"port, shipping, manufacturing, game, container, production, ports, model, scheduling, decision",1,0.16666666666666666
1994-1998,Environmental Science,3,"prey, size, retrieval, spatial, males, patch, beds, seabirds, pairing, females",1,1
1994-1998,Mathematics,1,"game, vaccination, model, epidemic, strategy, public, disease, individuals, control, games",1,1
1994-1998,Medicine,0,"prey, habitat, predator, food, model, predators, dormitive, foraging, active, game",3,1
1994-1998,Social Sciences,0,"game, cooperation, games, evolutionary, strategies, theory, social, strategy, dynamics, evolution",27,0.7297297297297297
1994-1998,Social Sciences,1,"game, knowledge, evolutionary, government, model, sharing, traffic, strategy, based, quality",1,0.02702702702702703
1994-1998,Social Sciences,2,"war, conflict, power, international, bargaining, terrorism, terrorist, model, political, states",7,0.1891891891891892
1994-1998,Social Sciences,3,"party, policy, political, parties, electoral, voters, model, theoretic, legislative, candidates",1,0.02702702702702703
1994-1998,Social Sciences,8,"buyer, binding, seller, contracts, lock, treatment, supplier, price, good, behavioral",1,0.02702702702702703
1995-1999,Agricultural and Biological Sciences,0,"game, model, males, competition, strategies, theory, male, models, lewontin, evolution",9,0.9
1995-1999,Agricultural and Biological Sciences,1,"government, game, food, agricultural, farmers, evolutionary, chain, safety, green, traceability",1,0.1
1995-1999,Arts and Humanities,0,"game, cultural, theory, resource, data, research, peirce, np, big, subjective",1,1
1995-1999,"Biochemistry, Genetics and Molecular Biology",2,"host, virulence, pathogen, model, vaccine, disease, transmission, infection, evolution, infected",1,0.2
1995-1999,"Biochemistry, Genetics and Molecular Biology",6,"game, evolutionary, theory, selection, sex, strategies, fitness, evolution, mml, models",4,0.8
1995-1999,"Business, Management and Accounting",0,"supply, manufacturer, channel, retailer, model, chain, game, product, price, advertising",8,0.6153846153846154
1995-1999,"Business, Management and Accounting",2,"ppp, public, private, projects, project, government, game, design, evolutionary, supervision",1,0.07692307692307693
1995-1999,"Business, Management and Accounting",3,"innovation, knowledge, game, firms, alliances, alliance, strategic, cooperation, model, research",2,0.15384615384615385
1995-1999,"Business, Management and Accounting",4,"customers, server, queue, queueing, equilibrium, service, mml, servers, joining, patients",2,0.15384615384615385
1995-1999,Computer Science,1,"games, game, learning, agent, mml, agents, equilibrium, theory, players, player",3,0.6
1995-1999,Computer Science,4,"optimization, particle, swarm, method, objective, design, search, path, game, proposed",2,0.4
1995-1999,Decision Sciences,0,"games, game, equilibrium, players, equilibria, player, nash, stochastic, information, repeated",10,0.37037037037037035
1995-1999,Decision Sciences,2,"price, auctions, market, auction, advertising, model, product, pricing, prices, seller",5,0.18518518518518517
1995-1999,Decision Sciences,3,"game, theory, theoretic, models, cooperative, economic, games, strategy, business, strategic",10,0.37037037037037035
1995-1999,Decision Sciences,4,"fuzzy, decision, dea, cooperative, value, game, linguistic, making, shapley, proposed",2,0.07407407407407407
1995-1999,"Economics, Econometrics and Finance",0,"market, game, firms, theory, equilibrium, model, price, markets, firm, information",8,0.25806451612903225
1995-1999,"Economics, Econometrics and Finance",1,"stochastic, games, equilibrium, time, mml, game, equilibria, mean, nash, optimal",6,0.1935483870967742
1995-1999,"Economics, Econometrics and Finance",2,"carbon, government, enterprises, environmental, pollution, game, innovation, evolutionary, emission, local",2,0.06451612903225806
1995-1999,"Economics, Econometrics and Finance",3,"games, cooperative, mml, core, value, fuzzy, coalition, game, shapley, players",3,0.0967741935483871
1995-1999,"Economics, Econometrics and Finance",4,"sanctions, trade, policy, political, international, economic, countries, model, target, game",7,0.22580645161290322
1995-1999,"Economics, Econometrics and Finance",5,"coalition, coalitions, power, court, voting, legislative, chambers, political, model, informational",4,0.12903225806451613
1995-1999,"Economics, Econometrics and Finance",6,"football, sports, team, game, leagues, players, league, clubs, play, soccer",1,0.03225806451612903
1995-1999,Engineering,1,"energy, power, game, market, electricity, proposed, demand, based, model, charging",1,0.16666666666666666
1995-1999,Engineering,3,"game, control, differential, time, games, guidance, pursuit, target, optimal, nash",4,0.6666666666666666
1995-1999,Engineering,6,"port, shipping, manufacturing, game, container, production, ports, model, scheduling, decision",1,0.16666666666666666
1995-1999,Mathematics,1,"game, vaccination, model, epidemic, strategy, public, disease, individuals, control, games",2,1
1995-1999,Medicine,0,"prey, habitat, predator, food, model, predators, dormitive, foraging, active, game",1,1
1995-1999,Social Sciences,0,"game, cooperation, games, evolutionary, strategies, theory, social, strategy, dynamics, evolution",25,0.6410256410256411
1995-1999,Social Sciences,1,"game, knowledge, evolutionary, government, model, sharing, traffic, strategy, based, quality",1,0.02564102564102564
1995-1999,Social Sciences,2,"war, conflict, power, international, bargaining, terrorism, terrorist, model, political, states",9,0.23076923076923078
1995-1999,Social Sciences,3,"party, policy, political, parties, electoral, voters, model, theoretic, legislative, candidates",3,0.07692307692307693
1995-1999,Social Sciences,8,"buyer, binding, seller, contracts, lock, treatment, supplier, price, good, behavioral",1,0.02564102564102564
1996-2000,Agricultural and Biological Sciences,0,"game, model, males, competition, strategies, theory, male, models, lewontin, evolution",11,0.9166666666666666
1996-2000,Agricultural and Biological Sciences,1,"government, game, food, agricultural, farmers, evolutionary, chain, safety, green, traceability",1,0.08333333333333333
1996-2000,Arts and Humanities,0,"game, cultural, theory, resource, data, research, peirce, np, big, subjective",1,1
1996-2000,"Biochemistry, Genetics and Molecular Biology",2,"host, virulence, pathogen, model, vaccine, disease, transmission, infection, evolution, infected",1,0.2
1996-2000,"Biochemistry, Genetics and Molecular Biology",6,"game, evolutionary, theory, selection, sex, strategies, fitness, evolution, mml, models",4,0.8
1996-2000,"Business, Management and Accounting",0,"supply, manufacturer, channel, retailer, model, chain, game, product, price, advertising",10,0.7142857142857143
1996-2000,"Business, Management and Accounting",2,"ppp, public, private, projects, project, government, game, design, evolutionary, supervision",1,0.07142857142857142
1996-2000,"Business, Management and Accounting",3,"innovation, knowledge, game, firms, alliances, alliance, strategic, cooperation, model, research",2,0.14285714285714285
1996-2000,"Business, Management and Accounting",4,"customers, server, queue, queueing, equilibrium, service, mml, servers, joining, patients",1,0.07142857142857142
1996-2000,Computer Science,0,"game, users, network, proposed, networks, based, algorithm, power, equilibrium, problem",2,0.3333333333333333
1996-2000,Computer Science,1,"games, game, learning, agent, mml, agents, equilibrium, theory, players, player",4,0.6666666666666666
1996-2000,Decision Sciences,0,"games, game, equilibrium, players, equilibria, player, nash, stochastic, information, repeated",9,0.3333333333333333
1996-2000,Decision Sciences,1,"network, game, networks, users, spectrum, allocation, equilibrium, resource, service, nash",1,0.037037037037037035
1996-2000,Decision Sciences,2,"price, auctions, market, auction, advertising, model, product, pricing, prices, seller",4,0.14814814814814814
1996-2000,Decision Sciences,3,"game, theory, theoretic, models, cooperative, economic, games, strategy, business, strategic",10,0.37037037037037035
1996-2000,Decision Sciences,4,"fuzzy, decision, dea, cooperative, value, game, linguistic, making, shapley, proposed",3,0.1111111111111111
1996-2000,"Economics, Econometrics and Finance",0,"market, game, firms, theory, equilibrium, model, price, markets, firm, information",12,0.3333333333333333
1996-2000,"Economics, Econometrics and Finance",1,"stochastic, games, equilibrium, time, mml, game, equilibria, mean, nash, optimal",6,0.16666666666666666
1996-2000,"Economics, Econometrics and Finance",2,"carbon, government, enterprises, environmental, pollution, game, innovation, evolutionary, emission, local",4,0.1111111111111111
1996-2000,"Economics, Econometrics and Finance",3,"games, cooperative, mml, core, value, fuzzy, coalition, game, shapley, players",4,0.1111111111111111
1996-2000,"Economics, Econometrics and Finance",4,"sanctions, trade, policy, political, international, economic, countries, model, target, game",6,0.16666666666666666
1996-2000,"Economics, Econometrics and Finance",5,"coalition, coalitions, power, court, voting, legislative, chambers, political, model, informational",4,0.1111111111111111
1996-2000,Engineering,1,"energy, power, game, market, electricity, proposed, demand, based, model, charging",1,0.25
1996-2000,Engineering,3,"game, control, differential, time, games, guidance, pursuit, target, optimal, nash",2,0.5
1996-2000,Engineering,6,"port, shipping, manufacturing, game, container, production, ports, model, scheduling, decision",1,0.25
1996-2000,Mathematics,1,"game, vaccination, model, epidemic, strategy, public, disease, individuals, control, games",2,1
1996-2000,Medicine,0,"prey, habitat, predator, food, model, predators, dormitive, foraging, active, game",1,1
1996-2000,Social Sciences,0,"game, cooperation, games, evolutionary, strategies, theory, social, strategy, dynamics, evolution",30,0.6818181818181818
1996-2000,Social Sciences,1,"game, knowledge, evolutionary, government, model, sharing, traffic, strategy, based, quality",1,0.022727272727272728
1996-2000,Social Sciences,2,"war, conflict, power, international, bargaining, terrorism, terrorist, model, political, states",9,0.20454545454545456
1996-2000,Social Sciences,3,"party, policy, political, parties, electoral, voters, model, theoretic, legislative, candidates",3,0.06818181818181818
1996-2000,Social Sciences,6,"households, household, family, women, wives, teachers, preferences, efficiency, husbands, sided",1,0.022727272727272728
1997-2001,Agricultural and Biological Sciences,0,"game, model, males, competition, strategies, theory, male, models, lewontin, evolution",13,1
1997-2001,"Biochemistry, Genetics and Molecular Biology",2,"host, virulence, pathogen, model, vaccine, disease, transmission, infection, evolution, infected",1,0.2
1997-2001,"Biochemistry, Genetics and Molecular Biology",6,"game, evolutionary, theory, selection, sex, strategies, fitness, evolution, mml, models",4,0.8
1997-2001,"Business, Management and Accounting",0,"supply, manufacturer, channel, retailer, model, chain, game, product, price, advertising",11,0.7857142857142857
1997-2001,"Business, Management and Accounting",3,"innovation, knowledge, game, firms, alliances, alliance, strategic, cooperation, model, research",2,0.14285714285714285
1997-2001,"Business, Management and Accounting",4,"customers, server, queue, queueing, equilibrium, service, mml, servers, joining, patients",1,0.07142857142857142
1997-2001,Computer Science,0,"game, users, network, proposed, networks, based, algorithm, power, equilibrium, problem",1,0.3333333333333333
1997-2001,Computer Science,1,"games, game, learning, agent, mml, agents, equilibrium, theory, players, player",2,0.6666666666666666
1997-2001,Decision Sciences,0,"games, game, equilibrium, players, equilibria, player, nash, stochastic, information, repeated",12,0.4
1997-2001,Decision Sciences,1,"network, game, networks, users, spectrum, allocation, equilibrium, resource, service, nash",1,0.03333333333333333
1997-2001,Decision Sciences,2,"price, auctions, market, auction, advertising, model, product, pricing, prices, seller",3,0.1
1997-2001,Decision Sciences,3,"game, theory, theoretic, models, cooperative, economic, games, strategy, business, strategic",9,0.3
1997-2001,Decision Sciences,4,"fuzzy, decision, dea, cooperative, value, game, linguistic, making, shapley, proposed",4,0.13333333333333333
1997-2001,Decision Sciences,5,"carbon, evolutionary, enterprises, government, game, energy, electricity, market, power, reduction",1,0.03333333333333333
1997-2001,"Economics, Econometrics and Finance",0,"market, game, firms, theory, equilibrium, model, price, markets, firm, information",13,0.3170731707317073
1997-2001,"Economics, Econometrics and Finance",1,"stochastic, games, equilibrium, time, mml, game, equilibria, mean, nash, optimal",7,0.17073170731707318
1997-2001,"Economics, Econometrics and Finance",2,"carbon, government, enterprises, environmental, pollution, game, innovation, evolutionary, emission, local",5,0.12195121951219512
1997-2001,"Economics, Econometrics and Finance",3,"games, cooperative, mml, core, value, fuzzy, coalition, game, shapley, players",4,0.0975609756097561
1997-2001,"Economics, Econometrics and Finance",4,"sanctions, trade, policy, political, international, economic, countries, model, target, game",3,0.07317073170731707
1997-2001,"Economics, Econometrics and Finance",5,"coalition, coalitions, power, court, voting, legislative, chambers, political, model, informational",7,0.17073170731707318
1997-2001,"Economics, Econometrics and Finance",6,"football, sports, team, game, leagues, players, league, clubs, play, soccer",2,0.04878048780487805
1997-2001,Engineering,1,"energy, power, game, market, electricity, proposed, demand, based, model, charging",2,0.6666666666666666
1997-2001,Engineering,3,"game, control, differential, time, games, guidance, pursuit, target, optimal, nash",1,0.3333333333333333
1997-2001,Mathematics,1,"game, vaccination, model, epidemic, strategy, public, disease, individuals, control, games",2,1
1997-2001,Medicine,0,"prey, habitat, predator, food, model, predators, dormitive, foraging, active, game",1,1
1997-2001,Physics and Astronomy,0,"quantum, game, games, classical, theory, player, entanglement, players, nash, strategies",3,1
1997-2001,Psychology,0,"choice, mate, care, mating, male, theory, evolutionary, studies, human, males",2,1
1997-2001,Social Sciences,0,"game, cooperation, games, evolutionary, strategies, theory, social, strategy, dynamics, evolution",30,0.6382978723404256
1997-2001,Social Sciences,1,"game, knowledge, evolutionary, government, model, sharing, traffic, strategy, based, quality",1,0.02127659574468085
1997-2001,Social Sciences,2,"war, conflict, power, international, bargaining, terrorism, terrorist, model, political, states",11,0.23404255319148937
1997-2001,Social Sciences,3,"party, policy, political, parties, electoral, voters, model, theoretic, legislative, candidates",4,0.0851063829787234
1997-2001,Social Sciences,4,"vaccination, vaccine, health, game, disease, mhealth, physicians, coverage, information, healthcare",1,0.02127659574468085
1998-2002,Agricultural and Biological Sciences,0,"game, model, males, competition, strategies, theory, male, models, lewontin, evolution",13,1
1998-2002,"Biochemistry, Genetics and Molecular Biology",2,"host, virulence, pathogen, model, vaccine, disease, transmission, infection, evolution, infected",1,0.2
1998-2002,"Biochemistry, Genetics and Molecular Biology",6,"game, evolutionary, theory, selection, sex, strategies, fitness, evolution, mml, models",4,0.8
1998-2002,"Business, Management and Accounting",0,"supply, manufacturer, channel, retailer, model, chain, game, product, price, advertising",12,0.75
1998-2002,"Business, Management and Accounting",2,"ppp, public, private, projects, project, government, game, design, evolutionary, supervision",1,0.0625
1998-2002,"Business, Management and Accounting",3,"innovation, knowledge, game, firms, alliances, alliance, strategic, cooperation, model, research",2,0.125
1998-2002,"Business, Management and Accounting",4,"customers, server, queue, queueing, equilibrium, service, mml, servers, joining, patients",1,0.0625
1998-2002,Computer Science,0,"game, users, network, proposed, networks, based, algorithm, power, equilibrium, problem",4,0.5
1998-2002,Computer Science,1,"games, game, learning, agent, mml, agents, equilibrium, theory, players, player",4,0.5
1998-2002,Decision Sciences,0,"games, game, equilibrium, players, equilibria, player, nash, stochastic, information, repeated",16,0.42105263157894735
1998-2002,Decision Sciences,1,"network, game, networks, users, spectrum, allocation, equilibrium, resource, service, nash",2,0.05263157894736842
1998-2002,Decision Sciences,2,"price, auctions, market, auction, advertising, model, product, pricing, prices, seller",6,0.15789473684210525
1998-2002,Decision Sciences,3,"game, theory, theoretic, models, cooperative, economic, games, strategy, business, strategic",8,0.21052631578947367
1998-2002,Decision Sciences,4,"fuzzy, decision, dea, cooperative, value, game, linguistic, making, shapley, proposed",4,0.10526315789473684
1998-2002,Decision Sciences,5,"carbon, evolutionary, enterprises, government, game, energy, electricity, market, power, reduction",1,0.02631578947368421
1998-2002,Decision Sciences,8,"insurance, risk, underwriting, cost, community, institutions, method, sharing, allocation, cooperative",1,0.02631578947368421
1998-2002,"Economics, Econometrics and Finance",0,"market, game, firms, theory, equilibrium, model, price, markets, firm, information",15,0.3191489361702128
1998-2002,"Economics, Econometrics and Finance",1,"stochastic, games, equilibrium, time, mml, game, equilibria, mean, nash, optimal",8,0.1702127659574468
1998-2002,"Economics, Econometrics and Finance",2,"carbon, government, enterprises, environmental, pollution, game, innovation, evolutionary, emission, local",5,0.10638297872340426
1998-2002,"Economics, Econometrics and Finance",3,"games, cooperative, mml, core, value, fuzzy, coalition, game, shapley, players",7,0.14893617021276595
1998-2002,"Economics, Econometrics and Finance",4,"sanctions, trade, policy, political, international, economic, countries, model, target, game",4,0.0851063829787234
1998-2002,"Economics, Econometrics and Finance",5,"coalition, coalitions, power, court, voting, legislative, chambers, political, model, informational",6,0.1276595744680851
1998-2002,"Economics, Econometrics and Finance",6,"football, sports, team, game, leagues, players, league, clubs, play, soccer",2,0.0425531914893617
1998-2002,Engineering,0,"game, power, networks, network, allocation, interference, proposed, problem, based, algorithm",1,0.14285714285714285
1998-2002,Engineering,1,"energy, power, game, market, electricity, proposed, demand, based, model, charging",3,0.42857142857142855
1998-2002,Engineering,3,"game, control, differential, time, games, guidance, pursuit, target, optimal, nash",2,0.2857142857142857
1998-2002,Engineering,6,"port, shipping, manufacturing, game, container, production, ports, model, scheduling, decision",1,0.14285714285714285
1998-2002,Mathematics,0,"cells, cancer, cell, growth, tumor, tumour, evolutionary, therapies, game, models",1,0.5
1998-2002,Mathematics,1,"game, vaccination, model, epidemic, strategy, public, disease, individuals, control, games",1,0.5
1998-2002,Physics and Astronomy,0,"quantum, game, games, classical, theory, player, entanglement, players, nash, strategies",6,1
1998-2002,Psychology,0,"choice, mate, care, mating, male, theory, evolutionary, studies, human, males",3,1
1998-2002,Social Sciences,0,"game, cooperation, games, evolutionary, strategies, theory, social, strategy, dynamics, evolution",31,0.6326530612244898
1998-2002,Social Sciences,1,"game, knowledge, evolutionary, government, model, sharing, traffic, strategy, based, quality",1,0.02040816326530612
1998-2002,Social Sciences,2,"war, conflict, power, international, bargaining, terrorism, terrorist, model, political, states",9,0.1836734693877551
1998-2002,Social Sciences,3,"party, policy, political, parties, electoral, voters, model, theoretic, legislative, candidates",7,0.14285714285714285
1998-2002,Social Sciences,4,"vaccination, vaccine, health, game, disease, mhealth, physicians, coverage, information, healthcare",1,0.02040816326530612
1999-2003,Agricultural and Biological Sciences,0,"game, model, males, competition, strategies, theory, male, models, lewontin, evolution",16,1
1999-2003,"Biochemistry, Genetics and Molecular Biology",2,"host, virulence, pathogen, model, vaccine, disease, transmission, infection, evolution, infected",1,0.2
1999-2003,"Biochemistry, Genetics and Molecular Biology",6,"game, evolutionary, theory, selection, sex, strategies, fitness, evolution, mml, models",4,0.8
1999-2003,"Business, Management and Accounting",0,"supply, manufacturer, channel, retailer, model, chain, game, product, price, advertising",14,0.7777777777777778
1999-2003,"Business, Management and Accounting",2,"ppp, public, private, projects, project, government, game, design, evolutionary, supervision",2,0.1111111111111111
1999-2003,"Business, Management and Accounting",3,"innovation, knowledge, game, firms, alliances, alliance, strategic, cooperation, model, research",2,0.1111111111111111
1999-2003,Computer Science,0,"game, users, network, proposed, networks, based, algorithm, power, equilibrium, problem",7,0.6363636363636364
1999-2003,Computer Science,1,"games, game, learning, agent, mml, agents, equilibrium, theory, players, player",4,0.36363636363636365
1999-2003,Decision Sciences,0,"games, game, equilibrium, players, equilibria, player, nash, stochastic, information, repeated",14,0.4375
1999-2003,Decision Sciences,1,"network, game, networks, users, spectrum, allocation, equilibrium, resource, service, nash",1,0.03125
1999-2003,Decision Sciences,2,"price, auctions, market, auction, advertising, model, product, pricing, prices, seller",5,0.15625
1999-2003,Decision Sciences,3,"game, theory, theoretic, models, cooperative, economic, games, strategy, business, strategic",6,0.1875
1999-2003,Decision Sciences,4,"fuzzy, decision, dea, cooperative, value, game, linguistic, making, shapley, proposed",4,0.125
1999-2003,Decision Sciences,5,"carbon, evolutionary, enterprises, government, game, energy, electricity, market, power, reduction",1,0.03125
1999-2003,Decision Sciences,8,"insurance, risk, underwriting, cost, community, institutions, method, sharing, allocation, cooperative",1,0.03125
1999-2003,"Economics, Econometrics and Finance",0,"market, game, firms, theory, equilibrium, model, price, markets, firm, information",16,0.3333333333333333
1999-2003,"Economics, Econometrics and Finance",1,"stochastic, games, equilibrium, time, mml, game, equilibria, mean, nash, optimal",8,0.16666666666666666
1999-2003,"Economics, Econometrics and Finance",2,"carbon, government, enterprises, environmental, pollution, game, innovation, evolutionary, emission, local",4,0.08333333333333333
1999-2003,"Economics, Econometrics and Finance",3,"games, cooperative, mml, core, value, fuzzy, coalition, game, shapley, players",6,0.125
1999-2003,"Economics, Econometrics and Finance",4,"sanctions, trade, policy, political, international, economic, countries, model, target, game",6,0.125
1999-2003,"Economics, Econometrics and Finance",5,"coalition, coalitions, power, court, voting, legislative, chambers, political, model, informational",5,0.10416666666666667
1999-2003,"Economics, Econometrics and Finance",6,"football, sports, team, game, leagues, players, league, clubs, play, soccer",2,0.041666666666666664
1999-2003,"Economics, Econometrics and Finance",7,"options, strategic, real, value, framework, high, capacity, theory, infrastructure, design",1,0.020833333333333332
1999-2003,Engineering,0,"game, power, networks, network, allocation, interference, proposed, problem, based, algorithm",3,0.23076923076923078
1999-2003,Engineering,1,"energy, power, game, market, electricity, proposed, demand, based, model, charging",6,0.46153846153846156
1999-2003,Engineering,3,"game, control, differential, time, games, guidance, pursuit, target, optimal, nash",3,0.23076923076923078
1999-2003,Engineering,6,"port, shipping, manufacturing, game, container, production, ports, model, scheduling, decision",1,0.07692307692307693
1999-2003,Environmental Science,0,"height, water, leaf, plant, hydraulic, trees, growth, al, plants, tree",1,0.5
1999-2003,Environmental Science,4,"conservation, forest, harvesting, organizations, institutional, game, environmental, social, common, theory",1,0.5
1999-2003,Mathematics,0,"cells, cancer, cell, growth, tumor, tumour, evolutionary, therapies, game, models",2,0.6666666666666666
1999-2003,Mathematics,1,"game, vaccination, model, epidemic, strategy, public, disease, individuals, control, games",1,0.3333333333333333
1999-2003,Neuroscience,0,"learning, choice, reinforcement, capacity, human, risk, underlying, humans, optimal, environment",1,1
1999-2003,Physics and Astronomy,0,"quantum, game, games, classical, theory, player, entanglement, players, nash, strategies",7,1
1999-2003,Psychology,0,"choice, mate, care, mating, male, theory, evolutionary, studies, human, males",6,1
1999-2003,Social Sciences,0,"game, cooperation, games, evolutionary, strategies, theory, social, strategy, dynamics, evolution",33,0.6470588235294118
1999-2003,Social Sciences,1,"game, knowledge, evolutionary, government, model, sharing, traffic, strategy, based, quality",1,0.0196078431372549
1999-2003,Social Sciences,2,"war, conflict, power, international, bargaining, terrorism, terrorist, model, political, states",9,0.17647058823529413
1999-2003,Social Sciences,3,"party, policy, political, parties, electoral, voters, model, theoretic, legislative, candidates",7,0.13725490196078433
1999-2003,Social Sciences,4,"vaccination, vaccine, health, game, disease, mhealth, physicians, coverage, information, healthcare",1,0.0196078431372549
2000-2004,Agricultural and Biological Sciences,0,"game, model, males, competition, strategies, theory, male, models, lewontin, evolution",11,1
2000-2004,"Biochemistry, Genetics and Molecular Biology",2,"host, virulence, pathogen, model, vaccine, disease, transmission, infection, evolution, infected",2,0.4
2000-2004,"Biochemistry, Genetics and Molecular Biology",4,"species, migration, population, prey, evolutionary, thermal, ifd, patch, game, predators",2,0.4
2000-2004,"Biochemistry, Genetics and Molecular Biology",6,"game, evolutionary, theory, selection, sex, strategies, fitness, evolution, mml, models",1,0.2
2000-2004,"Business, Management and Accounting",0,"supply, manufacturer, channel, retailer, model, chain, game, product, price, advertising",16,0.7619047619047619
2000-2004,"Business, Management and Accounting",2,"ppp, public, private, projects, project, government, game, design, evolutionary, supervision",2,0.09523809523809523
2000-2004,"Business, Management and Accounting",3,"innovation, knowledge, game, firms, alliances, alliance, strategic, cooperation, model, research",2,0.09523809523809523
2000-2004,"Business, Management and Accounting",8,"disclosure, audit, etr, reporting, etrs, integrated, sustainability, favourable, talk, cheap",1,0.047619047619047616
2000-2004,Computer Science,0,"game, users, network, proposed, networks, based, algorithm, power, equilibrium, problem",7,0.6363636363636364
2000-2004,Computer Science,1,"games, game, learning, agent, mml, agents, equilibrium, theory, players, player",4,0.36363636363636365
2000-2004,Decision Sciences,0,"games, game, equilibrium, players, equilibria, player, nash, stochastic, information, repeated",13,0.5416666666666666
2000-2004,Decision Sciences,1,"network, game, networks, users, spectrum, allocation, equilibrium, resource, service, nash",1,0.041666666666666664
2000-2004,Decision Sciences,2,"price, auctions, market, auction, advertising, model, product, pricing, prices, seller",4,0.16666666666666666
2000-2004,Decision Sciences,3,"game, theory, theoretic, models, cooperative, economic, games, strategy, business, strategic",2,0.08333333333333333
2000-2004,Decision Sciences,4,"fuzzy, decision, dea, cooperative, value, game, linguistic, making, shapley, proposed",2,0.08333333333333333
2000-2004,Decision Sciences,5,"carbon, evolutionary, enterprises, government, game, energy, electricity, market, power, reduction",1,0.041666666666666664
2000-2004,Decision Sciences,8,"insurance, risk, underwriting, cost, community, institutions, method, sharing, allocation, cooperative",1,0.041666666666666664
2000-2004,"Economics, Econometrics and Finance",0,"market, game, firms, theory, equilibrium, model, price, markets, firm, information",12,0.2857142857142857
2000-2004,"Economics, Econometrics and Finance",1,"stochastic, games, equilibrium, time, mml, game, equilibria, mean, nash, optimal",10,0.23809523809523808
2000-2004,"Economics, Econometrics and Finance",2,"carbon, government, enterprises, environmental, pollution, game, innovation, evolutionary, emission, local",3,0.07142857142857142
2000-2004,"Economics, Econometrics and Finance",3,"games, cooperative, mml, core, value, fuzzy, coalition, game, shapley, players",6,0.14285714285714285
2000-2004,"Economics, Econometrics and Finance",4,"sanctions, trade, policy, political, international, economic, countries, model, target, game",5,0.11904761904761904
2000-2004,"Economics, Econometrics and Finance",5,"coalition, coalitions, power, court, voting, legislative, chambers, political, model, informational",4,0.09523809523809523
2000-2004,"Economics, Econometrics and Finance",7,"options, strategic, real, value, framework, high, capacity, theory, infrastructure, design",2,0.047619047619047616
2000-2004,Engineering,0,"game, power, networks, network, allocation, interference, proposed, problem, based, algorithm",3,0.17647058823529413
2000-2004,Engineering,1,"energy, power, game, market, electricity, proposed, demand, based, model, charging",9,0.5294117647058824
2000-2004,Engineering,3,"game, control, differential, time, games, guidance, pursuit, target, optimal, nash",3,0.17647058823529413
2000-2004,Engineering,6,"port, shipping, manufacturing, game, container, production, ports, model, scheduling, decision",2,0.11764705882352941
2000-2004,Environmental Science,0,"height, water, leaf, plant, hydraulic, trees, growth, al, plants, tree",1,0.5
2000-2004,Environmental Science,4,"conservation, forest, harvesting, organizations, institutional, game, environmental, social, common, theory",1,0.5
2000-2004,Mathematics,0,"cells, cancer, cell, growth, tumor, tumour, evolutionary, therapies, game, models",2,1
2000-2004,Neuroscience,0,"learning, choice, reinforcement, capacity, human, risk, underlying, humans, optimal, environment",1,1
2000-2004,Physics and Astronomy,0,"quantum, game, games, classical, theory, player, entanglement, players, nash, strategies",10,1
2000-2004,Psychology,0,"choice, mate, care, mating, male, theory, evolutionary, studies, human, males",6,1
2000-2004,Social Sciences,0,"game, cooperation, games, evolutionary, strategies, theory, social, strategy, dynamics, evolution",37,0.7708333333333334
2000-2004,Social Sciences,1,"game, knowledge, evolutionary, government, model, sharing, traffic, strategy, based, quality",3,0.0625
2000-2004,Social Sciences,2,"war, conflict, power, international, bargaining, terrorism, terrorist, model, political, states",3,0.0625
2000-2004,Social Sciences,3,"party, policy, political, parties, electoral, voters, model, theoretic, legislative, candidates",4,0.08333333333333333
2000-2004,Social Sciences,4,"vaccination, vaccine, health, game, disease, mhealth, physicians, coverage, information, healthcare",1,0.020833333333333332
2001-2005,Agricultural and Biological Sciences,0,"game, model, males, competition, strategies, theory, male, models, lewontin, evolution",11,1
2001-2005,Arts and Humanities,0,"game, cultural, theory, resource, data, research, peirce, np, big, subjective",1,1
2001-2005,"Biochemistry, Genetics and Molecular Biology",2,"host, virulence, pathogen, model, vaccine, disease, transmission, infection, evolution, infected",3,0.5
2001-2005,"Biochemistry, Genetics and Molecular Biology",4,"species, migration, population, prey, evolutionary, thermal, ifd, patch, game, predators",2,0.3333333333333333
2001-2005,"Biochemistry, Genetics and Molecular Biology",6,"game, evolutionary, theory, selection, sex, strategies, fitness, evolution, mml, models",1,0.16666666666666666
2001-2005,"Business, Management and Accounting",0,"supply, manufacturer, channel, retailer, model, chain, game, product, price, advertising",19,0.7916666666666666
2001-2005,"Business, Management and Accounting",2,"ppp, public, private, projects, project, government, game, design, evolutionary, supervision",3,0.125
2001-2005,"Business, Management and Accounting",3,"innovation, knowledge, game, firms, alliances, alliance, strategic, cooperation, model, research",1,0.041666666666666664
2001-2005,"Business, Management and Accounting",8,"disclosure, audit, etr, reporting, etrs, integrated, sustainability, favourable, talk, cheap",1,0.041666666666666664
2001-2005,Computer Science,0,"game, users, network, proposed, networks, based, algorithm, power, equilibrium, problem",11,0.6875
2001-2005,Computer Science,1,"games, game, learning, agent, mml, agents, equilibrium, theory, players, player",5,0.3125
2001-2005,Decision Sciences,0,"games, game, equilibrium, players, equilibria, player, nash, stochastic, information, repeated",15,0.4838709677419355
2001-2005,Decision Sciences,1,"network, game, networks, users, spectrum, allocation, equilibrium, resource, service, nash",2,0.06451612903225806
2001-2005,Decision Sciences,2,"price, auctions, market, auction, advertising, model, product, pricing, prices, seller",7,0.22580645161290322
2001-2005,Decision Sciences,3,"game, theory, theoretic, models, cooperative, economic, games, strategy, business, strategic",3,0.0967741935483871
2001-2005,Decision Sciences,4,"fuzzy, decision, dea, cooperative, value, game, linguistic, making, shapley, proposed",2,0.06451612903225806
2001-2005,Decision Sciences,5,"carbon, evolutionary, enterprises, government, game, energy, electricity, market, power, reduction",1,0.03225806451612903
2001-2005,Decision Sciences,8,"insurance, risk, underwriting, cost, community, institutions, method, sharing, allocation, cooperative",1,0.03225806451612903
2001-2005,"Economics, Econometrics and Finance",0,"market, game, firms, theory, equilibrium, model, price, markets, firm, information",11,0.2682926829268293
2001-2005,"Economics, Econometrics and Finance",1,"stochastic, games, equilibrium, time, mml, game, equilibria, mean, nash, optimal",9,0.21951219512195122
2001-2005,"Economics, Econometrics and Finance",2,"carbon, government, enterprises, environmental, pollution, game, innovation, evolutionary, emission, local",3,0.07317073170731707
2001-2005,"Economics, Econometrics and Finance",3,"games, cooperative, mml, core, value, fuzzy, coalition, game, shapley, players",6,0.14634146341463414
2001-2005,"Economics, Econometrics and Finance",4,"sanctions, trade, policy, political, international, economic, countries, model, target, game",6,0.14634146341463414
2001-2005,"Economics, Econometrics and Finance",5,"coalition, coalitions, power, court, voting, legislative, chambers, political, model, informational",3,0.07317073170731707
2001-2005,"Economics, Econometrics and Finance",7,"options, strategic, real, value, framework, high, capacity, theory, infrastructure, design",3,0.07317073170731707
2001-2005,Engineering,0,"game, power, networks, network, allocation, interference, proposed, problem, based, algorithm",3,0.2
2001-2005,Engineering,1,"energy, power, game, market, electricity, proposed, demand, based, model, charging",8,0.5333333333333333
2001-2005,Engineering,3,"game, control, differential, time, games, guidance, pursuit, target, optimal, nash",2,0.13333333333333333
2001-2005,Engineering,6,"port, shipping, manufacturing, game, container, production, ports, model, scheduling, decision",2,0.13333333333333333
2001-2005,Environmental Science,4,"conservation, forest, harvesting, organizations, institutional, game, environmental, social, common, theory",1,1
2001-2005,Mathematics,0,"cells, cancer, cell, growth, tumor, tumour, evolutionary, therapies, game, models",2,1
2001-2005,Medicine,2,"game, model, medical, theory, evolutionary, vaccination, treatment, strategies, epidemic, disease",1,1
2001-2005,Neuroscience,0,"learning, choice, reinforcement, capacity, human, risk, underlying, humans, optimal, environment",1,1
2001-2005,Physics and Astronomy,0,"quantum, game, games, classical, theory, player, entanglement, players, nash, strategies",9,1
2001-2005,Psychology,0,"choice, mate, care, mating, male, theory, evolutionary, studies, human, males",6,1
2001-2005,Social Sciences,0,"game, cooperation, games, evolutionary, strategies, theory, social, strategy, dynamics, evolution",39,0.6842105263157895
2001-2005,Social Sciences,1,"game, knowledge, evolutionary, government, model, sharing, traffic, strategy, based, quality",4,0.07017543859649122
2001-2005,Social Sciences,2,"war, conflict, power, international, bargaining, terrorism, terrorist, model, political, states",5,0.08771929824561403
2001-2005,Social Sciences,3,"party, policy, political, parties, electoral, voters, model, theoretic, legislative, candidates",5,0.08771929824561403
2001-2005,Social Sciences,4,"vaccination, vaccine, health, game, disease, mhealth, physicians, coverage, information, healthcare",3,0.05263157894736842
2001-2005,Social Sciences,8,"buyer, binding, seller, contracts, lock, treatment, supplier, price, good, behavioral",1,0.017543859649122806
2002-2006,Agricultural and Biological Sciences,0,"game, model, males, competition, strategies, theory, male, models, lewontin, evolution",14,1
2002-2006,Arts and Humanities,0,"game, cultural, theory, resource, data, research, peirce, np, big, subjective",1,1
2002-2006,"Biochemistry, Genetics and Molecular Biology",2,"host, virulence, pathogen, model, vaccine, disease, transmission, infection, evolution, infected",3,0.42857142857142855
2002-2006,"Biochemistry, Genetics and Molecular Biology",3,"species, game, reversal, microbial, memory, communities, molecular, genes, number, theory",1,0.14285714285714285
2002-2006,"Biochemistry, Genetics and Molecular Biology",4,"species, migration, population, prey, evolutionary, thermal, ifd, patch, game, predators",2,0.2857142857142857
2002-2006,"Biochemistry, Genetics and Molecular Biology",6,"game, evolutionary, theory, selection, sex, strategies, fitness, evolution, mml, models",1,0.14285714285714285
2002-2006,"Business, Management and Accounting",0,"supply, manufacturer, channel, retailer, model, chain, game, product, price, advertising",19,0.7916666666666666
2002-2006,"Business, Management and Accounting",2,"ppp, public, private, projects, project, government, game, design, evolutionary, supervision",3,0.125
2002-2006,"Business, Management and Accounting",3,"innovation, knowledge, game, firms, alliances, alliance, strategic, cooperation, model, research",2,0.08333333333333333
2002-2006,Computer Science,0,"game, users, network, proposed, networks, based, algorithm, power, equilibrium, problem",18,0.72
2002-2006,Computer Science,1,"games, game, learning, agent, mml, agents, equilibrium, theory, players, player",5,0.2
2002-2006,Computer Science,5,"lt, fuzzy, gt, linguistic, preference, game, word, logic, product, argumentation",2,0.08
2002-2006,Decision Sciences,0,"games, game, equilibrium, players, equilibria, player, nash, stochastic, information, repeated",17,0.53125
2002-2006,Decision Sciences,1,"network, game, networks, users, spectrum, allocation, equilibrium, resource, service, nash",2,0.0625
2002-2006,Decision Sciences,2,"price, auctions, market, auction, advertising, model, product, pricing, prices, seller",8,0.25
2002-2006,Decision Sciences,3,"game, theory, theoretic, models, cooperative, economic, games, strategy, business, strategic",3,0.09375
2002-2006,Decision Sciences,4,"fuzzy, decision, dea, cooperative, value, game, linguistic, making, shapley, proposed",1,0.03125
2002-2006,Decision Sciences,8,"insurance, risk, underwriting, cost, community, institutions, method, sharing, allocation, cooperative",1,0.03125
2002-2006,"Economics, Econometrics and Finance",0,"market, game, firms, theory, equilibrium, model, price, markets, firm, information",14,0.32558139534883723
2002-2006,"Economics, Econometrics and Finance",1,"stochastic, games, equilibrium, time, mml, game, equilibria, mean, nash, optimal",9,0.20930232558139536
2002-2006,"Economics, Econometrics and Finance",2,"carbon, government, enterprises, environmental, pollution, game, innovation, evolutionary, emission, local",5,0.11627906976744186
2002-2006,"Economics, Econometrics and Finance",3,"games, cooperative, mml, core, value, fuzzy, coalition, game, shapley, players",7,0.16279069767441862
2002-2006,"Economics, Econometrics and Finance",4,"sanctions, trade, policy, political, international, economic, countries, model, target, game",4,0.09302325581395349
2002-2006,"Economics, Econometrics and Finance",5,"coalition, coalitions, power, court, voting, legislative, chambers, political, model, informational",1,0.023255813953488372
2002-2006,"Economics, Econometrics and Finance",7,"options, strategic, real, value, framework, high, capacity, theory, infrastructure, design",3,0.06976744186046512
2002-2006,Engineering,0,"game, power, networks, network, allocation, interference, proposed, problem, based, algorithm",6,0.2857142857142857
2002-2006,Engineering,1,"energy, power, game, market, electricity, proposed, demand, based, model, charging",9,0.42857142857142855
2002-2006,Engineering,3,"game, control, differential, time, games, guidance, pursuit, target, optimal, nash",4,0.19047619047619047
2002-2006,Engineering,6,"port, shipping, manufacturing, game, container, production, ports, model, scheduling, decision",2,0.09523809523809523
2002-2006,Environmental Science,4,"conservation, forest, harvesting, organizations, institutional, game, environmental, social, common, theory",2,1
2002-2006,Mathematics,0,"cells, cancer, cell, growth, tumor, tumour, evolutionary, therapies, game, models",1,1
2002-2006,Medicine,2,"game, model, medical, theory, evolutionary, vaccination, treatment, strategies, epidemic, disease",1,1
2002-2006,Neuroscience,0,"learning, choice, reinforcement, capacity, human, risk, underlying, humans, optimal, environment",1,1
2002-2006,Physics and Astronomy,0,"quantum, game, games, classical, theory, player, entanglement, players, nash, strategies",7,1
2002-2006,Psychology,0,"choice, mate, care, mating, male, theory, evolutionary, studies, human, males",5,1
2002-2006,Social Sciences,0,"game, cooperation, games, evolutionary, strategies, theory, social, strategy, dynamics, evolution",49,0.7424242424242424
2002-2006,Social Sciences,1,"game, knowledge, evolutionary, government, model, sharing, traffic, strategy, based, quality",3,0.045454545454545456
2002-2006,Social Sciences,2,"war, conflict, power, international, bargaining, terrorism, terrorist, model, political, states",5,0.07575757575757576
2002-2006,Social Sciences,3,"party, policy, political, parties, electoral, voters, model, theoretic, legislative, candidates",6,0.09090909090909091
2002-2006,Social Sciences,4,"vaccination, vaccine, health, game, disease, mhealth, physicians, coverage, information, healthcare",2,0.030303030303030304
2002-2006,Social Sciences,8,"buyer, binding, seller, contracts, lock, treatment, supplier, price, good, behavioral",1,0.015151515151515152
2003-2007,Agricultural and Biological Sciences,0,"game, model, males, competition, strategies, theory, male, models, lewontin, evolution",16,0.9411764705882353
2003-2007,Agricultural and Biological Sciences,1,"government, game, food, agricultural, farmers, evolutionary, chain, safety, green, traceability",1,0.058823529411764705
2003-2007,Arts and Humanities,0,"game, cultural, theory, resource, data, research, peirce, np, big, subjective",1,1
2003-2007,"Biochemistry, Genetics and Molecular Biology",2,"host, virulence, pathogen, model, vaccine, disease, transmission, infection, evolution, infected",4,0.4444444444444444
2003-2007,"Biochemistry, Genetics and Molecular Biology",3,"species, game, reversal, microbial, memory, communities, molecular, genes, number, theory",1,0.1111111111111111
2003-2007,"Biochemistry, Genetics and Molecular Biology",4,"species, migration, population, prey, evolutionary, thermal, ifd, patch, game, predators",2,0.2222222222222222
2003-2007,"Biochemistry, Genetics and Molecular Biology",6,"game, evolutionary, theory, selection, sex, strategies, fitness, evolution, mml, models",2,0.2222222222222222
2003-2007,"Business, Management and Accounting",0,"supply, manufacturer, channel, retailer, model, chain, game, product, price, advertising",20,0.8333333333333334
2003-2007,"Business, Management and Accounting",2,"ppp, public, private, projects, project, government, game, design, evolutionary, supervision",1,0.041666666666666664
2003-2007,"Business, Management and Accounting",3,"innovation, knowledge, game, firms, alliances, alliance, strategic, cooperation, model, research",3,0.125
2003-2007,Computer Science,0,"game, users, network, proposed, networks, based, algorithm, power, equilibrium, problem",25,0.6944444444444444
2003-2007,Computer Science,1,"games, game, learning, agent, mml, agents, equilibrium, theory, players, player",5,0.1388888888888889
2003-2007,Computer Science,2,"security, game, defense, model, attack, attacks, based, information, strategy, privacy",3,0.08333333333333333
2003-2007,Computer Science,5,"lt, fuzzy, gt, linguistic, preference, game, word, logic, product, argumentation",3,0.08333333333333333
2003-2007,Decision Sciences,0,"games, game, equilibrium, players, equilibria, player, nash, stochastic, information, repeated",15,0.39473684210526316
2003-2007,Decision Sciences,1,"network, game, networks, users, spectrum, allocation, equilibrium, resource, service, nash",5,0.13157894736842105
2003-2007,Decision Sciences,2,"price, auctions, market, auction, advertising, model, product, pricing, prices, seller",8,0.21052631578947367
2003-2007,Decision Sciences,3,"game, theory, theoretic, models, cooperative, economic, games, strategy, business, strategic",7,0.18421052631578946
2003-2007,Decision Sciences,4,"fuzzy, decision, dea, cooperative, value, game, linguistic, making, shapley, proposed",1,0.02631578947368421
2003-2007,Decision Sciences,5,"carbon, evolutionary, enterprises, government, game, energy, electricity, market, power, reduction",1,0.02631578947368421
2003-2007,Decision Sciences,6,"innovation, technology, collaborative, diffusion, evolutionary, adoption, government, competitive, game, firms",1,0.02631578947368421
2003-2007,"Economics, Econometrics and Finance",0,"market, game, firms, theory, equilibrium, model, price, markets, firm, information",20,0.40816326530612246
2003-2007,"Economics, Econometrics and Finance",1,"stochastic, games, equilibrium, time, mml, game, equilibria, mean, nash, optimal",9,0.1836734693877551
2003-2007,"Economics, Econometrics and Finance",2,"carbon, government, enterprises, environmental, pollution, game, innovation, evolutionary, emission, local",5,0.10204081632653061
2003-2007,"Economics, Econometrics and Finance",3,"games, cooperative, mml, core, value, fuzzy, coalition, game, shapley, players",5,0.10204081632653061
2003-2007,"Economics, Econometrics and Finance",4,"sanctions, trade, policy, political, international, economic, countries, model, target, game",4,0.08163265306122448
2003-2007,"Economics, Econometrics and Finance",5,"coalition, coalitions, power, court, voting, legislative, chambers, political, model, informational",2,0.04081632653061224
2003-2007,"Economics, Econometrics and Finance",7,"options, strategic, real, value, framework, high, capacity, theory, infrastructure, design",4,0.08163265306122448
2003-2007,Engineering,0,"game, power, networks, network, allocation, interference, proposed, problem, based, algorithm",10,0.3333333333333333
2003-2007,Engineering,1,"energy, power, game, market, electricity, proposed, demand, based, model, charging",13,0.43333333333333335
2003-2007,Engineering,3,"game, control, differential, time, games, guidance, pursuit, target, optimal, nash",5,0.16666666666666666
2003-2007,Engineering,6,"port, shipping, manufacturing, game, container, production, ports, model, scheduling, decision",1,0.03333333333333333
2003-2007,Engineering,7,"emergency, evacuation, pedestrians, game, government, model, evolutionary, crowd, exit, pedestrian",1,0.03333333333333333
2003-2007,Environmental Science,1,"government, game, evolutionary, energy, carbon, model, enterprises, strategies, development, study",1,0.25
2003-2007,Environmental Science,2,"fisheries, management, stocks, stock, fishing, fish, fishery, sex, economic, msy",1,0.25
2003-2007,Environmental Science,4,"conservation, forest, harvesting, organizations, institutional, game, environmental, social, common, theory",2,0.5
2003-2007,Mathematics,0,"cells, cancer, cell, growth, tumor, tumour, evolutionary, therapies, game, models",1,1
2003-2007,Medicine,1,"game, games, equilibrium, distributed, nash, seeking, stability, based, information, time",1,0.5
2003-2007,Medicine,2,"game, model, medical, theory, evolutionary, vaccination, treatment, strategies, epidemic, disease",1,0.5
2003-2007,Neuroscience,1,"game, social, subjects, opponent, strategy, activity, sensitivity, competitive, asp, hierarchy",1,1
2003-2007,Physics and Astronomy,0,"quantum, game, games, classical, theory, player, entanglement, players, nash, strategies",7,1
2003-2007,Psychology,0,"choice, mate, care, mating, male, theory, evolutionary, studies, human, males",6,0.8571428571428571
2003-2007,Psychology,1,"game, aggression, cooperative, video, play, bpd, games, bd, social, clinical",1,0.14285714285714285
2003-2007,Social Sciences,0,"game, cooperation, games, evolutionary, strategies, theory, social, strategy, dynamics, evolution",52,0.7536231884057971
2003-2007,Social Sciences,1,"game, knowledge, evolutionary, government, model, sharing, traffic, strategy, based, quality",4,0.057971014492753624
2003-2007,Social Sciences,2,"war, conflict, power, international, bargaining, terrorism, terrorist, model, political, states",7,0.10144927536231885
2003-2007,Social Sciences,3,"party, policy, political, parties, electoral, voters, model, theoretic, legislative, candidates",2,0.028985507246376812
2003-2007,Social Sciences,4,"vaccination, vaccine, health, game, disease, mhealth, physicians, coverage, information, healthcare",2,0.028985507246376812
2003-2007,Social Sciences,6,"households, household, family, women, wives, teachers, preferences, efficiency, husbands, sided",1,0.014492753623188406
2003-2007,Social Sciences,8,"buyer, binding, seller, contracts, lock, treatment, supplier, price, good, behavioral",1,0.014492753623188406
2004-2008,Agricultural and Biological Sciences,0,"game, model, males, competition, strategies, theory, male, models, lewontin, evolution",13,0.9285714285714286
2004-2008,Agricultural and Biological Sciences,1,"government, game, food, agricultural, farmers, evolutionary, chain, safety, green, traceability",1,0.07142857142857142
2004-2008,Arts and Humanities,0,"game, cultural, theory, resource, data, research, peirce, np, big, subjective",1,1
2004-2008,"Biochemistry, Genetics and Molecular Biology",2,"host, virulence, pathogen, model, vaccine, disease, transmission, infection, evolution, infected",3,0.3333333333333333
2004-2008,"Biochemistry, Genetics and Molecular Biology",3,"species, game, reversal, microbial, memory, communities, molecular, genes, number, theory",2,0.2222222222222222
2004-2008,"Biochemistry, Genetics and Molecular Biology",4,"species, migration, population, prey, evolutionary, thermal, ifd, patch, game, predators",2,0.2222222222222222
2004-2008,"Biochemistry, Genetics and Molecular Biology",6,"game, evolutionary, theory, selection, sex, strategies, fitness, evolution, mml, models",2,0.2222222222222222
2004-2008,"Business, Management and Accounting",0,"supply, manufacturer, channel, retailer, model, chain, game, product, price, advertising",22,0.7586206896551724
2004-2008,"Business, Management and Accounting",2,"ppp, public, private, projects, project, government, game, design, evolutionary, supervision",3,0.10344827586206896
2004-2008,"Business, Management and Accounting",3,"innovation, knowledge, game, firms, alliances, alliance, strategic, cooperation, model, research",2,0.06896551724137931
2004-2008,"Business, Management and Accounting",4,"customers, server, queue, queueing, equilibrium, service, mml, servers, joining, patients",1,0.034482758620689655
2004-2008,"Business, Management and Accounting",7,"bankruptcy, debt, creditors, reorganization, restructuring, equity, liquidation, division, government, asset",1,0.034482758620689655
2004-2008,Computer Science,0,"game, users, network, proposed, networks, based, algorithm, power, equilibrium, problem",41,0.7192982456140351
2004-2008,Computer Science,1,"games, game, learning, agent, mml, agents, equilibrium, theory, players, player",7,0.12280701754385964
2004-2008,Computer Science,2,"security, game, defense, model, attack, attacks, based, information, strategy, privacy",6,0.10526315789473684
2004-2008,Computer Science,5,"lt, fuzzy, gt, linguistic, preference, game, word, logic, product, argumentation",3,0.05263157894736842
2004-2008,Decision Sciences,0,"games, game, equilibrium, players, equilibria, player, nash, stochastic, information, repeated",20,0.4
2004-2008,Decision Sciences,1,"network, game, networks, users, spectrum, allocation, equilibrium, resource, service, nash",7,0.14
2004-2008,Decision Sciences,2,"price, auctions, market, auction, advertising, model, product, pricing, prices, seller",10,0.2
2004-2008,Decision Sciences,3,"game, theory, theoretic, models, cooperative, economic, games, strategy, business, strategic",9,0.18
2004-2008,Decision Sciences,4,"fuzzy, decision, dea, cooperative, value, game, linguistic, making, shapley, proposed",2,0.04
2004-2008,Decision Sciences,5,"carbon, evolutionary, enterprises, government, game, energy, electricity, market, power, reduction",1,0.02
2004-2008,Decision Sciences,6,"innovation, technology, collaborative, diffusion, evolutionary, adoption, government, competitive, game, firms",1,0.02
2004-2008,"Economics, Econometrics and Finance",0,"market, game, firms, theory, equilibrium, model, price, markets, firm, information",19,0.4222222222222222
2004-2008,"Economics, Econometrics and Finance",1,"stochastic, games, equilibrium, time, mml, game, equilibria, mean, nash, optimal",8,0.17777777777777778
2004-2008,"Economics, Econometrics and Finance",2,"carbon, government, enterprises, environmental, pollution, game, innovation, evolutionary, emission, local",4,0.08888888888888889
2004-2008,"Economics, Econometrics and Finance",3,"games, cooperative, mml, core, value, fuzzy, coalition, game, shapley, players",4,0.08888888888888889
2004-2008,"Economics, Econometrics and Finance",4,"sanctions, trade, policy, political, international, economic, countries, model, target, game",3,0.06666666666666667
2004-2008,"Economics, Econometrics and Finance",5,"coalition, coalitions, power, court, voting, legislative, chambers, political, model, informational",4,0.08888888888888889
2004-2008,"Economics, Econometrics and Finance",7,"options, strategic, real, value, framework, high, capacity, theory, infrastructure, design",3,0.06666666666666667
2004-2008,Energy,1,"energy, carbon, supply, low, fuel, chain, game, pricing, efficiency, consumers",1,1
2004-2008,Engineering,0,"game, power, networks, network, allocation, interference, proposed, problem, based, algorithm",15,0.375
2004-2008,Engineering,1,"energy, power, game, market, electricity, proposed, demand, based, model, charging",12,0.3
2004-2008,Engineering,3,"game, control, differential, time, games, guidance, pursuit, target, optimal, nash",7,0.175
2004-2008,Engineering,4,"attack, security, attacks, attacker, game, defender, defense, cyber, systems, model",1,0.025
2004-2008,Engineering,5,"government, construction, water, green, evolutionary, development, game, carbon, building, enterprises",2,0.05
2004-2008,Engineering,6,"port, shipping, manufacturing, game, container, production, ports, model, scheduling, decision",2,0.05
2004-2008,Engineering,7,"emergency, evacuation, pedestrians, game, government, model, evolutionary, crowd, exit, pedestrian",1,0.025
2004-2008,Environmental Science,1,"government, game, evolutionary, energy, carbon, model, enterprises, strategies, development, study",1,0.2
2004-2008,Environmental Science,2,"fisheries, management, stocks, stock, fishing, fish, fishery, sex, economic, msy",1,0.2
2004-2008,Environmental Science,3,"prey, size, retrieval, spatial, males, patch, beds, seabirds, pairing, females",2,0.4
2004-2008,Environmental Science,4,"conservation, forest, harvesting, organizations, institutional, game, environmental, social, common, theory",1,0.2
2004-2008,Mathematics,1,"game, vaccination, model, epidemic, strategy, public, disease, individuals, control, games",4,1
2004-2008,Medicine,1,"game, games, equilibrium, distributed, nash, seeking, stability, based, information, time",1,0.5
2004-2008,Medicine,2,"game, model, medical, theory, evolutionary, vaccination, treatment, strategies, epidemic, disease",1,0.5
2004-2008,Neuroscience,1,"game, social, subjects, opponent, strategy, activity, sensitivity, competitive, asp, hierarchy",2,1
2004-2008,Physics and Astronomy,0,"quantum, game, games, classical, theory, player, entanglement, players, nash, strategies",7,0.6363636363636364
2004-2008,Physics and Astronomy,3,"defense, network, security, game, attack, strategy, scheffran, attacker, learning, model",2,0.18181818181818182
2004-2008,Physics and Astronomy,6,"social, dynamics, opinion, agents, xlink, xmlns, w3, http, org, www",2,0.18181818181818182
2004-2008,Psychology,0,"choice, mate, care, mating, male, theory, evolutionary, studies, human, males",3,0.5
2004-2008,Psychology,1,"game, aggression, cooperative, video, play, bpd, games, bd, social, clinical",1,0.16666666666666666
2004-2008,Psychology,3,"game, learning, learners, poker, playfulness, water, design, classroom, stripped, computer",2,0.3333333333333333
2004-2008,Social Sciences,0,"game, cooperation, games, evolutionary, strategies, theory, social, strategy, dynamics, evolution",54,0.6666666666666666
2004-2008,Social Sciences,1,"game, knowledge, evolutionary, government, model, sharing, traffic, strategy, based, quality",3,0.037037037037037035
2004-2008,Social Sciences,2,"war, conflict, power, international, bargaining, terrorism, terrorist, model, political, states",13,0.16049382716049382
2004-2008,Social Sciences,3,"party, policy, political, parties, electoral, voters, model, theoretic, legislative, candidates",6,0.07407407407407407
2004-2008,Social Sciences,4,"vaccination, vaccine, health, game, disease, mhealth, physicians, coverage, information, healthcare",2,0.024691358024691357
2004-2008,Social Sciences,6,"households, household, family, women, wives, teachers, preferences, efficiency, husbands, sided",2,0.024691358024691357
2004-2008,Social Sciences,8,"buyer, binding, seller, contracts, lock, treatment, supplier, price, good, behavioral",1,0.012345679012345678
2005-2009,Agricultural and Biological Sciences,0,"game, model, males, competition, strategies, theory, male, models, lewontin, evolution",15,0.9375
2005-2009,Agricultural and Biological Sciences,1,"government, game, food, agricultural, farmers, evolutionary, chain, safety, green, traceability",1,0.0625
2005-2009,Arts and Humanities,0,"game, cultural, theory, resource, data, research, peirce, np, big, subjective",1,0.5
2005-2009,Arts and Humanities,2,"games, discrete, optimal, point, solution, utility, fixed, egalitarian, theorems, game",1,0.5
2005-2009,"Biochemistry, Genetics and Molecular Biology",2,"host, virulence, pathogen, model, vaccine, disease, transmission, infection, evolution, infected",2,0.25
2005-2009,"Biochemistry, Genetics and Molecular Biology",3,"species, game, reversal, microbial, memory, communities, molecular, genes, number, theory",2,0.25
2005-2009,"Biochemistry, Genetics and Molecular Biology",4,"species, migration, population, prey, evolutionary, thermal, ifd, patch, game, predators",1,0.125
2005-2009,"Biochemistry, Genetics and Molecular Biology",6,"game, evolutionary, theory, selection, sex, strategies, fitness, evolution, mml, models",3,0.375
2005-2009,"Business, Management and Accounting",0,"supply, manufacturer, channel, retailer, model, chain, game, product, price, advertising",31,0.7045454545454546
2005-2009,"Business, Management and Accounting",2,"ppp, public, private, projects, project, government, game, design, evolutionary, supervision",3,0.06818181818181818
2005-2009,"Business, Management and Accounting",3,"innovation, knowledge, game, firms, alliances, alliance, strategic, cooperation, model, research",7,0.1590909090909091
2005-2009,"Business, Management and Accounting",4,"customers, server, queue, queueing, equilibrium, service, mml, servers, joining, patients",2,0.045454545454545456
2005-2009,"Business, Management and Accounting",7,"bankruptcy, debt, creditors, reorganization, restructuring, equity, liquidation, division, government, asset",1,0.022727272727272728
2005-2009,Computer Science,0,"game, users, network, proposed, networks, based, algorithm, power, equilibrium, problem",58,0.7341772151898734
2005-2009,Computer Science,1,"games, game, learning, agent, mml, agents, equilibrium, theory, players, player",9,0.11392405063291139
2005-2009,Computer Science,2,"security, game, defense, model, attack, attacks, based, information, strategy, privacy",7,0.08860759493670886
2005-2009,Computer Science,4,"optimization, particle, swarm, method, objective, design, search, path, game, proposed",1,0.012658227848101266
2005-2009,Computer Science,5,"lt, fuzzy, gt, linguistic, preference, game, word, logic, product, argumentation",4,0.05063291139240506
2005-2009,Decision Sciences,0,"games, game, equilibrium, players, equilibria, player, nash, stochastic, information, repeated",26,0.4126984126984127
2005-2009,Decision Sciences,1,"network, game, networks, users, spectrum, allocation, equilibrium, resource, service, nash",8,0.12698412698412698
2005-2009,Decision Sciences,2,"price, auctions, market, auction, advertising, model, product, pricing, prices, seller",14,0.2222222222222222
2005-2009,Decision Sciences,3,"game, theory, theoretic, models, cooperative, economic, games, strategy, business, strategic",10,0.15873015873015872
2005-2009,Decision Sciences,4,"fuzzy, decision, dea, cooperative, value, game, linguistic, making, shapley, proposed",3,0.047619047619047616
2005-2009,Decision Sciences,5,"carbon, evolutionary, enterprises, government, game, energy, electricity, market, power, reduction",1,0.015873015873015872
2005-2009,Decision Sciences,6,"innovation, technology, collaborative, diffusion, evolutionary, adoption, government, competitive, game, firms",1,0.015873015873015872
2005-2009,"Economics, Econometrics and Finance",0,"market, game, firms, theory, equilibrium, model, price, markets, firm, information",22,0.46808510638297873
2005-2009,"Economics, Econometrics and Finance",1,"stochastic, games, equilibrium, time, mml, game, equilibria, mean, nash, optimal",5,0.10638297872340426
2005-2009,"Economics, Econometrics and Finance",2,"carbon, government, enterprises, environmental, pollution, game, innovation, evolutionary, emission, local",4,0.0851063829787234
2005-2009,"Economics, Econometrics and Finance",3,"games, cooperative, mml, core, value, fuzzy, coalition, game, shapley, players",5,0.10638297872340426
2005-2009,"Economics, Econometrics and Finance",4,"sanctions, trade, policy, political, international, economic, countries, model, target, game",4,0.0851063829787234
2005-2009,"Economics, Econometrics and Finance",5,"coalition, coalitions, power, court, voting, legislative, chambers, political, model, informational",4,0.0851063829787234
2005-2009,"Economics, Econometrics and Finance",7,"options, strategic, real, value, framework, high, capacity, theory, infrastructure, design",3,0.06382978723404255
2005-2009,Engineering,0,"game, power, networks, network, allocation, interference, proposed, problem, based, algorithm",25,0.5319148936170213
2005-2009,Engineering,1,"energy, power, game, market, electricity, proposed, demand, based, model, charging",9,0.19148936170212766
2005-2009,Engineering,3,"game, control, differential, time, games, guidance, pursuit, target, optimal, nash",6,0.1276595744680851
2005-2009,Engineering,4,"attack, security, attacks, attacker, game, defender, defense, cyber, systems, model",3,0.06382978723404255
2005-2009,Engineering,5,"government, construction, water, green, evolutionary, development, game, carbon, building, enterprises",2,0.0425531914893617
2005-2009,Engineering,6,"port, shipping, manufacturing, game, container, production, ports, model, scheduling, decision",1,0.02127659574468085
2005-2009,Engineering,7,"emergency, evacuation, pedestrians, game, government, model, evolutionary, crowd, exit, pedestrian",1,0.02127659574468085
2005-2009,Environmental Science,1,"government, game, evolutionary, energy, carbon, model, enterprises, strategies, development, study",1,0.16666666666666666
2005-2009,Environmental Science,2,"fisheries, management, stocks, stock, fishing, fish, fishery, sex, economic, msy",1,0.16666666666666666
2005-2009,Environmental Science,3,"prey, size, retrieval, spatial, males, patch, beds, seabirds, pairing, females",3,0.5
2005-2009,Environmental Science,4,"conservation, forest, harvesting, organizations, institutional, game, environmental, social, common, theory",1,0.16666666666666666
2005-2009,Mathematics,1,"game, vaccination, model, epidemic, strategy, public, disease, individuals, control, games",6,1
2005-2009,Medicine,1,"game, games, equilibrium, distributed, nash, seeking, stability, based, information, time",1,0.5
2005-2009,Medicine,2,"game, model, medical, theory, evolutionary, vaccination, treatment, strategies, epidemic, disease",1,0.5
2005-2009,Neuroscience,1,"game, social, subjects, opponent, strategy, activity, sensitivity, competitive, asp, hierarchy",3,1
2005-2009,Physics and Astronomy,0,"quantum, game, games, classical, theory, player, entanglement, players, nash, strategies",5,0.45454545454545453
2005-2009,Physics and Astronomy,3,"defense, network, security, game, attack, strategy, scheffran, attacker, learning, model",2,0.18181818181818182
2005-2009,Physics and Astronomy,6,"social, dynamics, opinion, agents, xlink, xmlns, w3, http, org, www",4,0.36363636363636365
2005-2009,Psychology,0,"choice, mate, care, mating, male, theory, evolutionary, studies, human, males",2,0.3333333333333333
2005-2009,Psychology,1,"game, aggression, cooperative, video, play, bpd, games, bd, social, clinical",2,0.3333333333333333
2005-2009,Psychology,3,"game, learning, learners, poker, playfulness, water, design, classroom, stripped, computer",2,0.3333333333333333
2005-2009,Social Sciences,0,"game, cooperation, games, evolutionary, strategies, theory, social, strategy, dynamics, evolution",68,0.68
2005-2009,Social Sciences,1,"game, knowledge, evolutionary, government, model, sharing, traffic, strategy, based, quality",4,0.04
2005-2009,Social Sciences,2,"war, conflict, power, international, bargaining, terrorism, terrorist, model, political, states",16,0.16
2005-2009,Social Sciences,3,"party, policy, political, parties, electoral, voters, model, theoretic, legislative, candidates",6,0.06
2005-2009,Social Sciences,4,"vaccination, vaccine, health, game, disease, mhealth, physicians, coverage, information, healthcare",3,0.03
2005-2009,Social Sciences,6,"households, household, family, women, wives, teachers, preferences, efficiency, husbands, sided",1,0.01
2005-2009,Social Sciences,8,"buyer, binding, seller, contracts, lock, treatment, supplier, price, good, behavioral",2,0.02
2006-2010,Agricultural and Biological Sciences,0,"game, model, males, competition, strategies, theory, male, models, lewontin, evolution",15,0.9375
2006-2010,Agricultural and Biological Sciences,1,"government, game, food, agricultural, farmers, evolutionary, chain, safety, green, traceability",1,0.0625
2006-2010,Arts and Humanities,0,"game, cultural, theory, resource, data, research, peirce, np, big, subjective",1,0.5
2006-2010,Arts and Humanities,2,"games, discrete, optimal, point, solution, utility, fixed, egalitarian, theorems, game",1,0.5
2006-2010,"Biochemistry, Genetics and Molecular Biology",2,"host, virulence, pathogen, model, vaccine, disease, transmission, infection, evolution, infected",1,0.1111111111111111
2006-2010,"Biochemistry, Genetics and Molecular Biology",3,"species, game, reversal, microbial, memory, communities, molecular, genes, number, theory",2,0.2222222222222222
2006-2010,"Biochemistry, Genetics and Molecular Biology",4,"species, migration, population, prey, evolutionary, thermal, ifd, patch, game, predators",1,0.1111111111111111
2006-2010,"Biochemistry, Genetics and Molecular Biology",5,"bifurcation, matrix, structured, evolutionary, equilibria, theorem, models, reproductive, eco, populations",1,0.1111111111111111
2006-2010,"Biochemistry, Genetics and Molecular Biology",6,"game, evolutionary, theory, selection, sex, strategies, fitness, evolution, mml, models",4,0.4444444444444444
2006-2010,"Business, Management and Accounting",0,"supply, manufacturer, channel, retailer, model, chain, game, product, price, advertising",34,0.723404255319149
2006-2010,"Business, Management and Accounting",2,"ppp, public, private, projects, project, government, game, design, evolutionary, supervision",4,0.0851063829787234
2006-2010,"Business, Management and Accounting",3,"innovation, knowledge, game, firms, alliances, alliance, strategic, cooperation, model, research",6,0.1276595744680851
2006-2010,"Business, Management and Accounting",4,"customers, server, queue, queueing, equilibrium, service, mml, servers, joining, patients",2,0.0425531914893617
2006-2010,"Business, Management and Accounting",7,"bankruptcy, debt, creditors, reorganization, restructuring, equity, liquidation, division, government, asset",1,0.02127659574468085
2006-2010,Computer Science,0,"game, users, network, proposed, networks, based, algorithm, power, equilibrium, problem",72,0.6857142857142857
2006-2010,Computer Science,1,"games, game, learning, agent, mml, agents, equilibrium, theory, players, player",17,0.1619047619047619
2006-2010,Computer Science,2,"security, game, defense, model, attack, attacks, based, information, strategy, privacy",11,0.10476190476190476
2006-2010,Computer Science,4,"optimization, particle, swarm, method, objective, design, search, path, game, proposed",1,0.009523809523809525
2006-2010,Computer Science,5,"lt, fuzzy, gt, linguistic, preference, game, word, logic, product, argumentation",4,0.0380952380952381
2006-2010,Decision Sciences,0,"games, game, equilibrium, players, equilibria, player, nash, stochastic, information, repeated",27,0.45
2006-2010,Decision Sciences,1,"network, game, networks, users, spectrum, allocation, equilibrium, resource, service, nash",7,0.11666666666666667
2006-2010,Decision Sciences,2,"price, auctions, market, auction, advertising, model, product, pricing, prices, seller",12,0.2
2006-2010,Decision Sciences,3,"game, theory, theoretic, models, cooperative, economic, games, strategy, business, strategic",9,0.15
2006-2010,Decision Sciences,4,"fuzzy, decision, dea, cooperative, value, game, linguistic, making, shapley, proposed",2,0.03333333333333333
2006-2010,Decision Sciences,5,"carbon, evolutionary, enterprises, government, game, energy, electricity, market, power, reduction",2,0.03333333333333333
2006-2010,Decision Sciences,6,"innovation, technology, collaborative, diffusion, evolutionary, adoption, government, competitive, game, firms",1,0.016666666666666666
2006-2010,"Economics, Econometrics and Finance",0,"market, game, firms, theory, equilibrium, model, price, markets, firm, information",18,0.3050847457627119
2006-2010,"Economics, Econometrics and Finance",1,"stochastic, games, equilibrium, time, mml, game, equilibria, mean, nash, optimal",8,0.13559322033898305
2006-2010,"Economics, Econometrics and Finance",2,"carbon, government, enterprises, environmental, pollution, game, innovation, evolutionary, emission, local",7,0.11864406779661017
2006-2010,"Economics, Econometrics and Finance",3,"games, cooperative, mml, core, value, fuzzy, coalition, game, shapley, players",7,0.11864406779661017
2006-2010,"Economics, Econometrics and Finance",4,"sanctions, trade, policy, political, international, economic, countries, model, target, game",5,0.0847457627118644
2006-2010,"Economics, Econometrics and Finance",5,"coalition, coalitions, power, court, voting, legislative, chambers, political, model, informational",4,0.06779661016949153
2006-2010,"Economics, Econometrics and Finance",6,"football, sports, team, game, leagues, players, league, clubs, play, soccer",7,0.11864406779661017
2006-2010,"Economics, Econometrics and Finance",7,"options, strategic, real, value, framework, high, capacity, theory, infrastructure, design",3,0.05084745762711865
2006-2010,Engineering,0,"game, power, networks, network, allocation, interference, proposed, problem, based, algorithm",30,0.46153846153846156
2006-2010,Engineering,1,"energy, power, game, market, electricity, proposed, demand, based, model, charging",13,0.2
2006-2010,Engineering,3,"game, control, differential, time, games, guidance, pursuit, target, optimal, nash",7,0.1076923076923077
2006-2010,Engineering,4,"attack, security, attacks, attacker, game, defender, defense, cyber, systems, model",10,0.15384615384615385
2006-2010,Engineering,5,"government, construction, water, green, evolutionary, development, game, carbon, building, enterprises",2,0.03076923076923077
2006-2010,Engineering,6,"port, shipping, manufacturing, game, container, production, ports, model, scheduling, decision",1,0.015384615384615385
2006-2010,Engineering,7,"emergency, evacuation, pedestrians, game, government, model, evolutionary, crowd, exit, pedestrian",2,0.03076923076923077
2006-2010,Environmental Science,1,"government, game, evolutionary, energy, carbon, model, enterprises, strategies, development, study",1,0.1111111111111111
2006-2010,Environmental Science,2,"fisheries, management, stocks, stock, fishing, fish, fishery, sex, economic, msy",2,0.2222222222222222
2006-2010,Environmental Science,3,"prey, size, retrieval, spatial, males, patch, beds, seabirds, pairing, females",4,0.4444444444444444
2006-2010,Environmental Science,4,"conservation, forest, harvesting, organizations, institutional, game, environmental, social, common, theory",2,0.2222222222222222
2006-2010,Mathematics,1,"game, vaccination, model, epidemic, strategy, public, disease, individuals, control, games",8,1
2006-2010,Medicine,1,"game, games, equilibrium, distributed, nash, seeking, stability, based, information, time",1,0.25
2006-2010,Medicine,2,"game, model, medical, theory, evolutionary, vaccination, treatment, strategies, epidemic, disease",3,0.75
2006-2010,Neuroscience,1,"game, social, subjects, opponent, strategy, activity, sensitivity, competitive, asp, hierarchy",3,1
2006-2010,Physics and Astronomy,0,"quantum, game, games, classical, theory, player, entanglement, players, nash, strategies",5,0.38461538461538464
2006-2010,Physics and Astronomy,3,"defense, network, security, game, attack, strategy, scheffran, attacker, learning, model",2,0.15384615384615385
2006-2010,Physics and Astronomy,6,"social, dynamics, opinion, agents, xlink, xmlns, w3, http, org, www",5,0.38461538461538464
2006-2010,Physics and Astronomy,8,"community, detection, networks, nodes, problem, communities, clustering, approach, based, real",1,0.07692307692307693
2006-2010,Psychology,0,"choice, mate, care, mating, male, theory, evolutionary, studies, human, males",3,0.6
2006-2010,Psychology,1,"game, aggression, cooperative, video, play, bpd, games, bd, social, clinical",1,0.2
2006-2010,Psychology,3,"game, learning, learners, poker, playfulness, water, design, classroom, stripped, computer",1,0.2
2006-2010,Social Sciences,0,"game, cooperation, games, evolutionary, strategies, theory, social, strategy, dynamics, evolution",80,0.6722689075630253
2006-2010,Social Sciences,1,"game, knowledge, evolutionary, government, model, sharing, traffic, strategy, based, quality",5,0.04201680672268908
2006-2010,Social Sciences,2,"war, conflict, power, international, bargaining, terrorism, terrorist, model, political, states",21,0.17647058823529413
2006-2010,Social Sciences,3,"party, policy, political, parties, electoral, voters, model, theoretic, legislative, candidates",7,0.058823529411764705
2006-2010,Social Sciences,4,"vaccination, vaccine, health, game, disease, mhealth, physicians, coverage, information, healthcare",2,0.01680672268907563
2006-2010,Social Sciences,6,"households, household, family, women, wives, teachers, preferences, efficiency, husbands, sided",2,0.01680672268907563
2006-2010,Social Sciences,7,"optimal, risk, investment, insurance, reinsurance, asset, problem, company, model, stochastic",1,0.008403361344537815
2006-2010,Social Sciences,8,"buyer, binding, seller, contracts, lock, treatment, supplier, price, good, behavioral",1,0.008403361344537815
2007-2011,Agricultural and Biological Sciences,0,"game, model, males, competition, strategies, theory, male, models, lewontin, evolution",13,1
2007-2011,Arts and Humanities,0,"game, cultural, theory, resource, data, research, peirce, np, big, subjective",1,0.5
2007-2011,Arts and Humanities,2,"games, discrete, optimal, point, solution, utility, fixed, egalitarian, theorems, game",1,0.5
2007-2011,"Biochemistry, Genetics and Molecular Biology",2,"host, virulence, pathogen, model, vaccine, disease, transmission, infection, evolution, infected",1,0.09090909090909091
2007-2011,"Biochemistry, Genetics and Molecular Biology",3,"species, game, reversal, microbial, memory, communities, molecular, genes, number, theory",1,0.09090909090909091
2007-2011,"Biochemistry, Genetics and Molecular Biology",4,"species, migration, population, prey, evolutionary, thermal, ifd, patch, game, predators",2,0.18181818181818182
2007-2011,"Biochemistry, Genetics and Molecular Biology",5,"bifurcation, matrix, structured, evolutionary, equilibria, theorem, models, reproductive, eco, populations",1,0.09090909090909091
2007-2011,"Biochemistry, Genetics and Molecular Biology",6,"game, evolutionary, theory, selection, sex, strategies, fitness, evolution, mml, models",6,0.5454545454545454
2007-2011,"Business, Management and Accounting",0,"supply, manufacturer, channel, retailer, model, chain, game, product, price, advertising",36,0.72
2007-2011,"Business, Management and Accounting",2,"ppp, public, private, projects, project, government, game, design, evolutionary, supervision",3,0.06
2007-2011,"Business, Management and Accounting",3,"innovation, knowledge, game, firms, alliances, alliance, strategic, cooperation, model, research",7,0.14
2007-2011,"Business, Management and Accounting",4,"customers, server, queue, queueing, equilibrium, service, mml, servers, joining, patients",3,0.06
2007-2011,"Business, Management and Accounting",7,"bankruptcy, debt, creditors, reorganization, restructuring, equity, liquidation, division, government, asset",1,0.02
2007-2011,Computer Science,0,"game, users, network, proposed, networks, based, algorithm, power, equilibrium, problem",97,0.7132352941176471
2007-2011,Computer Science,1,"games, game, learning, agent, mml, agents, equilibrium, theory, players, player",21,0.15441176470588236
2007-2011,Computer Science,2,"security, game, defense, model, attack, attacks, based, information, strategy, privacy",15,0.11029411764705882
2007-2011,Computer Science,4,"optimization, particle, swarm, method, objective, design, search, path, game, proposed",1,0.007352941176470588
2007-2011,Computer Science,5,"lt, fuzzy, gt, linguistic, preference, game, word, logic, product, argumentation",2,0.014705882352941176
2007-2011,Decision Sciences,0,"games, game, equilibrium, players, equilibria, player, nash, stochastic, information, repeated",32,0.48484848484848486
2007-2011,Decision Sciences,1,"network, game, networks, users, spectrum, allocation, equilibrium, resource, service, nash",7,0.10606060606060606
2007-2011,Decision Sciences,2,"price, auctions, market, auction, advertising, model, product, pricing, prices, seller",13,0.19696969696969696
2007-2011,Decision Sciences,3,"game, theory, theoretic, models, cooperative, economic, games, strategy, business, strategic",8,0.12121212121212122
2007-2011,Decision Sciences,4,"fuzzy, decision, dea, cooperative, value, game, linguistic, making, shapley, proposed",2,0.030303030303030304
2007-2011,Decision Sciences,5,"carbon, evolutionary, enterprises, government, game, energy, electricity, market, power, reduction",2,0.030303030303030304
2007-2011,Decision Sciences,6,"innovation, technology, collaborative, diffusion, evolutionary, adoption, government, competitive, game, firms",1,0.015151515151515152
2007-2011,Decision Sciences,8,"insurance, risk, underwriting, cost, community, institutions, method, sharing, allocation, cooperative",1,0.015151515151515152
2007-2011,"Economics, Econometrics and Finance",0,"market, game, firms, theory, equilibrium, model, price, markets, firm, information",22,0.3333333333333333
2007-2011,"Economics, Econometrics and Finance",1,"stochastic, games, equilibrium, time, mml, game, equilibria, mean, nash, optimal",6,0.09090909090909091
2007-2011,"Economics, Econometrics and Finance",2,"carbon, government, enterprises, environmental, pollution, game, innovation, evolutionary, emission, local",9,0.13636363636363635
2007-2011,"Economics, Econometrics and Finance",3,"games, cooperative, mml, core, value, fuzzy, coalition, game, shapley, players",8,0.12121212121212122
2007-2011,"Economics, Econometrics and Finance",4,"sanctions, trade, policy, political, international, economic, countries, model, target, game",8,0.12121212121212122
2007-2011,"Economics, Econometrics and Finance",5,"coalition, coalitions, power, court, voting, legislative, chambers, political, model, informational",4,0.06060606060606061
2007-2011,"Economics, Econometrics and Finance",6,"football, sports, team, game, leagues, players, league, clubs, play, soccer",6,0.09090909090909091
2007-2011,"Economics, Econometrics and Finance",7,"options, strategic, real, value, framework, high, capacity, theory, infrastructure, design",3,0.045454545454545456
2007-2011,Energy,0,"gas, model, eu, policy, russia, pg, european, natural, models, decision",1,1
2007-2011,Engineering,0,"game, power, networks, network, allocation, interference, proposed, problem, based, algorithm",37,0.45121951219512196
2007-2011,Engineering,1,"energy, power, game, market, electricity, proposed, demand, based, model, charging",15,0.18292682926829268
2007-2011,Engineering,2,"vehicles, vehicle, game, driver, control, traffic, lane, driving, based, model",1,0.012195121951219513
2007-2011,Engineering,3,"game, control, differential, time, games, guidance, pursuit, target, optimal, nash",8,0.0975609756097561
2007-2011,Engineering,4,"attack, security, attacks, attacker, game, defender, defense, cyber, systems, model",14,0.17073170731707318
2007-2011,Engineering,5,"government, construction, water, green, evolutionary, development, game, carbon, building, enterprises",2,0.024390243902439025
2007-2011,Engineering,6,"port, shipping, manufacturing, game, container, production, ports, model, scheduling, decision",2,0.024390243902439025
2007-2011,Engineering,7,"emergency, evacuation, pedestrians, game, government, model, evolutionary, crowd, exit, pedestrian",3,0.036585365853658534
2007-2011,Environmental Science,2,"fisheries, management, stocks, stock, fishing, fish, fishery, sex, economic, msy",2,0.3333333333333333
2007-2011,Environmental Science,3,"prey, size, retrieval, spatial, males, patch, beds, seabirds, pairing, females",3,0.5
2007-2011,Environmental Science,4,"conservation, forest, harvesting, organizations, institutional, game, environmental, social, common, theory",1,0.16666666666666666
2007-2011,Mathematics,1,"game, vaccination, model, epidemic, strategy, public, disease, individuals, control, games",8,1
2007-2011,Medicine,1,"game, games, equilibrium, distributed, nash, seeking, stability, based, information, time",1,0.25
2007-2011,Medicine,2,"game, model, medical, theory, evolutionary, vaccination, treatment, strategies, epidemic, disease",3,0.75
2007-2011,Neuroscience,1,"game, social, subjects, opponent, strategy, activity, sensitivity, competitive, asp, hierarchy",3,1
2007-2011,Physics and Astronomy,0,"quantum, game, games, classical, theory, player, entanglement, players, nash, strategies",10,0.5263157894736842
2007-2011,Physics and Astronomy,3,"defense, network, security, game, attack, strategy, scheffran, attacker, learning, model",3,0.15789473684210525
2007-2011,Physics and Astronomy,6,"social, dynamics, opinion, agents, xlink, xmlns, w3, http, org, www",5,0.2631578947368421
2007-2011,Physics and Astronomy,8,"community, detection, networks, nodes, problem, communities, clustering, approach, based, real",1,0.05263157894736842
2007-2011,Psychology,0,"choice, mate, care, mating, male, theory, evolutionary, studies, human, males",3,0.5
2007-2011,Psychology,1,"game, aggression, cooperative, video, play, bpd, games, bd, social, clinical",1,0.16666666666666666
2007-2011,Psychology,3,"game, learning, learners, poker, playfulness, water, design, classroom, stripped, computer",2,0.3333333333333333
2007-2011,Social Sciences,0,"game, cooperation, games, evolutionary, strategies, theory, social, strategy, dynamics, evolution",106,0.6751592356687898
2007-2011,Social Sciences,1,"game, knowledge, evolutionary, government, model, sharing, traffic, strategy, based, quality",10,0.06369426751592357
2007-2011,Social Sciences,2,"war, conflict, power, international, bargaining, terrorism, terrorist, model, political, states",23,0.1464968152866242
2007-2011,Social Sciences,3,"party, policy, political, parties, electoral, voters, model, theoretic, legislative, candidates",11,0.07006369426751592
2007-2011,Social Sciences,4,"vaccination, vaccine, health, game, disease, mhealth, physicians, coverage, information, healthcare",2,0.012738853503184714
2007-2011,Social Sciences,6,"households, household, family, women, wives, teachers, preferences, efficiency, husbands, sided",3,0.01910828025477707
2007-2011,Social Sciences,7,"optimal, risk, investment, insurance, reinsurance, asset, problem, company, model, stochastic",1,0.006369426751592357
2007-2011,Social Sciences,8,"buyer, binding, seller, contracts, lock, treatment, supplier, price, good, behavioral",1,0.006369426751592357
2008-2012,Agricultural and Biological Sciences,0,"game, model, males, competition, strategies, theory, male, models, lewontin, evolution",12,0.9230769230769231
2008-2012,Agricultural and Biological Sciences,1,"government, game, food, agricultural, farmers, evolutionary, chain, safety, green, traceability",1,0.07692307692307693
2008-2012,Arts and Humanities,0,"game, cultural, theory, resource, data, research, peirce, np, big, subjective",2,0.6666666666666666
2008-2012,Arts and Humanities,2,"games, discrete, optimal, point, solution, utility, fixed, egalitarian, theorems, game",1,0.3333333333333333
2008-2012,"Biochemistry, Genetics and Molecular Biology",2,"host, virulence, pathogen, model, vaccine, disease, transmission, infection, evolution, infected",3,0.17647058823529413
2008-2012,"Biochemistry, Genetics and Molecular Biology",3,"species, game, reversal, microbial, memory, communities, molecular, genes, number, theory",1,0.058823529411764705
2008-2012,"Biochemistry, Genetics and Molecular Biology",4,"species, migration, population, prey, evolutionary, thermal, ifd, patch, game, predators",3,0.17647058823529413
2008-2012,"Biochemistry, Genetics and Molecular Biology",5,"bifurcation, matrix, structured, evolutionary, equilibria, theorem, models, reproductive, eco, populations",1,0.058823529411764705
2008-2012,"Biochemistry, Genetics and Molecular Biology",6,"game, evolutionary, theory, selection, sex, strategies, fitness, evolution, mml, models",9,0.5294117647058824
2008-2012,"Business, Management and Accounting",0,"supply, manufacturer, channel, retailer, model, chain, game, product, price, advertising",35,0.6862745098039216
2008-2012,"Business, Management and Accounting",1,"green, carbon, supply, chain, government, game, low, subsidy, environmental, emission",1,0.0196078431372549
2008-2012,"Business, Management and Accounting",2,"ppp, public, private, projects, project, government, game, design, evolutionary, supervision",3,0.058823529411764705
2008-2012,"Business, Management and Accounting",3,"innovation, knowledge, game, firms, alliances, alliance, strategic, cooperation, model, research",6,0.11764705882352941
2008-2012,"Business, Management and Accounting",4,"customers, server, queue, queueing, equilibrium, service, mml, servers, joining, patients",5,0.09803921568627451
2008-2012,"Business, Management and Accounting",7,"bankruptcy, debt, creditors, reorganization, restructuring, equity, liquidation, division, government, asset",1,0.0196078431372549
2008-2012,Computer Science,0,"game, users, network, proposed, networks, based, algorithm, power, equilibrium, problem",120,0.7100591715976331
2008-2012,Computer Science,1,"games, game, learning, agent, mml, agents, equilibrium, theory, players, player",29,0.17159763313609466
2008-2012,Computer Science,2,"security, game, defense, model, attack, attacks, based, information, strategy, privacy",16,0.09467455621301775
2008-2012,Computer Science,4,"optimization, particle, swarm, method, objective, design, search, path, game, proposed",2,0.011834319526627219
2008-2012,Computer Science,5,"lt, fuzzy, gt, linguistic, preference, game, word, logic, product, argumentation",1,0.005917159763313609
2008-2012,Computer Science,7,"tracking, features, expert, object, feature, landmarks, association, segmentation, landmark, tracker",1,0.005917159763313609
2008-2012,Decision Sciences,0,"games, game, equilibrium, players, equilibria, player, nash, stochastic, information, repeated",40,0.5333333333333333
2008-2012,Decision Sciences,1,"network, game, networks, users, spectrum, allocation, equilibrium, resource, service, nash",8,0.10666666666666667
2008-2012,Decision Sciences,2,"price, auctions, market, auction, advertising, model, product, pricing, prices, seller",15,0.2
2008-2012,Decision Sciences,3,"game, theory, theoretic, models, cooperative, economic, games, strategy, business, strategic",5,0.06666666666666667
2008-2012,Decision Sciences,4,"fuzzy, decision, dea, cooperative, value, game, linguistic, making, shapley, proposed",5,0.06666666666666667
2008-2012,Decision Sciences,5,"carbon, evolutionary, enterprises, government, game, energy, electricity, market, power, reduction",1,0.013333333333333334
2008-2012,Decision Sciences,8,"insurance, risk, underwriting, cost, community, institutions, method, sharing, allocation, cooperative",1,0.013333333333333334
2008-2012,"Economics, Econometrics and Finance",0,"market, game, firms, theory, equilibrium, model, price, markets, firm, information",20,0.25316455696202533
2008-2012,"Economics, Econometrics and Finance",1,"stochastic, games, equilibrium, time, mml, game, equilibria, mean, nash, optimal",11,0.13924050632911392
2008-2012,"Economics, Econometrics and Finance",2,"carbon, government, enterprises, environmental, pollution, game, innovation, evolutionary, emission, local",10,0.12658227848101267
2008-2012,"Economics, Econometrics and Finance",3,"games, cooperative, mml, core, value, fuzzy, coalition, game, shapley, players",11,0.13924050632911392
2008-2012,"Economics, Econometrics and Finance",4,"sanctions, trade, policy, political, international, economic, countries, model, target, game",9,0.11392405063291139
2008-2012,"Economics, Econometrics and Finance",5,"coalition, coalitions, power, court, voting, legislative, chambers, political, model, informational",4,0.05063291139240506
2008-2012,"Economics, Econometrics and Finance",6,"football, sports, team, game, leagues, players, league, clubs, play, soccer",7,0.08860759493670886
2008-2012,"Economics, Econometrics and Finance",7,"options, strategic, real, value, framework, high, capacity, theory, infrastructure, design",7,0.08860759493670886
2008-2012,Energy,0,"gas, model, eu, policy, russia, pg, european, natural, models, decision",1,1
2008-2012,Engineering,0,"game, power, networks, network, allocation, interference, proposed, problem, based, algorithm",44,0.4583333333333333
2008-2012,Engineering,1,"energy, power, game, market, electricity, proposed, demand, based, model, charging",15,0.15625
2008-2012,Engineering,2,"vehicles, vehicle, game, driver, control, traffic, lane, driving, based, model",3,0.03125
2008-2012,Engineering,3,"game, control, differential, time, games, guidance, pursuit, target, optimal, nash",10,0.10416666666666667
2008-2012,Engineering,4,"attack, security, attacks, attacker, game, defender, defense, cyber, systems, model",18,0.1875
2008-2012,Engineering,5,"government, construction, water, green, evolutionary, development, game, carbon, building, enterprises",2,0.020833333333333332
2008-2012,Engineering,6,"port, shipping, manufacturing, game, container, production, ports, model, scheduling, decision",2,0.020833333333333332
2008-2012,Engineering,7,"emergency, evacuation, pedestrians, game, government, model, evolutionary, crowd, exit, pedestrian",2,0.020833333333333332
2008-2012,Environmental Science,0,"height, water, leaf, plant, hydraulic, trees, growth, al, plants, tree",2,0.25
2008-2012,Environmental Science,2,"fisheries, management, stocks, stock, fishing, fish, fishery, sex, economic, msy",2,0.25
2008-2012,Environmental Science,3,"prey, size, retrieval, spatial, males, patch, beds, seabirds, pairing, females",2,0.25
2008-2012,Environmental Science,4,"conservation, forest, harvesting, organizations, institutional, game, environmental, social, common, theory",2,0.25
2008-2012,Mathematics,0,"cells, cancer, cell, growth, tumor, tumour, evolutionary, therapies, game, models",1,0.09090909090909091
2008-2012,Mathematics,1,"game, vaccination, model, epidemic, strategy, public, disease, individuals, control, games",10,0.9090909090909091
2008-2012,Medicine,1,"game, games, equilibrium, distributed, nash, seeking, stability, based, information, time",1,0.2
2008-2012,Medicine,2,"game, model, medical, theory, evolutionary, vaccination, treatment, strategies, epidemic, disease",4,0.8
2008-2012,Neuroscience,0,"learning, choice, reinforcement, capacity, human, risk, underlying, humans, optimal, environment",2,0.25
2008-2012,Neuroscience,1,"game, social, subjects, opponent, strategy, activity, sensitivity, competitive, asp, hierarchy",5,0.625
2008-2012,Neuroscience,2,"muscle, conflict, interactions, neurons, fighting, mating, size, cuttlefish, thresholds, principle",1,0.125
2008-2012,Physics and Astronomy,0,"quantum, game, games, classical, theory, player, entanglement, players, nash, strategies",10,0.5
2008-2012,Physics and Astronomy,3,"defense, network, security, game, attack, strategy, scheffran, attacker, learning, model",2,0.1
2008-2012,Physics and Astronomy,4,"public, opinion, evolutionary, internet, government, model, information, leaders, game, media",1,0.05
2008-2012,Physics and Astronomy,5,"seti, search, extraterrestrial, mutual, frequencies, frequency, planck, messaging, meti, intelligence",1,0.05
2008-2012,Physics and Astronomy,6,"social, dynamics, opinion, agents, xlink, xmlns, w3, http, org, www",4,0.2
2008-2012,Physics and Astronomy,8,"community, detection, networks, nodes, problem, communities, clustering, approach, based, real",2,0.1
2008-2012,Psychology,0,"choice, mate, care, mating, male, theory, evolutionary, studies, human, males",3,0.42857142857142855
2008-2012,Psychology,1,"game, aggression, cooperative, video, play, bpd, games, bd, social, clinical",1,0.14285714285714285
2008-2012,Psychology,3,"game, learning, learners, poker, playfulness, water, design, classroom, stripped, computer",3,0.42857142857142855
2008-2012,Social Sciences,0,"game, cooperation, games, evolutionary, strategies, theory, social, strategy, dynamics, evolution",129,0.7010869565217391
2008-2012,Social Sciences,1,"game, knowledge, evolutionary, government, model, sharing, traffic, strategy, based, quality",12,0.06521739130434782
2008-2012,Social Sciences,2,"war, conflict, power, international, bargaining, terrorism, terrorist, model, political, states",24,0.13043478260869565
2008-2012,Social Sciences,3,"party, policy, political, parties, electoral, voters, model, theoretic, legislative, candidates",11,0.059782608695652176
2008-2012,Social Sciences,4,"vaccination, vaccine, health, game, disease, mhealth, physicians, coverage, information, healthcare",3,0.016304347826086956
2008-2012,Social Sciences,6,"households, household, family, women, wives, teachers, preferences, efficiency, husbands, sided",3,0.016304347826086956
2008-2012,Social Sciences,7,"optimal, risk, investment, insurance, reinsurance, asset, problem, company, model, stochastic",1,0.005434782608695652
2008-2012,Social Sciences,8,"buyer, binding, seller, contracts, lock, treatment, supplier, price, good, behavioral",1,0.005434782608695652
2009-2013,Agricultural and Biological Sciences,0,"game, model, males, competition, strategies, theory, male, models, lewontin, evolution",15,0.9375
2009-2013,Agricultural and Biological Sciences,1,"government, game, food, agricultural, farmers, evolutionary, chain, safety, green, traceability",1,0.0625
2009-2013,Arts and Humanities,0,"game, cultural, theory, resource, data, research, peirce, np, big, subjective",2,0.6666666666666666
2009-2013,Arts and Humanities,2,"games, discrete, optimal, point, solution, utility, fixed, egalitarian, theorems, game",1,0.3333333333333333
2009-2013,"Biochemistry, Genetics and Molecular Biology",2,"host, virulence, pathogen, model, vaccine, disease, transmission, infection, evolution, infected",4,0.19047619047619047
2009-2013,"Biochemistry, Genetics and Molecular Biology",3,"species, game, reversal, microbial, memory, communities, molecular, genes, number, theory",1,0.047619047619047616
2009-2013,"Biochemistry, Genetics and Molecular Biology",4,"species, migration, population, prey, evolutionary, thermal, ifd, patch, game, predators",3,0.14285714285714285
2009-2013,"Biochemistry, Genetics and Molecular Biology",5,"bifurcation, matrix, structured, evolutionary, equilibria, theorem, models, reproductive, eco, populations",1,0.047619047619047616
2009-2013,"Biochemistry, Genetics and Molecular Biology",6,"game, evolutionary, theory, selection, sex, strategies, fitness, evolution, mml, models",12,0.5714285714285714
2009-2013,"Business, Management and Accounting",0,"supply, manufacturer, channel, retailer, model, chain, game, product, price, advertising",45,0.7377049180327869
2009-2013,"Business, Management and Accounting",1,"green, carbon, supply, chain, government, game, low, subsidy, environmental, emission",1,0.01639344262295082
2009-2013,"Business, Management and Accounting",2,"ppp, public, private, projects, project, government, game, design, evolutionary, supervision",4,0.06557377049180328
2009-2013,"Business, Management and Accounting",3,"innovation, knowledge, game, firms, alliances, alliance, strategic, cooperation, model, research",7,0.11475409836065574
2009-2013,"Business, Management and Accounting",4,"customers, server, queue, queueing, equilibrium, service, mml, servers, joining, patients",4,0.06557377049180328
2009-2013,Computer Science,0,"game, users, network, proposed, networks, based, algorithm, power, equilibrium, problem",130,0.6951871657754011
2009-2013,Computer Science,1,"games, game, learning, agent, mml, agents, equilibrium, theory, players, player",35,0.18716577540106952
2009-2013,Computer Science,2,"security, game, defense, model, attack, attacks, based, information, strategy, privacy",18,0.0962566844919786
2009-2013,Computer Science,4,"optimization, particle, swarm, method, objective, design, search, path, game, proposed",1,0.0053475935828877
2009-2013,Computer Science,5,"lt, fuzzy, gt, linguistic, preference, game, word, logic, product, argumentation",1,0.0053475935828877
2009-2013,Computer Science,7,"tracking, features, expert, object, feature, landmarks, association, segmentation, landmark, tracker",2,0.0106951871657754
2009-2013,Decision Sciences,0,"games, game, equilibrium, players, equilibria, player, nash, stochastic, information, repeated",39,0.52
2009-2013,Decision Sciences,1,"network, game, networks, users, spectrum, allocation, equilibrium, resource, service, nash",13,0.17333333333333334
2009-2013,Decision Sciences,2,"price, auctions, market, auction, advertising, model, product, pricing, prices, seller",12,0.16
2009-2013,Decision Sciences,3,"game, theory, theoretic, models, cooperative, economic, games, strategy, business, strategic",3,0.04
2009-2013,Decision Sciences,4,"fuzzy, decision, dea, cooperative, value, game, linguistic, making, shapley, proposed",5,0.06666666666666667
2009-2013,Decision Sciences,5,"carbon, evolutionary, enterprises, government, game, energy, electricity, market, power, reduction",1,0.013333333333333334
2009-2013,Decision Sciences,7,"construction, projects, contractors, project, model, evolutionary, developers, development, epc, government",1,0.013333333333333334
2009-2013,Decision Sciences,8,"insurance, risk, underwriting, cost, community, institutions, method, sharing, allocation, cooperative",1,0.013333333333333334
2009-2013,"Economics, Econometrics and Finance",0,"market, game, firms, theory, equilibrium, model, price, markets, firm, information",28,0.3111111111111111
2009-2013,"Economics, Econometrics and Finance",1,"stochastic, games, equilibrium, time, mml, game, equilibria, mean, nash, optimal",12,0.13333333333333333
2009-2013,"Economics, Econometrics and Finance",2,"carbon, government, enterprises, environmental, pollution, game, innovation, evolutionary, emission, local",13,0.14444444444444443
2009-2013,"Economics, Econometrics and Finance",3,"games, cooperative, mml, core, value, fuzzy, coalition, game, shapley, players",14,0.15555555555555556
2009-2013,"Economics, Econometrics and Finance",4,"sanctions, trade, policy, political, international, economic, countries, model, target, game",8,0.08888888888888889
2009-2013,"Economics, Econometrics and Finance",5,"coalition, coalitions, power, court, voting, legislative, chambers, political, model, informational",4,0.044444444444444446
2009-2013,"Economics, Econometrics and Finance",6,"football, sports, team, game, leagues, players, league, clubs, play, soccer",7,0.07777777777777778
2009-2013,"Economics, Econometrics and Finance",7,"options, strategic, real, value, framework, high, capacity, theory, infrastructure, design",4,0.044444444444444446
2009-2013,Energy,0,"gas, model, eu, policy, russia, pg, european, natural, models, decision",2,1
2009-2013,Engineering,0,"game, power, networks, network, allocation, interference, proposed, problem, based, algorithm",47,0.4351851851851852
2009-2013,Engineering,1,"energy, power, game, market, electricity, proposed, demand, based, model, charging",21,0.19444444444444445
2009-2013,Engineering,2,"vehicles, vehicle, game, driver, control, traffic, lane, driving, based, model",6,0.05555555555555555
2009-2013,Engineering,3,"game, control, differential, time, games, guidance, pursuit, target, optimal, nash",8,0.07407407407407407
2009-2013,Engineering,4,"attack, security, attacks, attacker, game, defender, defense, cyber, systems, model",18,0.16666666666666666
2009-2013,Engineering,5,"government, construction, water, green, evolutionary, development, game, carbon, building, enterprises",1,0.009259259259259259
2009-2013,Engineering,6,"port, shipping, manufacturing, game, container, production, ports, model, scheduling, decision",2,0.018518518518518517
2009-2013,Engineering,7,"emergency, evacuation, pedestrians, game, government, model, evolutionary, crowd, exit, pedestrian",5,0.046296296296296294
2009-2013,Environmental Science,0,"height, water, leaf, plant, hydraulic, trees, growth, al, plants, tree",3,0.3
2009-2013,Environmental Science,2,"fisheries, management, stocks, stock, fishing, fish, fishery, sex, economic, msy",4,0.4
2009-2013,Environmental Science,3,"prey, size, retrieval, spatial, males, patch, beds, seabirds, pairing, females",1,0.1
2009-2013,Environmental Science,4,"conservation, forest, harvesting, organizations, institutional, game, environmental, social, common, theory",2,0.2
2009-2013,Mathematics,0,"cells, cancer, cell, growth, tumor, tumour, evolutionary, therapies, game, models",2,0.2857142857142857
2009-2013,Mathematics,1,"game, vaccination, model, epidemic, strategy, public, disease, individuals, control, games",5,0.7142857142857143
2009-2013,Medicine,1,"game, games, equilibrium, distributed, nash, seeking, stability, based, information, time",2,0.3333333333333333
2009-2013,Medicine,2,"game, model, medical, theory, evolutionary, vaccination, treatment, strategies, epidemic, disease",4,0.6666666666666666
2009-2013,Neuroscience,0,"learning, choice, reinforcement, capacity, human, risk, underlying, humans, optimal, environment",2,0.2857142857142857
2009-2013,Neuroscience,1,"game, social, subjects, opponent, strategy, activity, sensitivity, competitive, asp, hierarchy",4,0.5714285714285714
2009-2013,Neuroscience,2,"muscle, conflict, interactions, neurons, fighting, mating, size, cuttlefish, thresholds, principle",1,0.14285714285714285
2009-2013,Physics and Astronomy,0,"quantum, game, games, classical, theory, player, entanglement, players, nash, strategies",12,0.5454545454545454
2009-2013,Physics and Astronomy,3,"defense, network, security, game, attack, strategy, scheffran, attacker, learning, model",2,0.09090909090909091
2009-2013,Physics and Astronomy,4,"public, opinion, evolutionary, internet, government, model, information, leaders, game, media",1,0.045454545454545456
2009-2013,Physics and Astronomy,5,"seti, search, extraterrestrial, mutual, frequencies, frequency, planck, messaging, meti, intelligence",1,0.045454545454545456
2009-2013,Physics and Astronomy,6,"social, dynamics, opinion, agents, xlink, xmlns, w3, http, org, www",3,0.13636363636363635
2009-2013,Physics and Astronomy,8,"community, detection, networks, nodes, problem, communities, clustering, approach, based, real",3,0.13636363636363635
2009-2013,Psychology,0,"choice, mate, care, mating, male, theory, evolutionary, studies, human, males",3,0.42857142857142855
2009-2013,Psychology,1,"game, aggression, cooperative, video, play, bpd, games, bd, social, clinical",1,0.14285714285714285
2009-2013,Psychology,3,"game, learning, learners, poker, playfulness, water, design, classroom, stripped, computer",1,0.14285714285714285
2009-2013,Psychology,4,"joint, action, interaction, negotiation, model, fusion, partner, coordination, game, human",2,0.2857142857142857
2009-2013,Social Sciences,0,"game, cooperation, games, evolutionary, strategies, theory, social, strategy, dynamics, evolution",141,0.698019801980198
2009-2013,Social Sciences,1,"game, knowledge, evolutionary, government, model, sharing, traffic, strategy, based, quality",15,0.07425742574257425
2009-2013,Social Sciences,2,"war, conflict, power, international, bargaining, terrorism, terrorist, model, political, states",27,0.13366336633663367
2009-2013,Social Sciences,3,"party, policy, political, parties, electoral, voters, model, theoretic, legislative, candidates",11,0.054455445544554455
2009-2013,Social Sciences,4,"vaccination, vaccine, health, game, disease, mhealth, physicians, coverage, information, healthcare",3,0.01485148514851485
2009-2013,Social Sciences,6,"households, household, family, women, wives, teachers, preferences, efficiency, husbands, sided",3,0.01485148514851485
2009-2013,Social Sciences,7,"optimal, risk, investment, insurance, reinsurance, asset, problem, company, model, stochastic",2,0.009900990099009901
2010-2014,Agricultural and Biological Sciences,0,"game, model, males, competition, strategies, theory, male, models, lewontin, evolution",18,0.9473684210526315
2010-2014,Agricultural and Biological Sciences,1,"government, game, food, agricultural, farmers, evolutionary, chain, safety, green, traceability",1,0.05263157894736842
2010-2014,Arts and Humanities,0,"game, cultural, theory, resource, data, research, peirce, np, big, subjective",3,1
2010-2014,"Biochemistry, Genetics and Molecular Biology",1,"cancer, cells, treatment, evolutionary, game, cell, tumor, stage, therapy, dynamics",3,0.13043478260869565
2010-2014,"Biochemistry, Genetics and Molecular Biology",2,"host, virulence, pathogen, model, vaccine, disease, transmission, infection, evolution, infected",4,0.17391304347826086
2010-2014,"Biochemistry, Genetics and Molecular Biology",3,"species, game, reversal, microbial, memory, communities, molecular, genes, number, theory",3,0.13043478260869565
2010-2014,"Biochemistry, Genetics and Molecular Biology",4,"species, migration, population, prey, evolutionary, thermal, ifd, patch, game, predators",2,0.08695652173913043
2010-2014,"Biochemistry, Genetics and Molecular Biology",5,"bifurcation, matrix, structured, evolutionary, equilibria, theorem, models, reproductive, eco, populations",1,0.043478260869565216
2010-2014,"Biochemistry, Genetics and Molecular Biology",6,"game, evolutionary, theory, selection, sex, strategies, fitness, evolution, mml, models",10,0.43478260869565216
2010-2014,"Business, Management and Accounting",0,"supply, manufacturer, channel, retailer, model, chain, game, product, price, advertising",47,0.746031746031746
2010-2014,"Business, Management and Accounting",1,"green, carbon, supply, chain, government, game, low, subsidy, environmental, emission",2,0.031746031746031744
2010-2014,"Business, Management and Accounting",2,"ppp, public, private, projects, project, government, game, design, evolutionary, supervision",4,0.06349206349206349
2010-2014,"Business, Management and Accounting",3,"innovation, knowledge, game, firms, alliances, alliance, strategic, cooperation, model, research",7,0.1111111111111111
2010-2014,"Business, Management and Accounting",4,"customers, server, queue, queueing, equilibrium, service, mml, servers, joining, patients",3,0.047619047619047616
2010-2014,Computer Science,0,"game, users, network, proposed, networks, based, algorithm, power, equilibrium, problem",144,0.6605504587155964
2010-2014,Computer Science,1,"games, game, learning, agent, mml, agents, equilibrium, theory, players, player",45,0.20642201834862386
2010-2014,Computer Science,2,"security, game, defense, model, attack, attacks, based, information, strategy, privacy",26,0.11926605504587157
2010-2014,Computer Science,4,"optimization, particle, swarm, method, objective, design, search, path, game, proposed",1,0.0045871559633027525
2010-2014,Computer Science,7,"tracking, features, expert, object, feature, landmarks, association, segmentation, landmark, tracker",2,0.009174311926605505
2010-2014,Decision Sciences,0,"games, game, equilibrium, players, equilibria, player, nash, stochastic, information, repeated",44,0.4782608695652174
2010-2014,Decision Sciences,1,"network, game, networks, users, spectrum, allocation, equilibrium, resource, service, nash",19,0.20652173913043478
2010-2014,Decision Sciences,2,"price, auctions, market, auction, advertising, model, product, pricing, prices, seller",12,0.13043478260869565
2010-2014,Decision Sciences,3,"game, theory, theoretic, models, cooperative, economic, games, strategy, business, strategic",5,0.05434782608695652
2010-2014,Decision Sciences,4,"fuzzy, decision, dea, cooperative, value, game, linguistic, making, shapley, proposed",8,0.08695652173913043
2010-2014,Decision Sciences,5,"carbon, evolutionary, enterprises, government, game, energy, electricity, market, power, reduction",1,0.010869565217391304
2010-2014,Decision Sciences,6,"innovation, technology, collaborative, diffusion, evolutionary, adoption, government, competitive, game, firms",1,0.010869565217391304
2010-2014,Decision Sciences,7,"construction, projects, contractors, project, model, evolutionary, developers, development, epc, government",1,0.010869565217391304
2010-2014,Decision Sciences,8,"insurance, risk, underwriting, cost, community, institutions, method, sharing, allocation, cooperative",1,0.010869565217391304
2010-2014,"Economics, Econometrics and Finance",0,"market, game, firms, theory, equilibrium, model, price, markets, firm, information",27,0.2872340425531915
2010-2014,"Economics, Econometrics and Finance",1,"stochastic, games, equilibrium, time, mml, game, equilibria, mean, nash, optimal",18,0.19148936170212766
2010-2014,"Economics, Econometrics and Finance",2,"carbon, government, enterprises, environmental, pollution, game, innovation, evolutionary, emission, local",11,0.11702127659574468
2010-2014,"Economics, Econometrics and Finance",3,"games, cooperative, mml, core, value, fuzzy, coalition, game, shapley, players",12,0.1276595744680851
2010-2014,"Economics, Econometrics and Finance",4,"sanctions, trade, policy, political, international, economic, countries, model, target, game",9,0.09574468085106383
2010-2014,"Economics, Econometrics and Finance",5,"coalition, coalitions, power, court, voting, legislative, chambers, political, model, informational",4,0.0425531914893617
2010-2014,"Economics, Econometrics and Finance",6,"football, sports, team, game, leagues, players, league, clubs, play, soccer",9,0.09574468085106383
2010-2014,"Economics, Econometrics and Finance",7,"options, strategic, real, value, framework, high, capacity, theory, infrastructure, design",3,0.031914893617021274
2010-2014,"Economics, Econometrics and Finance",8,"hospitals, patients, medical, hospital, treatment, care, pharmaceutical, health, patient, profit",1,0.010638297872340425
2010-2014,Energy,0,"gas, model, eu, policy, russia, pg, european, natural, models, decision",2,1
2010-2014,Engineering,0,"game, power, networks, network, allocation, interference, proposed, problem, based, algorithm",71,0.461038961038961
2010-2014,Engineering,1,"energy, power, game, market, electricity, proposed, demand, based, model, charging",34,0.22077922077922077
2010-2014,Engineering,2,"vehicles, vehicle, game, driver, control, traffic, lane, driving, based, model",9,0.05844155844155844
2010-2014,Engineering,3,"game, control, differential, time, games, guidance, pursuit, target, optimal, nash",11,0.07142857142857142
2010-2014,Engineering,4,"attack, security, attacks, attacker, game, defender, defense, cyber, systems, model",15,0.09740259740259741
2010-2014,Engineering,5,"government, construction, water, green, evolutionary, development, game, carbon, building, enterprises",1,0.006493506493506494
2010-2014,Engineering,6,"port, shipping, manufacturing, game, container, production, ports, model, scheduling, decision",5,0.032467532467532464
2010-2014,Engineering,7,"emergency, evacuation, pedestrians, game, government, model, evolutionary, crowd, exit, pedestrian",8,0.05194805194805195
2010-2014,Environmental Science,0,"height, water, leaf, plant, hydraulic, trees, growth, al, plants, tree",4,0.36363636363636365
2010-2014,Environmental Science,1,"government, game, evolutionary, energy, carbon, model, enterprises, strategies, development, study",1,0.09090909090909091
2010-2014,Environmental Science,2,"fisheries, management, stocks, stock, fishing, fish, fishery, sex, economic, msy",4,0.36363636363636365
2010-2014,Environmental Science,4,"conservation, forest, harvesting, organizations, institutional, game, environmental, social, common, theory",2,0.18181818181818182
2010-2014,Mathematics,0,"cells, cancer, cell, growth, tumor, tumour, evolutionary, therapies, game, models",3,0.3
2010-2014,Mathematics,1,"game, vaccination, model, epidemic, strategy, public, disease, individuals, control, games",7,0.7
2010-2014,Medicine,1,"game, games, equilibrium, distributed, nash, seeking, stability, based, information, time",2,0.2857142857142857
2010-2014,Medicine,2,"game, model, medical, theory, evolutionary, vaccination, treatment, strategies, epidemic, disease",5,0.7142857142857143
2010-2014,Neuroscience,0,"learning, choice, reinforcement, capacity, human, risk, underlying, humans, optimal, environment",2,0.3333333333333333
2010-2014,Neuroscience,1,"game, social, subjects, opponent, strategy, activity, sensitivity, competitive, asp, hierarchy",3,0.5
2010-2014,Neuroscience,2,"muscle, conflict, interactions, neurons, fighting, mating, size, cuttlefish, thresholds, principle",1,0.16666666666666666
2010-2014,Physics and Astronomy,0,"quantum, game, games, classical, theory, player, entanglement, players, nash, strategies",13,0.52
2010-2014,Physics and Astronomy,3,"defense, network, security, game, attack, strategy, scheffran, attacker, learning, model",3,0.12
2010-2014,Physics and Astronomy,4,"public, opinion, evolutionary, internet, government, model, information, leaders, game, media",1,0.04
2010-2014,Physics and Astronomy,5,"seti, search, extraterrestrial, mutual, frequencies, frequency, planck, messaging, meti, intelligence",1,0.04
2010-2014,Physics and Astronomy,6,"social, dynamics, opinion, agents, xlink, xmlns, w3, http, org, www",2,0.08
2010-2014,Physics and Astronomy,8,"community, detection, networks, nodes, problem, communities, clustering, approach, based, real",5,0.2
2010-2014,Psychology,0,"choice, mate, care, mating, male, theory, evolutionary, studies, human, males",3,0.375
2010-2014,Psychology,1,"game, aggression, cooperative, video, play, bpd, games, bd, social, clinical",2,0.25
2010-2014,Psychology,3,"game, learning, learners, poker, playfulness, water, design, classroom, stripped, computer",1,0.125
2010-2014,Psychology,4,"joint, action, interaction, negotiation, model, fusion, partner, coordination, game, human",2,0.25
2010-2014,Social Sciences,0,"game, cooperation, games, evolutionary, strategies, theory, social, strategy, dynamics, evolution",160,0.6896551724137931
2010-2014,Social Sciences,1,"game, knowledge, evolutionary, government, model, sharing, traffic, strategy, based, quality",21,0.09051724137931035
2010-2014,Social Sciences,2,"war, conflict, power, international, bargaining, terrorism, terrorist, model, political, states",32,0.13793103448275862
2010-2014,Social Sciences,3,"party, policy, political, parties, electoral, voters, model, theoretic, legislative, candidates",12,0.05172413793103448
2010-2014,Social Sciences,4,"vaccination, vaccine, health, game, disease, mhealth, physicians, coverage, information, healthcare",2,0.008620689655172414
2010-2014,Social Sciences,6,"households, household, family, women, wives, teachers, preferences, efficiency, husbands, sided",3,0.01293103448275862
2010-2014,Social Sciences,7,"optimal, risk, investment, insurance, reinsurance, asset, problem, company, model, stochastic",2,0.008620689655172414
2011-2015,Agricultural and Biological Sciences,0,"game, model, males, competition, strategies, theory, male, models, lewontin, evolution",20,0.9090909090909091
2011-2015,Agricultural and Biological Sciences,1,"government, game, food, agricultural, farmers, evolutionary, chain, safety, green, traceability",2,0.09090909090909091
2011-2015,Arts and Humanities,0,"game, cultural, theory, resource, data, research, peirce, np, big, subjective",2,1
2011-2015,"Biochemistry, Genetics and Molecular Biology",1,"cancer, cells, treatment, evolutionary, game, cell, tumor, stage, therapy, dynamics",4,0.16666666666666666
2011-2015,"Biochemistry, Genetics and Molecular Biology",2,"host, virulence, pathogen, model, vaccine, disease, transmission, infection, evolution, infected",4,0.16666666666666666
2011-2015,"Biochemistry, Genetics and Molecular Biology",3,"species, game, reversal, microbial, memory, communities, molecular, genes, number, theory",3,0.125
2011-2015,"Biochemistry, Genetics and Molecular Biology",4,"species, migration, population, prey, evolutionary, thermal, ifd, patch, game, predators",3,0.125
2011-2015,"Biochemistry, Genetics and Molecular Biology",6,"game, evolutionary, theory, selection, sex, strategies, fitness, evolution, mml, models",10,0.4166666666666667
2011-2015,"Business, Management and Accounting",0,"supply, manufacturer, channel, retailer, model, chain, game, product, price, advertising",44,0.6875
2011-2015,"Business, Management and Accounting",1,"green, carbon, supply, chain, government, game, low, subsidy, environmental, emission",3,0.046875
2011-2015,"Business, Management and Accounting",2,"ppp, public, private, projects, project, government, game, design, evolutionary, supervision",4,0.0625
2011-2015,"Business, Management and Accounting",3,"innovation, knowledge, game, firms, alliances, alliance, strategic, cooperation, model, research",9,0.140625
2011-2015,"Business, Management and Accounting",4,"customers, server, queue, queueing, equilibrium, service, mml, servers, joining, patients",4,0.0625
2011-2015,Computer Science,0,"game, users, network, proposed, networks, based, algorithm, power, equilibrium, problem",159,0.691304347826087
2011-2015,Computer Science,1,"games, game, learning, agent, mml, agents, equilibrium, theory, players, player",41,0.1782608695652174
2011-2015,Computer Science,2,"security, game, defense, model, attack, attacks, based, information, strategy, privacy",28,0.12173913043478261
2011-2015,Computer Science,7,"tracking, features, expert, object, feature, landmarks, association, segmentation, landmark, tracker",2,0.008695652173913044
2011-2015,Decision Sciences,0,"games, game, equilibrium, players, equilibria, player, nash, stochastic, information, repeated",47,0.4563106796116505
2011-2015,Decision Sciences,1,"network, game, networks, users, spectrum, allocation, equilibrium, resource, service, nash",27,0.2621359223300971
2011-2015,Decision Sciences,2,"price, auctions, market, auction, advertising, model, product, pricing, prices, seller",9,0.08737864077669903
2011-2015,Decision Sciences,3,"game, theory, theoretic, models, cooperative, economic, games, strategy, business, strategic",6,0.05825242718446602
2011-2015,Decision Sciences,4,"fuzzy, decision, dea, cooperative, value, game, linguistic, making, shapley, proposed",9,0.08737864077669903
2011-2015,Decision Sciences,5,"carbon, evolutionary, enterprises, government, game, energy, electricity, market, power, reduction",2,0.019417475728155338
2011-2015,Decision Sciences,6,"innovation, technology, collaborative, diffusion, evolutionary, adoption, government, competitive, game, firms",1,0.009708737864077669
2011-2015,Decision Sciences,7,"construction, projects, contractors, project, model, evolutionary, developers, development, epc, government",1,0.009708737864077669
2011-2015,Decision Sciences,8,"insurance, risk, underwriting, cost, community, institutions, method, sharing, allocation, cooperative",1,0.009708737864077669
2011-2015,"Economics, Econometrics and Finance",0,"market, game, firms, theory, equilibrium, model, price, markets, firm, information",42,0.375
2011-2015,"Economics, Econometrics and Finance",1,"stochastic, games, equilibrium, time, mml, game, equilibria, mean, nash, optimal",24,0.21428571428571427
2011-2015,"Economics, Econometrics and Finance",2,"carbon, government, enterprises, environmental, pollution, game, innovation, evolutionary, emission, local",9,0.08035714285714286
2011-2015,"Economics, Econometrics and Finance",3,"games, cooperative, mml, core, value, fuzzy, coalition, game, shapley, players",12,0.10714285714285714
2011-2015,"Economics, Econometrics and Finance",4,"sanctions, trade, policy, political, international, economic, countries, model, target, game",9,0.08035714285714286
2011-2015,"Economics, Econometrics and Finance",5,"coalition, coalitions, power, court, voting, legislative, chambers, political, model, informational",5,0.044642857142857144
2011-2015,"Economics, Econometrics and Finance",6,"football, sports, team, game, leagues, players, league, clubs, play, soccer",8,0.07142857142857142
2011-2015,"Economics, Econometrics and Finance",7,"options, strategic, real, value, framework, high, capacity, theory, infrastructure, design",2,0.017857142857142856
2011-2015,"Economics, Econometrics and Finance",8,"hospitals, patients, medical, hospital, treatment, care, pharmaceutical, health, patient, profit",1,0.008928571428571428
2011-2015,Energy,0,"gas, model, eu, policy, russia, pg, european, natural, models, decision",1,1
2011-2015,Engineering,0,"game, power, networks, network, allocation, interference, proposed, problem, based, algorithm",102,0.5257731958762887
2011-2015,Engineering,1,"energy, power, game, market, electricity, proposed, demand, based, model, charging",42,0.21649484536082475
2011-2015,Engineering,2,"vehicles, vehicle, game, driver, control, traffic, lane, driving, based, model",8,0.041237113402061855
2011-2015,Engineering,3,"game, control, differential, time, games, guidance, pursuit, target, optimal, nash",13,0.06701030927835051
2011-2015,Engineering,4,"attack, security, attacks, attacker, game, defender, defense, cyber, systems, model",12,0.061855670103092786
2011-2015,Engineering,5,"government, construction, water, green, evolutionary, development, game, carbon, building, enterprises",3,0.015463917525773196
2011-2015,Engineering,6,"port, shipping, manufacturing, game, container, production, ports, model, scheduling, decision",6,0.030927835051546393
2011-2015,Engineering,7,"emergency, evacuation, pedestrians, game, government, model, evolutionary, crowd, exit, pedestrian",8,0.041237113402061855
2011-2015,Environmental Science,0,"height, water, leaf, plant, hydraulic, trees, growth, al, plants, tree",5,0.5
2011-2015,Environmental Science,1,"government, game, evolutionary, energy, carbon, model, enterprises, strategies, development, study",1,0.1
2011-2015,Environmental Science,2,"fisheries, management, stocks, stock, fishing, fish, fishery, sex, economic, msy",2,0.2
2011-2015,Environmental Science,3,"prey, size, retrieval, spatial, males, patch, beds, seabirds, pairing, females",1,0.1
2011-2015,Environmental Science,4,"conservation, forest, harvesting, organizations, institutional, game, environmental, social, common, theory",1,0.1
2011-2015,Health Professions,0,"medical, patient, game, service, care, elderly, dynamic, hospital, patients, malpractice",1,1
2011-2015,Mathematics,0,"cells, cancer, cell, growth, tumor, tumour, evolutionary, therapies, game, models",5,0.38461538461538464
2011-2015,Mathematics,1,"game, vaccination, model, epidemic, strategy, public, disease, individuals, control, games",8,0.6153846153846154
2011-2015,Medicine,1,"game, games, equilibrium, distributed, nash, seeking, stability, based, information, time",2,0.2857142857142857
2011-2015,Medicine,2,"game, model, medical, theory, evolutionary, vaccination, treatment, strategies, epidemic, disease",5,0.7142857142857143
2011-2015,Neuroscience,0,"learning, choice, reinforcement, capacity, human, risk, underlying, humans, optimal, environment",2,0.2857142857142857
2011-2015,Neuroscience,1,"game, social, subjects, opponent, strategy, activity, sensitivity, competitive, asp, hierarchy",4,0.5714285714285714
2011-2015,Neuroscience,2,"muscle, conflict, interactions, neurons, fighting, mating, size, cuttlefish, thresholds, principle",1,0.14285714285714285
2011-2015,Physics and Astronomy,0,"quantum, game, games, classical, theory, player, entanglement, players, nash, strategies",12,0.48
2011-2015,Physics and Astronomy,1,"energy, renewable, cellular, design, power, groups, discipline, prosumers, optimization, multiple",1,0.04
2011-2015,Physics and Astronomy,3,"defense, network, security, game, attack, strategy, scheffran, attacker, learning, model",3,0.12
2011-2015,Physics and Astronomy,4,"public, opinion, evolutionary, internet, government, model, information, leaders, game, media",1,0.04
2011-2015,Physics and Astronomy,5,"seti, search, extraterrestrial, mutual, frequencies, frequency, planck, messaging, meti, intelligence",1,0.04
2011-2015,Physics and Astronomy,6,"social, dynamics, opinion, agents, xlink, xmlns, w3, http, org, www",2,0.08
2011-2015,Physics and Astronomy,8,"community, detection, networks, nodes, problem, communities, clustering, approach, based, real",5,0.2
2011-2015,Psychology,0,"choice, mate, care, mating, male, theory, evolutionary, studies, human, males",3,0.3
2011-2015,Psychology,1,"game, aggression, cooperative, video, play, bpd, games, bd, social, clinical",4,0.4
2011-2015,Psychology,3,"game, learning, learners, poker, playfulness, water, design, classroom, stripped, computer",1,0.1
2011-2015,Psychology,4,"joint, action, interaction, negotiation, model, fusion, partner, coordination, game, human",2,0.2
2011-2015,Social Sciences,0,"game, cooperation, games, evolutionary, strategies, theory, social, strategy, dynamics, evolution",177,0.731404958677686
2011-2015,Social Sciences,1,"game, knowledge, evolutionary, government, model, sharing, traffic, strategy, based, quality",18,0.0743801652892562
2011-2015,Social Sciences,2,"war, conflict, power, international, bargaining, terrorism, terrorist, model, political, states",30,0.12396694214876033
2011-2015,Social Sciences,3,"party, policy, political, parties, electoral, voters, model, theoretic, legislative, candidates",12,0.049586776859504134
2011-2015,Social Sciences,4,"vaccination, vaccine, health, game, disease, mhealth, physicians, coverage, information, healthcare",1,0.004132231404958678
2011-2015,Social Sciences,5,"rumor, information, diffusion, privacy, social, game, model, propagation, personal, rumors",1,0.004132231404958678
2011-2015,Social Sciences,6,"households, household, family, women, wives, teachers, preferences, efficiency, husbands, sided",2,0.008264462809917356
2011-2015,Social Sciences,7,"optimal, risk, investment, insurance, reinsurance, asset, problem, company, model, stochastic",1,0.004132231404958678
2012-2016,Agricultural and Biological Sciences,0,"game, model, males, competition, strategies, theory, male, models, lewontin, evolution",20,0.9090909090909091
2012-2016,Agricultural and Biological Sciences,1,"government, game, food, agricultural, farmers, evolutionary, chain, safety, green, traceability",2,0.09090909090909091
2012-2016,Arts and Humanities,0,"game, cultural, theory, resource, data, research, peirce, np, big, subjective",2,1
2012-2016,"Biochemistry, Genetics and Molecular Biology",1,"cancer, cells, treatment, evolutionary, game, cell, tumor, stage, therapy, dynamics",4,0.18181818181818182
2012-2016,"Biochemistry, Genetics and Molecular Biology",2,"host, virulence, pathogen, model, vaccine, disease, transmission, infection, evolution, infected",5,0.22727272727272727
2012-2016,"Biochemistry, Genetics and Molecular Biology",3,"species, game, reversal, microbial, memory, communities, molecular, genes, number, theory",4,0.18181818181818182
2012-2016,"Biochemistry, Genetics and Molecular Biology",4,"species, migration, population, prey, evolutionary, thermal, ifd, patch, game, predators",2,0.09090909090909091
2012-2016,"Biochemistry, Genetics and Molecular Biology",6,"game, evolutionary, theory, selection, sex, strategies, fitness, evolution, mml, models",7,0.3181818181818182
2012-2016,"Business, Management and Accounting",0,"supply, manufacturer, channel, retailer, model, chain, game, product, price, advertising",55,0.6707317073170732
2012-2016,"Business, Management and Accounting",1,"green, carbon, supply, chain, government, game, low, subsidy, environmental, emission",6,0.07317073170731707
2012-2016,"Business, Management and Accounting",2,"ppp, public, private, projects, project, government, game, design, evolutionary, supervision",8,0.0975609756097561
2012-2016,"Business, Management and Accounting",3,"innovation, knowledge, game, firms, alliances, alliance, strategic, cooperation, model, research",7,0.08536585365853659
2012-2016,"Business, Management and Accounting",4,"customers, server, queue, queueing, equilibrium, service, mml, servers, joining, patients",5,0.06097560975609756
2012-2016,"Business, Management and Accounting",5,"logistics, medical, game, allocation, emergency, government, evolutionary, service, transportation, disaster",1,0.012195121951219513
2012-2016,Computer Science,0,"game, users, network, proposed, networks, based, algorithm, power, equilibrium, problem",157,0.6652542372881356
2012-2016,Computer Science,1,"games, game, learning, agent, mml, agents, equilibrium, theory, players, player",40,0.1694915254237288
2012-2016,Computer Science,2,"security, game, defense, model, attack, attacks, based, information, strategy, privacy",32,0.13559322033898305
2012-2016,Computer Science,4,"optimization, particle, swarm, method, objective, design, search, path, game, proposed",3,0.012711864406779662
2012-2016,Computer Science,5,"lt, fuzzy, gt, linguistic, preference, game, word, logic, product, argumentation",2,0.00847457627118644
2012-2016,Computer Science,7,"tracking, features, expert, object, feature, landmarks, association, segmentation, landmark, tracker",2,0.00847457627118644
2012-2016,Decision Sciences,0,"games, game, equilibrium, players, equilibria, player, nash, stochastic, information, repeated",51,0.4322033898305085
2012-2016,Decision Sciences,1,"network, game, networks, users, spectrum, allocation, equilibrium, resource, service, nash",34,0.288135593220339
2012-2016,Decision Sciences,2,"price, auctions, market, auction, advertising, model, product, pricing, prices, seller",8,0.06779661016949153
2012-2016,Decision Sciences,3,"game, theory, theoretic, models, cooperative, economic, games, strategy, business, strategic",9,0.07627118644067797
2012-2016,Decision Sciences,4,"fuzzy, decision, dea, cooperative, value, game, linguistic, making, shapley, proposed",10,0.0847457627118644
2012-2016,Decision Sciences,5,"carbon, evolutionary, enterprises, government, game, energy, electricity, market, power, reduction",2,0.01694915254237288
2012-2016,Decision Sciences,6,"innovation, technology, collaborative, diffusion, evolutionary, adoption, government, competitive, game, firms",2,0.01694915254237288
2012-2016,Decision Sciences,7,"construction, projects, contractors, project, model, evolutionary, developers, development, epc, government",2,0.01694915254237288
2012-2016,"Economics, Econometrics and Finance",0,"market, game, firms, theory, equilibrium, model, price, markets, firm, information",43,0.36752136752136755
2012-2016,"Economics, Econometrics and Finance",1,"stochastic, games, equilibrium, time, mml, game, equilibria, mean, nash, optimal",32,0.27350427350427353
2012-2016,"Economics, Econometrics and Finance",2,"carbon, government, enterprises, environmental, pollution, game, innovation, evolutionary, emission, local",9,0.07692307692307693
2012-2016,"Economics, Econometrics and Finance",3,"games, cooperative, mml, core, value, fuzzy, coalition, game, shapley, players",11,0.09401709401709402
2012-2016,"Economics, Econometrics and Finance",4,"sanctions, trade, policy, political, international, economic, countries, model, target, game",7,0.05982905982905983
2012-2016,"Economics, Econometrics and Finance",5,"coalition, coalitions, power, court, voting, legislative, chambers, political, model, informational",4,0.03418803418803419
2012-2016,"Economics, Econometrics and Finance",6,"football, sports, team, game, leagues, players, league, clubs, play, soccer",8,0.06837606837606838
2012-2016,"Economics, Econometrics and Finance",7,"options, strategic, real, value, framework, high, capacity, theory, infrastructure, design",3,0.02564102564102564
2012-2016,Energy,0,"gas, model, eu, policy, russia, pg, european, natural, models, decision",2,0.5
2012-2016,Energy,1,"energy, carbon, supply, low, fuel, chain, game, pricing, efficiency, consumers",2,0.5
2012-2016,Engineering,0,"game, power, networks, network, allocation, interference, proposed, problem, based, algorithm",116,0.4978540772532189
2012-2016,Engineering,1,"energy, power, game, market, electricity, proposed, demand, based, model, charging",50,0.2145922746781116
2012-2016,Engineering,2,"vehicles, vehicle, game, driver, control, traffic, lane, driving, based, model",12,0.05150214592274678
2012-2016,Engineering,3,"game, control, differential, time, games, guidance, pursuit, target, optimal, nash",12,0.05150214592274678
2012-2016,Engineering,4,"attack, security, attacks, attacker, game, defender, defense, cyber, systems, model",17,0.07296137339055794
2012-2016,Engineering,5,"government, construction, water, green, evolutionary, development, game, carbon, building, enterprises",5,0.02145922746781116
2012-2016,Engineering,6,"port, shipping, manufacturing, game, container, production, ports, model, scheduling, decision",12,0.05150214592274678
2012-2016,Engineering,7,"emergency, evacuation, pedestrians, game, government, model, evolutionary, crowd, exit, pedestrian",8,0.034334763948497854
2012-2016,Engineering,8,"soil, nuclear, model, stratification, geotechnical, corrosion, shap, pitting, diagnosis, models",1,0.004291845493562232
2012-2016,Environmental Science,0,"height, water, leaf, plant, hydraulic, trees, growth, al, plants, tree",6,0.375
2012-2016,Environmental Science,1,"government, game, evolutionary, energy, carbon, model, enterprises, strategies, development, study",1,0.0625
2012-2016,Environmental Science,2,"fisheries, management, stocks, stock, fishing, fish, fishery, sex, economic, msy",4,0.25
2012-2016,Environmental Science,3,"prey, size, retrieval, spatial, males, patch, beds, seabirds, pairing, females",2,0.125
2012-2016,Environmental Science,4,"conservation, forest, harvesting, organizations, institutional, game, environmental, social, common, theory",2,0.125
2012-2016,Environmental Science,5,"climate, geoengineering, intervention, adaptation, change, counter, solar, outcome, international, countries",1,0.0625
2012-2016,Health Professions,0,"medical, patient, game, service, care, elderly, dynamic, hospital, patients, malpractice",3,1
2012-2016,Mathematics,0,"cells, cancer, cell, growth, tumor, tumour, evolutionary, therapies, game, models",5,0.35714285714285715
2012-2016,Mathematics,1,"game, vaccination, model, epidemic, strategy, public, disease, individuals, control, games",9,0.6428571428571429
2012-2016,Medicine,1,"game, games, equilibrium, distributed, nash, seeking, stability, based, information, time",3,0.3
2012-2016,Medicine,2,"game, model, medical, theory, evolutionary, vaccination, treatment, strategies, epidemic, disease",7,0.7
2012-2016,Neuroscience,0,"learning, choice, reinforcement, capacity, human, risk, underlying, humans, optimal, environment",2,0.25
2012-2016,Neuroscience,1,"game, social, subjects, opponent, strategy, activity, sensitivity, competitive, asp, hierarchy",5,0.625
2012-2016,Neuroscience,2,"muscle, conflict, interactions, neurons, fighting, mating, size, cuttlefish, thresholds, principle",1,0.125
2012-2016,Physics and Astronomy,0,"quantum, game, games, classical, theory, player, entanglement, players, nash, strategies",9,0.3103448275862069
2012-2016,Physics and Astronomy,1,"energy, renewable, cellular, design, power, groups, discipline, prosumers, optimization, multiple",1,0.034482758620689655
2012-2016,Physics and Astronomy,2,"spectrum, data, evolutionary, users, iot, service, 5g, crns, game, access",1,0.034482758620689655
2012-2016,Physics and Astronomy,3,"defense, network, security, game, attack, strategy, scheffran, attacker, learning, model",3,0.10344827586206896
2012-2016,Physics and Astronomy,4,"public, opinion, evolutionary, internet, government, model, information, leaders, game, media",2,0.06896551724137931
2012-2016,Physics and Astronomy,5,"seti, search, extraterrestrial, mutual, frequencies, frequency, planck, messaging, meti, intelligence",1,0.034482758620689655
2012-2016,Physics and Astronomy,6,"social, dynamics, opinion, agents, xlink, xmlns, w3, http, org, www",6,0.20689655172413793
2012-2016,Physics and Astronomy,7,"world, navigable, small, homophilic, meta, network, networks, agents, communities, real",1,0.034482758620689655
2012-2016,Physics and Astronomy,8,"community, detection, networks, nodes, problem, communities, clustering, approach, based, real",5,0.1724137931034483
2012-2016,Psychology,0,"choice, mate, care, mating, male, theory, evolutionary, studies, human, males",2,0.25
2012-2016,Psychology,1,"game, aggression, cooperative, video, play, bpd, games, bd, social, clinical",4,0.5
2012-2016,Psychology,3,"game, learning, learners, poker, playfulness, water, design, classroom, stripped, computer",1,0.125
2012-2016,Psychology,4,"joint, action, interaction, negotiation, model, fusion, partner, coordination, game, human",1,0.125
2012-2016,Social Sciences,0,"game, cooperation, games, evolutionary, strategies, theory, social, strategy, dynamics, evolution",176,0.7521367521367521
2012-2016,Social Sciences,1,"game, knowledge, evolutionary, government, model, sharing, traffic, strategy, based, quality",15,0.0641025641025641
2012-2016,Social Sciences,2,"war, conflict, power, international, bargaining, terrorism, terrorist, model, political, states",23,0.09829059829059829
2012-2016,Social Sciences,3,"party, policy, political, parties, electoral, voters, model, theoretic, legislative, candidates",10,0.042735042735042736
2012-2016,Social Sciences,4,"vaccination, vaccine, health, game, disease, mhealth, physicians, coverage, information, healthcare",4,0.017094017094017096
2012-2016,Social Sciences,5,"rumor, information, diffusion, privacy, social, game, model, propagation, personal, rumors",1,0.004273504273504274
2012-2016,Social Sciences,6,"households, household, family, women, wives, teachers, preferences, efficiency, husbands, sided",4,0.017094017094017096
2012-2016,Social Sciences,7,"optimal, risk, investment, insurance, reinsurance, asset, problem, company, model, stochastic",1,0.004273504273504274
2013-2017,Agricultural and Biological Sciences,0,"game, model, males, competition, strategies, theory, male, models, lewontin, evolution",17,0.85
2013-2017,Agricultural and Biological Sciences,1,"government, game, food, agricultural, farmers, evolutionary, chain, safety, green, traceability",3,0.15
2013-2017,Arts and Humanities,0,"game, cultural, theory, resource, data, research, peirce, np, big, subjective",1,0.5
2013-2017,Arts and Humanities,1,"mml, epistemic, based, hearer, conflict, beliefs, disagreement, justified, model, belief",1,0.5
2013-2017,"Biochemistry, Genetics and Molecular Biology",1,"cancer, cells, treatment, evolutionary, game, cell, tumor, stage, therapy, dynamics",5,0.25
2013-2017,"Biochemistry, Genetics and Molecular Biology",2,"host, virulence, pathogen, model, vaccine, disease, transmission, infection, evolution, infected",2,0.1
2013-2017,"Biochemistry, Genetics and Molecular Biology",3,"species, game, reversal, microbial, memory, communities, molecular, genes, number, theory",4,0.2
2013-2017,"Biochemistry, Genetics and Molecular Biology",4,"species, migration, population, prey, evolutionary, thermal, ifd, patch, game, predators",1,0.05
2013-2017,"Biochemistry, Genetics and Molecular Biology",5,"bifurcation, matrix, structured, evolutionary, equilibria, theorem, models, reproductive, eco, populations",1,0.05
2013-2017,"Biochemistry, Genetics and Molecular Biology",6,"game, evolutionary, theory, selection, sex, strategies, fitness, evolution, mml, models",7,0.35
2013-2017,"Business, Management and Accounting",0,"supply, manufacturer, channel, retailer, model, chain, game, product, price, advertising",70,0.6862745098039216
2013-2017,"Business, Management and Accounting",1,"green, carbon, supply, chain, government, game, low, subsidy, environmental, emission",7,0.06862745098039216
2013-2017,"Business, Management and Accounting",2,"ppp, public, private, projects, project, government, game, design, evolutionary, supervision",8,0.0784313725490196
2013-2017,"Business, Management and Accounting",3,"innovation, knowledge, game, firms, alliances, alliance, strategic, cooperation, model, research",7,0.06862745098039216
2013-2017,"Business, Management and Accounting",4,"customers, server, queue, queueing, equilibrium, service, mml, servers, joining, patients",6,0.058823529411764705
2013-2017,"Business, Management and Accounting",5,"logistics, medical, game, allocation, emergency, government, evolutionary, service, transportation, disaster",3,0.029411764705882353
2013-2017,"Business, Management and Accounting",6,"cloud, manufacturing, platform, iot, technology, internet, enterprises, innovation, development, company",1,0.00980392156862745
2013-2017,Computer Science,0,"game, users, network, proposed, networks, based, algorithm, power, equilibrium, problem",164,0.656
2013-2017,Computer Science,1,"games, game, learning, agent, mml, agents, equilibrium, theory, players, player",42,0.168
2013-2017,Computer Science,2,"security, game, defense, model, attack, attacks, based, information, strategy, privacy",37,0.148
2013-2017,Computer Science,4,"optimization, particle, swarm, method, objective, design, search, path, game, proposed",3,0.012
2013-2017,Computer Science,5,"lt, fuzzy, gt, linguistic, preference, game, word, logic, product, argumentation",3,0.012
2013-2017,Computer Science,7,"tracking, features, expert, object, feature, landmarks, association, segmentation, landmark, tracker",1,0.004
2013-2017,Decision Sciences,0,"games, game, equilibrium, players, equilibria, player, nash, stochastic, information, repeated",47,0.41228070175438597
2013-2017,Decision Sciences,1,"network, game, networks, users, spectrum, allocation, equilibrium, resource, service, nash",32,0.2807017543859649
2013-2017,Decision Sciences,2,"price, auctions, market, auction, advertising, model, product, pricing, prices, seller",6,0.05263157894736842
2013-2017,Decision Sciences,3,"game, theory, theoretic, models, cooperative, economic, games, strategy, business, strategic",8,0.07017543859649122
2013-2017,Decision Sciences,4,"fuzzy, decision, dea, cooperative, value, game, linguistic, making, shapley, proposed",12,0.10526315789473684
2013-2017,Decision Sciences,5,"carbon, evolutionary, enterprises, government, game, energy, electricity, market, power, reduction",4,0.03508771929824561
2013-2017,Decision Sciences,6,"innovation, technology, collaborative, diffusion, evolutionary, adoption, government, competitive, game, firms",3,0.02631578947368421
2013-2017,Decision Sciences,7,"construction, projects, contractors, project, model, evolutionary, developers, development, epc, government",2,0.017543859649122806
2013-2017,"Economics, Econometrics and Finance",0,"market, game, firms, theory, equilibrium, model, price, markets, firm, information",41,0.36283185840707965
2013-2017,"Economics, Econometrics and Finance",1,"stochastic, games, equilibrium, time, mml, game, equilibria, mean, nash, optimal",28,0.24778761061946902
2013-2017,"Economics, Econometrics and Finance",2,"carbon, government, enterprises, environmental, pollution, game, innovation, evolutionary, emission, local",8,0.07079646017699115
2013-2017,"Economics, Econometrics and Finance",3,"games, cooperative, mml, core, value, fuzzy, coalition, game, shapley, players",14,0.12389380530973451
2013-2017,"Economics, Econometrics and Finance",4,"sanctions, trade, policy, political, international, economic, countries, model, target, game",7,0.061946902654867256
2013-2017,"Economics, Econometrics and Finance",5,"coalition, coalitions, power, court, voting, legislative, chambers, political, model, informational",4,0.035398230088495575
2013-2017,"Economics, Econometrics and Finance",6,"football, sports, team, game, leagues, players, league, clubs, play, soccer",7,0.061946902654867256
2013-2017,"Economics, Econometrics and Finance",7,"options, strategic, real, value, framework, high, capacity, theory, infrastructure, design",4,0.035398230088495575
2013-2017,Energy,0,"gas, model, eu, policy, russia, pg, european, natural, models, decision",2,0.4
2013-2017,Energy,1,"energy, carbon, supply, low, fuel, chain, game, pricing, efficiency, consumers",2,0.4
2013-2017,Energy,2,"carbon, evolutionary, government, game, subsidy, consumers, tax, market, green, manufacturers",1,0.2
2013-2017,Engineering,0,"game, power, networks, network, allocation, interference, proposed, problem, based, algorithm",135,0.4787234042553192
2013-2017,Engineering,1,"energy, power, game, market, electricity, proposed, demand, based, model, charging",67,0.2375886524822695
2013-2017,Engineering,2,"vehicles, vehicle, game, driver, control, traffic, lane, driving, based, model",15,0.05319148936170213
2013-2017,Engineering,3,"game, control, differential, time, games, guidance, pursuit, target, optimal, nash",11,0.03900709219858156
2013-2017,Engineering,4,"attack, security, attacks, attacker, game, defender, defense, cyber, systems, model",21,0.07446808510638298
2013-2017,Engineering,5,"government, construction, water, green, evolutionary, development, game, carbon, building, enterprises",7,0.024822695035460994
2013-2017,Engineering,6,"port, shipping, manufacturing, game, container, production, ports, model, scheduling, decision",16,0.05673758865248227
2013-2017,Engineering,7,"emergency, evacuation, pedestrians, game, government, model, evolutionary, crowd, exit, pedestrian",9,0.031914893617021274
2013-2017,Engineering,8,"soil, nuclear, model, stratification, geotechnical, corrosion, shap, pitting, diagnosis, models",1,0.0035460992907801418
2013-2017,Environmental Science,0,"height, water, leaf, plant, hydraulic, trees, growth, al, plants, tree",4,0.25
2013-2017,Environmental Science,1,"government, game, evolutionary, energy, carbon, model, enterprises, strategies, development, study",3,0.1875
2013-2017,Environmental Science,2,"fisheries, management, stocks, stock, fishing, fish, fishery, sex, economic, msy",3,0.1875
2013-2017,Environmental Science,3,"prey, size, retrieval, spatial, males, patch, beds, seabirds, pairing, females",2,0.125
2013-2017,Environmental Science,4,"conservation, forest, harvesting, organizations, institutional, game, environmental, social, common, theory",3,0.1875
2013-2017,Environmental Science,5,"climate, geoengineering, intervention, adaptation, change, counter, solar, outcome, international, countries",1,0.0625
2013-2017,Health Professions,0,"medical, patient, game, service, care, elderly, dynamic, hospital, patients, malpractice",3,1
2013-2017,Mathematics,0,"cells, cancer, cell, growth, tumor, tumour, evolutionary, therapies, game, models",5,0.3125
2013-2017,Mathematics,1,"game, vaccination, model, epidemic, strategy, public, disease, individuals, control, games",11,0.6875
2013-2017,Medicine,1,"game, games, equilibrium, distributed, nash, seeking, stability, based, information, time",2,0.2222222222222222
2013-2017,Medicine,2,"game, model, medical, theory, evolutionary, vaccination, treatment, strategies, epidemic, disease",7,0.7777777777777778
2013-2017,Neuroscience,1,"game, social, subjects, opponent, strategy, activity, sensitivity, competitive, asp, hierarchy",2,0.6666666666666666
2013-2017,Neuroscience,2,"muscle, conflict, interactions, neurons, fighting, mating, size, cuttlefish, thresholds, principle",1,0.3333333333333333
2013-2017,Physics and Astronomy,0,"quantum, game, games, classical, theory, player, entanglement, players, nash, strategies",8,0.24242424242424243
2013-2017,Physics and Astronomy,1,"energy, renewable, cellular, design, power, groups, discipline, prosumers, optimization, multiple",1,0.030303030303030304
2013-2017,Physics and Astronomy,2,"spectrum, data, evolutionary, users, iot, service, 5g, crns, game, access",2,0.06060606060606061
2013-2017,Physics and Astronomy,3,"defense, network, security, game, attack, strategy, scheffran, attacker, learning, model",5,0.15151515151515152
2013-2017,Physics and Astronomy,4,"public, opinion, evolutionary, internet, government, model, information, leaders, game, media",1,0.030303030303030304
2013-2017,Physics and Astronomy,6,"social, dynamics, opinion, agents, xlink, xmlns, w3, http, org, www",9,0.2727272727272727
2013-2017,Physics and Astronomy,7,"world, navigable, small, homophilic, meta, network, networks, agents, communities, real",1,0.030303030303030304
2013-2017,Physics and Astronomy,8,"community, detection, networks, nodes, problem, communities, clustering, approach, based, real",6,0.18181818181818182
2013-2017,Psychology,0,"choice, mate, care, mating, male, theory, evolutionary, studies, human, males",1,0.2
2013-2017,Psychology,1,"game, aggression, cooperative, video, play, bpd, games, bd, social, clinical",3,0.6
2013-2017,Psychology,3,"game, learning, learners, poker, playfulness, water, design, classroom, stripped, computer",1,0.2
2013-2017,Social Sciences,0,"game, cooperation, games, evolutionary, strategies, theory, social, strategy, dynamics, evolution",169,0.7100840336134454
2013-2017,Social Sciences,1,"game, knowledge, evolutionary, government, model, sharing, traffic, strategy, based, quality",18,0.07563025210084033
2013-2017,Social Sciences,2,"war, conflict, power, international, bargaining, terrorism, terrorist, model, political, states",27,0.1134453781512605
2013-2017,Social Sciences,3,"party, policy, political, parties, electoral, voters, model, theoretic, legislative, candidates",15,0.06302521008403361
2013-2017,Social Sciences,4,"vaccination, vaccine, health, game, disease, mhealth, physicians, coverage, information, healthcare",3,0.012605042016806723
2013-2017,Social Sciences,5,"rumor, information, diffusion, privacy, social, game, model, propagation, personal, rumors",1,0.004201680672268907
2013-2017,Social Sciences,6,"households, household, family, women, wives, teachers, preferences, efficiency, husbands, sided",3,0.012605042016806723
2013-2017,Social Sciences,7,"optimal, risk, investment, insurance, reinsurance, asset, problem, company, model, stochastic",2,0.008403361344537815
2014-2018,Agricultural and Biological Sciences,0,"game, model, males, competition, strategies, theory, male, models, lewontin, evolution",14,0.7
2014-2018,Agricultural and Biological Sciences,1,"government, game, food, agricultural, farmers, evolutionary, chain, safety, green, traceability",6,0.3
2014-2018,Arts and Humanities,1,"mml, epistemic, based, hearer, conflict, beliefs, disagreement, justified, model, belief",1,0.5
2014-2018,Arts and Humanities,2,"games, discrete, optimal, point, solution, utility, fixed, egalitarian, theorems, game",1,0.5
2014-2018,"Biochemistry, Genetics and Molecular Biology",1,"cancer, cells, treatment, evolutionary, game, cell, tumor, stage, therapy, dynamics",5,0.25
2014-2018,"Biochemistry, Genetics and Molecular Biology",2,"host, virulence, pathogen, model, vaccine, disease, transmission, infection, evolution, infected",3,0.15
2014-2018,"Biochemistry, Genetics and Molecular Biology",3,"species, game, reversal, microbial, memory, communities, molecular, genes, number, theory",5,0.25
2014-2018,"Biochemistry, Genetics and Molecular Biology",4,"species, migration, population, prey, evolutionary, thermal, ifd, patch, game, predators",1,0.05
2014-2018,"Biochemistry, Genetics and Molecular Biology",5,"bifurcation, matrix, structured, evolutionary, equilibria, theorem, models, reproductive, eco, populations",1,0.05
2014-2018,"Biochemistry, Genetics and Molecular Biology",6,"game, evolutionary, theory, selection, sex, strategies, fitness, evolution, mml, models",5,0.25
2014-2018,"Business, Management and Accounting",0,"supply, manufacturer, channel, retailer, model, chain, game, product, price, advertising",84,0.6176470588235294
2014-2018,"Business, Management and Accounting",1,"green, carbon, supply, chain, government, game, low, subsidy, environmental, emission",20,0.14705882352941177
2014-2018,"Business, Management and Accounting",2,"ppp, public, private, projects, project, government, game, design, evolutionary, supervision",12,0.08823529411764706
2014-2018,"Business, Management and Accounting",3,"innovation, knowledge, game, firms, alliances, alliance, strategic, cooperation, model, research",6,0.04411764705882353
2014-2018,"Business, Management and Accounting",4,"customers, server, queue, queueing, equilibrium, service, mml, servers, joining, patients",6,0.04411764705882353
2014-2018,"Business, Management and Accounting",5,"logistics, medical, game, allocation, emergency, government, evolutionary, service, transportation, disaster",6,0.04411764705882353
2014-2018,"Business, Management and Accounting",6,"cloud, manufacturing, platform, iot, technology, internet, enterprises, innovation, development, company",1,0.007352941176470588
2014-2018,"Business, Management and Accounting",8,"disclosure, audit, etr, reporting, etrs, integrated, sustainability, favourable, talk, cheap",1,0.007352941176470588
2014-2018,Computer Science,0,"game, users, network, proposed, networks, based, algorithm, power, equilibrium, problem",158,0.6076923076923076
2014-2018,Computer Science,1,"games, game, learning, agent, mml, agents, equilibrium, theory, players, player",44,0.16923076923076924
2014-2018,Computer Science,2,"security, game, defense, model, attack, attacks, based, information, strategy, privacy",47,0.18076923076923077
2014-2018,Computer Science,3,"blockchain, supply, chain, mining, technology, enterprises, financing, financial, game, based",4,0.015384615384615385
2014-2018,Computer Science,4,"optimization, particle, swarm, method, objective, design, search, path, game, proposed",3,0.011538461538461539
2014-2018,Computer Science,5,"lt, fuzzy, gt, linguistic, preference, game, word, logic, product, argumentation",4,0.015384615384615385
2014-2018,Decision Sciences,0,"games, game, equilibrium, players, equilibria, player, nash, stochastic, information, repeated",53,0.4108527131782946
2014-2018,Decision Sciences,1,"network, game, networks, users, spectrum, allocation, equilibrium, resource, service, nash",30,0.23255813953488372
2014-2018,Decision Sciences,2,"price, auctions, market, auction, advertising, model, product, pricing, prices, seller",8,0.06201550387596899
2014-2018,Decision Sciences,3,"game, theory, theoretic, models, cooperative, economic, games, strategy, business, strategic",9,0.06976744186046512
2014-2018,Decision Sciences,4,"fuzzy, decision, dea, cooperative, value, game, linguistic, making, shapley, proposed",15,0.11627906976744186
2014-2018,Decision Sciences,5,"carbon, evolutionary, enterprises, government, game, energy, electricity, market, power, reduction",6,0.046511627906976744
2014-2018,Decision Sciences,6,"innovation, technology, collaborative, diffusion, evolutionary, adoption, government, competitive, game, firms",6,0.046511627906976744
2014-2018,Decision Sciences,7,"construction, projects, contractors, project, model, evolutionary, developers, development, epc, government",2,0.015503875968992248
2014-2018,"Economics, Econometrics and Finance",0,"market, game, firms, theory, equilibrium, model, price, markets, firm, information",38,0.3275862068965517
2014-2018,"Economics, Econometrics and Finance",1,"stochastic, games, equilibrium, time, mml, game, equilibria, mean, nash, optimal",31,0.2672413793103448
2014-2018,"Economics, Econometrics and Finance",2,"carbon, government, enterprises, environmental, pollution, game, innovation, evolutionary, emission, local",11,0.09482758620689655
2014-2018,"Economics, Econometrics and Finance",3,"games, cooperative, mml, core, value, fuzzy, coalition, game, shapley, players",13,0.11206896551724138
2014-2018,"Economics, Econometrics and Finance",4,"sanctions, trade, policy, political, international, economic, countries, model, target, game",7,0.0603448275862069
2014-2018,"Economics, Econometrics and Finance",5,"coalition, coalitions, power, court, voting, legislative, chambers, political, model, informational",4,0.034482758620689655
2014-2018,"Economics, Econometrics and Finance",6,"football, sports, team, game, leagues, players, league, clubs, play, soccer",7,0.0603448275862069
2014-2018,"Economics, Econometrics and Finance",7,"options, strategic, real, value, framework, high, capacity, theory, infrastructure, design",4,0.034482758620689655
2014-2018,"Economics, Econometrics and Finance",8,"hospitals, patients, medical, hospital, treatment, care, pharmaceutical, health, patient, profit",1,0.008620689655172414
2014-2018,Energy,0,"gas, model, eu, policy, russia, pg, european, natural, models, decision",1,0.2
2014-2018,Energy,1,"energy, carbon, supply, low, fuel, chain, game, pricing, efficiency, consumers",3,0.6
2014-2018,Energy,2,"carbon, evolutionary, government, game, subsidy, consumers, tax, market, green, manufacturers",1,0.2
2014-2018,Engineering,0,"game, power, networks, network, allocation, interference, proposed, problem, based, algorithm",163,0.4657142857142857
2014-2018,Engineering,1,"energy, power, game, market, electricity, proposed, demand, based, model, charging",86,0.24571428571428572
2014-2018,Engineering,2,"vehicles, vehicle, game, driver, control, traffic, lane, driving, based, model",23,0.06571428571428571
2014-2018,Engineering,3,"game, control, differential, time, games, guidance, pursuit, target, optimal, nash",14,0.04
2014-2018,Engineering,4,"attack, security, attacks, attacker, game, defender, defense, cyber, systems, model",27,0.07714285714285714
2014-2018,Engineering,5,"government, construction, water, green, evolutionary, development, game, carbon, building, enterprises",9,0.025714285714285714
2014-2018,Engineering,6,"port, shipping, manufacturing, game, container, production, ports, model, scheduling, decision",19,0.054285714285714284
2014-2018,Engineering,7,"emergency, evacuation, pedestrians, game, government, model, evolutionary, crowd, exit, pedestrian",8,0.022857142857142857
2014-2018,Engineering,8,"soil, nuclear, model, stratification, geotechnical, corrosion, shap, pitting, diagnosis, models",1,0.002857142857142857
2014-2018,Environmental Science,0,"height, water, leaf, plant, hydraulic, trees, growth, al, plants, tree",3,0.17647058823529413
2014-2018,Environmental Science,1,"government, game, evolutionary, energy, carbon, model, enterprises, strategies, development, study",5,0.29411764705882354
2014-2018,Environmental Science,2,"fisheries, management, stocks, stock, fishing, fish, fishery, sex, economic, msy",2,0.11764705882352941
2014-2018,Environmental Science,3,"prey, size, retrieval, spatial, males, patch, beds, seabirds, pairing, females",1,0.058823529411764705
2014-2018,Environmental Science,4,"conservation, forest, harvesting, organizations, institutional, game, environmental, social, common, theory",5,0.29411764705882354
2014-2018,Environmental Science,5,"climate, geoengineering, intervention, adaptation, change, counter, solar, outcome, international, countries",1,0.058823529411764705
2014-2018,Health Professions,0,"medical, patient, game, service, care, elderly, dynamic, hospital, patients, malpractice",4,0.8
2014-2018,Health Professions,1,"safety, construction, game, supervision, evolutionary, government, behavior, workers, management, enterprises",1,0.2
2014-2018,Mathematics,0,"cells, cancer, cell, growth, tumor, tumour, evolutionary, therapies, game, models",5,0.2777777777777778
2014-2018,Mathematics,1,"game, vaccination, model, epidemic, strategy, public, disease, individuals, control, games",13,0.7222222222222222
2014-2018,Medicine,1,"game, games, equilibrium, distributed, nash, seeking, stability, based, information, time",3,0.3
2014-2018,Medicine,2,"game, model, medical, theory, evolutionary, vaccination, treatment, strategies, epidemic, disease",7,0.7
2014-2018,Neuroscience,1,"game, social, subjects, opponent, strategy, activity, sensitivity, competitive, asp, hierarchy",2,0.6666666666666666
2014-2018,Neuroscience,2,"muscle, conflict, interactions, neurons, fighting, mating, size, cuttlefish, thresholds, principle",1,0.3333333333333333
2014-2018,Physics and Astronomy,0,"quantum, game, games, classical, theory, player, entanglement, players, nash, strategies",5,0.15151515151515152
2014-2018,Physics and Astronomy,1,"energy, renewable, cellular, design, power, groups, discipline, prosumers, optimization, multiple",1,0.030303030303030304
2014-2018,Physics and Astronomy,2,"spectrum, data, evolutionary, users, iot, service, 5g, crns, game, access",2,0.06060606060606061
2014-2018,Physics and Astronomy,3,"defense, network, security, game, attack, strategy, scheffran, attacker, learning, model",6,0.18181818181818182
2014-2018,Physics and Astronomy,4,"public, opinion, evolutionary, internet, government, model, information, leaders, game, media",1,0.030303030303030304
2014-2018,Physics and Astronomy,6,"social, dynamics, opinion, agents, xlink, xmlns, w3, http, org, www",11,0.3333333333333333
2014-2018,Physics and Astronomy,7,"world, navigable, small, homophilic, meta, network, networks, agents, communities, real",2,0.06060606060606061
2014-2018,Physics and Astronomy,8,"community, detection, networks, nodes, problem, communities, clustering, approach, based, real",5,0.15151515151515152
2014-2018,Psychology,0,"choice, mate, care, mating, male, theory, evolutionary, studies, human, males",1,0.125
2014-2018,Psychology,1,"game, aggression, cooperative, video, play, bpd, games, bd, social, clinical",4,0.5
2014-2018,Psychology,3,"game, learning, learners, poker, playfulness, water, design, classroom, stripped, computer",2,0.25
2014-2018,Psychology,4,"joint, action, interaction, negotiation, model, fusion, partner, coordination, game, human",1,0.125
2014-2018,Social Sciences,0,"game, cooperation, games, evolutionary, strategies, theory, social, strategy, dynamics, evolution",177,0.7108433734939759
2014-2018,Social Sciences,1,"game, knowledge, evolutionary, government, model, sharing, traffic, strategy, based, quality",23,0.09236947791164658
2014-2018,Social Sciences,2,"war, conflict, power, international, bargaining, terrorism, terrorist, model, political, states",25,0.10040160642570281
2014-2018,Social Sciences,3,"party, policy, political, parties, electoral, voters, model, theoretic, legislative, candidates",16,0.0642570281124498
2014-2018,Social Sciences,4,"vaccination, vaccine, health, game, disease, mhealth, physicians, coverage, information, healthcare",3,0.012048192771084338
2014-2018,Social Sciences,5,"rumor, information, diffusion, privacy, social, game, model, propagation, personal, rumors",3,0.012048192771084338
2014-2018,Social Sciences,6,"households, household, family, women, wives, teachers, preferences, efficiency, husbands, sided",1,0.004016064257028112
2014-2018,Social Sciences,7,"optimal, risk, investment, insurance, reinsurance, asset, problem, company, model, stochastic",1,0.004016064257028112
2015-2019,Agricultural and Biological Sciences,0,"game, model, males, competition, strategies, theory, male, models, lewontin, evolution",14,0.6363636363636364
2015-2019,Agricultural and Biological Sciences,1,"government, game, food, agricultural, farmers, evolutionary, chain, safety, green, traceability",8,0.36363636363636365
2015-2019,Arts and Humanities,1,"mml, epistemic, based, hearer, conflict, beliefs, disagreement, justified, model, belief",1,0.5
2015-2019,Arts and Humanities,2,"games, discrete, optimal, point, solution, utility, fixed, egalitarian, theorems, game",1,0.5
2015-2019,"Biochemistry, Genetics and Molecular Biology",1,"cancer, cells, treatment, evolutionary, game, cell, tumor, stage, therapy, dynamics",2,0.13333333333333333
2015-2019,"Biochemistry, Genetics and Molecular Biology",2,"host, virulence, pathogen, model, vaccine, disease, transmission, infection, evolution, infected",4,0.26666666666666666
2015-2019,"Biochemistry, Genetics and Molecular Biology",3,"species, game, reversal, microbial, memory, communities, molecular, genes, number, theory",3,0.2
2015-2019,"Biochemistry, Genetics and Molecular Biology",4,"species, migration, population, prey, evolutionary, thermal, ifd, patch, game, predators",1,0.06666666666666667
2015-2019,"Biochemistry, Genetics and Molecular Biology",5,"bifurcation, matrix, structured, evolutionary, equilibria, theorem, models, reproductive, eco, populations",2,0.13333333333333333
2015-2019,"Biochemistry, Genetics and Molecular Biology",6,"game, evolutionary, theory, selection, sex, strategies, fitness, evolution, mml, models",3,0.2
2015-2019,"Business, Management and Accounting",0,"supply, manufacturer, channel, retailer, model, chain, game, product, price, advertising",108,0.6
2015-2019,"Business, Management and Accounting",1,"green, carbon, supply, chain, government, game, low, subsidy, environmental, emission",32,0.17777777777777778
2015-2019,"Business, Management and Accounting",2,"ppp, public, private, projects, project, government, game, design, evolutionary, supervision",15,0.08333333333333333
2015-2019,"Business, Management and Accounting",3,"innovation, knowledge, game, firms, alliances, alliance, strategic, cooperation, model, research",10,0.05555555555555555
2015-2019,"Business, Management and Accounting",4,"customers, server, queue, queueing, equilibrium, service, mml, servers, joining, patients",6,0.03333333333333333
2015-2019,"Business, Management and Accounting",5,"logistics, medical, game, allocation, emergency, government, evolutionary, service, transportation, disaster",6,0.03333333333333333
2015-2019,"Business, Management and Accounting",6,"cloud, manufacturing, platform, iot, technology, internet, enterprises, innovation, development, company",2,0.011111111111111112
2015-2019,"Business, Management and Accounting",8,"disclosure, audit, etr, reporting, etrs, integrated, sustainability, favourable, talk, cheap",1,0.005555555555555556
2015-2019,Computer Science,0,"game, users, network, proposed, networks, based, algorithm, power, equilibrium, problem",166,0.608058608058608
2015-2019,Computer Science,1,"games, game, learning, agent, mml, agents, equilibrium, theory, players, player",36,0.13186813186813187
2015-2019,Computer Science,2,"security, game, defense, model, attack, attacks, based, information, strategy, privacy",54,0.1978021978021978
2015-2019,Computer Science,3,"blockchain, supply, chain, mining, technology, enterprises, financing, financial, game, based",11,0.040293040293040296
2015-2019,Computer Science,4,"optimization, particle, swarm, method, objective, design, search, path, game, proposed",2,0.007326007326007326
2015-2019,Computer Science,5,"lt, fuzzy, gt, linguistic, preference, game, word, logic, product, argumentation",3,0.01098901098901099
2015-2019,Computer Science,6,"control, event, triggered, uav, dynamics, target, optimal, hunting, adaptive, et",1,0.003663003663003663
2015-2019,Decision Sciences,0,"games, game, equilibrium, players, equilibria, player, nash, stochastic, information, repeated",50,0.42016806722689076
2015-2019,Decision Sciences,1,"network, game, networks, users, spectrum, allocation, equilibrium, resource, service, nash",23,0.19327731092436976
2015-2019,Decision Sciences,2,"price, auctions, market, auction, advertising, model, product, pricing, prices, seller",10,0.08403361344537816
2015-2019,Decision Sciences,3,"game, theory, theoretic, models, cooperative, economic, games, strategy, business, strategic",7,0.058823529411764705
2015-2019,Decision Sciences,4,"fuzzy, decision, dea, cooperative, value, game, linguistic, making, shapley, proposed",14,0.11764705882352941
2015-2019,Decision Sciences,5,"carbon, evolutionary, enterprises, government, game, energy, electricity, market, power, reduction",5,0.04201680672268908
2015-2019,Decision Sciences,6,"innovation, technology, collaborative, diffusion, evolutionary, adoption, government, competitive, game, firms",6,0.05042016806722689
2015-2019,Decision Sciences,7,"construction, projects, contractors, project, model, evolutionary, developers, development, epc, government",3,0.025210084033613446
2015-2019,Decision Sciences,8,"insurance, risk, underwriting, cost, community, institutions, method, sharing, allocation, cooperative",1,0.008403361344537815
2015-2019,"Economics, Econometrics and Finance",0,"market, game, firms, theory, equilibrium, model, price, markets, firm, information",37,0.29365079365079366
2015-2019,"Economics, Econometrics and Finance",1,"stochastic, games, equilibrium, time, mml, game, equilibria, mean, nash, optimal",33,0.2619047619047619
2015-2019,"Economics, Econometrics and Finance",2,"carbon, government, enterprises, environmental, pollution, game, innovation, evolutionary, emission, local",22,0.1746031746031746
2015-2019,"Economics, Econometrics and Finance",3,"games, cooperative, mml, core, value, fuzzy, coalition, game, shapley, players",14,0.1111111111111111
2015-2019,"Economics, Econometrics and Finance",4,"sanctions, trade, policy, political, international, economic, countries, model, target, game",6,0.047619047619047616
2015-2019,"Economics, Econometrics and Finance",5,"coalition, coalitions, power, court, voting, legislative, chambers, political, model, informational",3,0.023809523809523808
2015-2019,"Economics, Econometrics and Finance",6,"football, sports, team, game, leagues, players, league, clubs, play, soccer",3,0.023809523809523808
2015-2019,"Economics, Econometrics and Finance",7,"options, strategic, real, value, framework, high, capacity, theory, infrastructure, design",6,0.047619047619047616
2015-2019,"Economics, Econometrics and Finance",8,"hospitals, patients, medical, hospital, treatment, care, pharmaceutical, health, patient, profit",2,0.015873015873015872
2015-2019,Energy,0,"gas, model, eu, policy, russia, pg, european, natural, models, decision",1,0.16666666666666666
2015-2019,Energy,1,"energy, carbon, supply, low, fuel, chain, game, pricing, efficiency, consumers",3,0.5
2015-2019,Energy,2,"carbon, evolutionary, government, game, subsidy, consumers, tax, market, green, manufacturers",2,0.3333333333333333
2015-2019,Engineering,0,"game, power, networks, network, allocation, interference, proposed, problem, based, algorithm",167,0.4217171717171717
2015-2019,Engineering,1,"energy, power, game, market, electricity, proposed, demand, based, model, charging",102,0.25757575757575757
2015-2019,Engineering,2,"vehicles, vehicle, game, driver, control, traffic, lane, driving, based, model",30,0.07575757575757576
2015-2019,Engineering,3,"game, control, differential, time, games, guidance, pursuit, target, optimal, nash",13,0.03282828282828283
2015-2019,Engineering,4,"attack, security, attacks, attacker, game, defender, defense, cyber, systems, model",40,0.10101010101010101
2015-2019,Engineering,5,"government, construction, water, green, evolutionary, development, game, carbon, building, enterprises",19,0.047979797979797977
2015-2019,Engineering,6,"port, shipping, manufacturing, game, container, production, ports, model, scheduling, decision",18,0.045454545454545456
2015-2019,Engineering,7,"emergency, evacuation, pedestrians, game, government, model, evolutionary, crowd, exit, pedestrian",6,0.015151515151515152
2015-2019,Engineering,8,"soil, nuclear, model, stratification, geotechnical, corrosion, shap, pitting, diagnosis, models",1,0.0025252525252525255
2015-2019,Environmental Science,0,"height, water, leaf, plant, hydraulic, trees, growth, al, plants, tree",2,0.11764705882352941
2015-2019,Environmental Science,1,"government, game, evolutionary, energy, carbon, model, enterprises, strategies, development, study",4,0.23529411764705882
2015-2019,Environmental Science,2,"fisheries, management, stocks, stock, fishing, fish, fishery, sex, economic, msy",2,0.11764705882352941
2015-2019,Environmental Science,3,"prey, size, retrieval, spatial, males, patch, beds, seabirds, pairing, females",2,0.11764705882352941
2015-2019,Environmental Science,4,"conservation, forest, harvesting, organizations, institutional, game, environmental, social, common, theory",5,0.29411764705882354
2015-2019,Environmental Science,5,"climate, geoengineering, intervention, adaptation, change, counter, solar, outcome, international, countries",2,0.11764705882352941
2015-2019,Health Professions,0,"medical, patient, game, service, care, elderly, dynamic, hospital, patients, malpractice",4,0.6666666666666666
2015-2019,Health Professions,1,"safety, construction, game, supervision, evolutionary, government, behavior, workers, management, enterprises",2,0.3333333333333333
2015-2019,Mathematics,0,"cells, cancer, cell, growth, tumor, tumour, evolutionary, therapies, game, models",5,0.29411764705882354
2015-2019,Mathematics,1,"game, vaccination, model, epidemic, strategy, public, disease, individuals, control, games",12,0.7058823529411765
2015-2019,Medicine,1,"game, games, equilibrium, distributed, nash, seeking, stability, based, information, time",5,0.45454545454545453
2015-2019,Medicine,2,"game, model, medical, theory, evolutionary, vaccination, treatment, strategies, epidemic, disease",6,0.5454545454545454
2015-2019,Neuroscience,1,"game, social, subjects, opponent, strategy, activity, sensitivity, competitive, asp, hierarchy",3,0.6
2015-2019,Neuroscience,2,"muscle, conflict, interactions, neurons, fighting, mating, size, cuttlefish, thresholds, principle",2,0.4
2015-2019,Physics and Astronomy,0,"quantum, game, games, classical, theory, player, entanglement, players, nash, strategies",4,0.10526315789473684
2015-2019,Physics and Astronomy,1,"energy, renewable, cellular, design, power, groups, discipline, prosumers, optimization, multiple",3,0.07894736842105263
2015-2019,Physics and Astronomy,2,"spectrum, data, evolutionary, users, iot, service, 5g, crns, game, access",2,0.05263157894736842
2015-2019,Physics and Astronomy,3,"defense, network, security, game, attack, strategy, scheffran, attacker, learning, model",7,0.18421052631578946
2015-2019,Physics and Astronomy,4,"public, opinion, evolutionary, internet, government, model, information, leaders, game, media",1,0.02631578947368421
2015-2019,Physics and Astronomy,6,"social, dynamics, opinion, agents, xlink, xmlns, w3, http, org, www",13,0.34210526315789475
2015-2019,Physics and Astronomy,7,"world, navigable, small, homophilic, meta, network, networks, agents, communities, real",3,0.07894736842105263
2015-2019,Physics and Astronomy,8,"community, detection, networks, nodes, problem, communities, clustering, approach, based, real",5,0.13157894736842105
2015-2019,Psychology,0,"choice, mate, care, mating, male, theory, evolutionary, studies, human, males",2,0.25
2015-2019,Psychology,1,"game, aggression, cooperative, video, play, bpd, games, bd, social, clinical",3,0.375
2015-2019,Psychology,3,"game, learning, learners, poker, playfulness, water, design, classroom, stripped, computer",2,0.25
2015-2019,Psychology,4,"joint, action, interaction, negotiation, model, fusion, partner, coordination, game, human",1,0.125
2015-2019,Social Sciences,0,"game, cooperation, games, evolutionary, strategies, theory, social, strategy, dynamics, evolution",170,0.7264957264957265
2015-2019,Social Sciences,1,"game, knowledge, evolutionary, government, model, sharing, traffic, strategy, based, quality",24,0.10256410256410256
2015-2019,Social Sciences,2,"war, conflict, power, international, bargaining, terrorism, terrorist, model, political, states",17,0.07264957264957266
2015-2019,Social Sciences,3,"party, policy, political, parties, electoral, voters, model, theoretic, legislative, candidates",11,0.04700854700854701
2015-2019,Social Sciences,4,"vaccination, vaccine, health, game, disease, mhealth, physicians, coverage, information, healthcare",3,0.01282051282051282
2015-2019,Social Sciences,5,"rumor, information, diffusion, privacy, social, game, model, propagation, personal, rumors",5,0.021367521367521368
2015-2019,Social Sciences,6,"households, household, family, women, wives, teachers, preferences, efficiency, husbands, sided",1,0.004273504273504274
2015-2019,Social Sciences,7,"optimal, risk, investment, insurance, reinsurance, asset, problem, company, model, stochastic",3,0.01282051282051282
2016-2020,Agricultural and Biological Sciences,0,"game, model, males, competition, strategies, theory, male, models, lewontin, evolution",12,0.5714285714285714
2016-2020,Agricultural and Biological Sciences,1,"government, game, food, agricultural, farmers, evolutionary, chain, safety, green, traceability",9,0.42857142857142855
2016-2020,Arts and Humanities,0,"game, cultural, theory, resource, data, research, peirce, np, big, subjective",1,0.2
2016-2020,Arts and Humanities,1,"mml, epistemic, based, hearer, conflict, beliefs, disagreement, justified, model, belief",3,0.6
2016-2020,Arts and Humanities,2,"games, discrete, optimal, point, solution, utility, fixed, egalitarian, theorems, game",1,0.2
2016-2020,"Biochemistry, Genetics and Molecular Biology",1,"cancer, cells, treatment, evolutionary, game, cell, tumor, stage, therapy, dynamics",1,0.058823529411764705
2016-2020,"Biochemistry, Genetics and Molecular Biology",2,"host, virulence, pathogen, model, vaccine, disease, transmission, infection, evolution, infected",5,0.29411764705882354
2016-2020,"Biochemistry, Genetics and Molecular Biology",3,"species, game, reversal, microbial, memory, communities, molecular, genes, number, theory",6,0.35294117647058826
2016-2020,"Biochemistry, Genetics and Molecular Biology",5,"bifurcation, matrix, structured, evolutionary, equilibria, theorem, models, reproductive, eco, populations",3,0.17647058823529413
2016-2020,"Biochemistry, Genetics and Molecular Biology",6,"game, evolutionary, theory, selection, sex, strategies, fitness, evolution, mml, models",2,0.11764705882352941
2016-2020,"Business, Management and Accounting",0,"supply, manufacturer, channel, retailer, model, chain, game, product, price, advertising",135,0.5672268907563025
2016-2020,"Business, Management and Accounting",1,"green, carbon, supply, chain, government, game, low, subsidy, environmental, emission",57,0.23949579831932774
2016-2020,"Business, Management and Accounting",2,"ppp, public, private, projects, project, government, game, design, evolutionary, supervision",18,0.07563025210084033
2016-2020,"Business, Management and Accounting",3,"innovation, knowledge, game, firms, alliances, alliance, strategic, cooperation, model, research",6,0.025210084033613446
2016-2020,"Business, Management and Accounting",4,"customers, server, queue, queueing, equilibrium, service, mml, servers, joining, patients",7,0.029411764705882353
2016-2020,"Business, Management and Accounting",5,"logistics, medical, game, allocation, emergency, government, evolutionary, service, transportation, disaster",12,0.05042016806722689
2016-2020,"Business, Management and Accounting",6,"cloud, manufacturing, platform, iot, technology, internet, enterprises, innovation, development, company",2,0.008403361344537815
2016-2020,"Business, Management and Accounting",8,"disclosure, audit, etr, reporting, etrs, integrated, sustainability, favourable, talk, cheap",1,0.004201680672268907
2016-2020,Computer Science,0,"game, users, network, proposed, networks, based, algorithm, power, equilibrium, problem",178,0.5650793650793651
2016-2020,Computer Science,1,"games, game, learning, agent, mml, agents, equilibrium, theory, players, player",45,0.14285714285714285
2016-2020,Computer Science,2,"security, game, defense, model, attack, attacks, based, information, strategy, privacy",67,0.2126984126984127
2016-2020,Computer Science,3,"blockchain, supply, chain, mining, technology, enterprises, financing, financial, game, based",15,0.047619047619047616
2016-2020,Computer Science,4,"optimization, particle, swarm, method, objective, design, search, path, game, proposed",6,0.01904761904761905
2016-2020,Computer Science,5,"lt, fuzzy, gt, linguistic, preference, game, word, logic, product, argumentation",3,0.009523809523809525
2016-2020,Computer Science,6,"control, event, triggered, uav, dynamics, target, optimal, hunting, adaptive, et",1,0.0031746031746031746
2016-2020,Decision Sciences,0,"games, game, equilibrium, players, equilibria, player, nash, stochastic, information, repeated",53,0.4274193548387097
2016-2020,Decision Sciences,1,"network, game, networks, users, spectrum, allocation, equilibrium, resource, service, nash",21,0.1693548387096774
2016-2020,Decision Sciences,2,"price, auctions, market, auction, advertising, model, product, pricing, prices, seller",10,0.08064516129032258
2016-2020,Decision Sciences,3,"game, theory, theoretic, models, cooperative, economic, games, strategy, business, strategic",8,0.06451612903225806
2016-2020,Decision Sciences,4,"fuzzy, decision, dea, cooperative, value, game, linguistic, making, shapley, proposed",12,0.0967741935483871
2016-2020,Decision Sciences,5,"carbon, evolutionary, enterprises, government, game, energy, electricity, market, power, reduction",8,0.06451612903225806
2016-2020,Decision Sciences,6,"innovation, technology, collaborative, diffusion, evolutionary, adoption, government, competitive, game, firms",6,0.04838709677419355
2016-2020,Decision Sciences,7,"construction, projects, contractors, project, model, evolutionary, developers, development, epc, government",5,0.04032258064516129
2016-2020,Decision Sciences,8,"insurance, risk, underwriting, cost, community, institutions, method, sharing, allocation, cooperative",1,0.008064516129032258
2016-2020,"Economics, Econometrics and Finance",0,"market, game, firms, theory, equilibrium, model, price, markets, firm, information",29,0.23015873015873015
2016-2020,"Economics, Econometrics and Finance",1,"stochastic, games, equilibrium, time, mml, game, equilibria, mean, nash, optimal",34,0.2698412698412698
2016-2020,"Economics, Econometrics and Finance",2,"carbon, government, enterprises, environmental, pollution, game, innovation, evolutionary, emission, local",34,0.2698412698412698
2016-2020,"Economics, Econometrics and Finance",3,"games, cooperative, mml, core, value, fuzzy, coalition, game, shapley, players",16,0.12698412698412698
2016-2020,"Economics, Econometrics and Finance",4,"sanctions, trade, policy, political, international, economic, countries, model, target, game",1,0.007936507936507936
2016-2020,"Economics, Econometrics and Finance",5,"coalition, coalitions, power, court, voting, legislative, chambers, political, model, informational",2,0.015873015873015872
2016-2020,"Economics, Econometrics and Finance",6,"football, sports, team, game, leagues, players, league, clubs, play, soccer",1,0.007936507936507936
2016-2020,"Economics, Econometrics and Finance",7,"options, strategic, real, value, framework, high, capacity, theory, infrastructure, design",6,0.047619047619047616
2016-2020,"Economics, Econometrics and Finance",8,"hospitals, patients, medical, hospital, treatment, care, pharmaceutical, health, patient, profit",3,0.023809523809523808
2016-2020,Energy,0,"gas, model, eu, policy, russia, pg, european, natural, models, decision",2,0.2222222222222222
2016-2020,Energy,1,"energy, carbon, supply, low, fuel, chain, game, pricing, efficiency, consumers",4,0.4444444444444444
2016-2020,Energy,2,"carbon, evolutionary, government, game, subsidy, consumers, tax, market, green, manufacturers",3,0.3333333333333333
2016-2020,Engineering,0,"game, power, networks, network, allocation, interference, proposed, problem, based, algorithm",159,0.35650224215246634
2016-2020,Engineering,1,"energy, power, game, market, electricity, proposed, demand, based, model, charging",121,0.2713004484304933
2016-2020,Engineering,2,"vehicles, vehicle, game, driver, control, traffic, lane, driving, based, model",48,0.10762331838565023
2016-2020,Engineering,3,"game, control, differential, time, games, guidance, pursuit, target, optimal, nash",18,0.04035874439461883
2016-2020,Engineering,4,"attack, security, attacks, attacker, game, defender, defense, cyber, systems, model",46,0.1031390134529148
2016-2020,Engineering,5,"government, construction, water, green, evolutionary, development, game, carbon, building, enterprises",27,0.06053811659192825
2016-2020,Engineering,6,"port, shipping, manufacturing, game, container, production, ports, model, scheduling, decision",20,0.04484304932735426
2016-2020,Engineering,7,"emergency, evacuation, pedestrians, game, government, model, evolutionary, crowd, exit, pedestrian",6,0.013452914798206279
2016-2020,Engineering,8,"soil, nuclear, model, stratification, geotechnical, corrosion, shap, pitting, diagnosis, models",1,0.002242152466367713
2016-2020,Environmental Science,0,"height, water, leaf, plant, hydraulic, trees, growth, al, plants, tree",1,0.037037037037037035
2016-2020,Environmental Science,1,"government, game, evolutionary, energy, carbon, model, enterprises, strategies, development, study",14,0.5185185185185185
2016-2020,Environmental Science,2,"fisheries, management, stocks, stock, fishing, fish, fishery, sex, economic, msy",3,0.1111111111111111
2016-2020,Environmental Science,3,"prey, size, retrieval, spatial, males, patch, beds, seabirds, pairing, females",1,0.037037037037037035
2016-2020,Environmental Science,4,"conservation, forest, harvesting, organizations, institutional, game, environmental, social, common, theory",5,0.18518518518518517
2016-2020,Environmental Science,5,"climate, geoengineering, intervention, adaptation, change, counter, solar, outcome, international, countries",3,0.1111111111111111
2016-2020,Health Professions,0,"medical, patient, game, service, care, elderly, dynamic, hospital, patients, malpractice",3,0.5
2016-2020,Health Professions,1,"safety, construction, game, supervision, evolutionary, government, behavior, workers, management, enterprises",3,0.5
2016-2020,Mathematics,0,"cells, cancer, cell, growth, tumor, tumour, evolutionary, therapies, game, models",6,0.25
2016-2020,Mathematics,1,"game, vaccination, model, epidemic, strategy, public, disease, individuals, control, games",18,0.75
2016-2020,Medicine,0,"prey, habitat, predator, food, model, predators, dormitive, foraging, active, game",1,0.06666666666666667
2016-2020,Medicine,1,"game, games, equilibrium, distributed, nash, seeking, stability, based, information, time",7,0.4666666666666667
2016-2020,Medicine,2,"game, model, medical, theory, evolutionary, vaccination, treatment, strategies, epidemic, disease",7,0.4666666666666667
2016-2020,Neuroscience,1,"game, social, subjects, opponent, strategy, activity, sensitivity, competitive, asp, hierarchy",2,1
2016-2020,Physics and Astronomy,0,"quantum, game, games, classical, theory, player, entanglement, players, nash, strategies",6,0.11538461538461539
2016-2020,Physics and Astronomy,1,"energy, renewable, cellular, design, power, groups, discipline, prosumers, optimization, multiple",3,0.057692307692307696
2016-2020,Physics and Astronomy,2,"spectrum, data, evolutionary, users, iot, service, 5g, crns, game, access",4,0.07692307692307693
2016-2020,Physics and Astronomy,3,"defense, network, security, game, attack, strategy, scheffran, attacker, learning, model",10,0.19230769230769232
2016-2020,Physics and Astronomy,4,"public, opinion, evolutionary, internet, government, model, information, leaders, game, media",2,0.038461538461538464
2016-2020,Physics and Astronomy,5,"seti, search, extraterrestrial, mutual, frequencies, frequency, planck, messaging, meti, intelligence",2,0.038461538461538464
2016-2020,Physics and Astronomy,6,"social, dynamics, opinion, agents, xlink, xmlns, w3, http, org, www",18,0.34615384615384615
2016-2020,Physics and Astronomy,7,"world, navigable, small, homophilic, meta, network, networks, agents, communities, real",2,0.038461538461538464
2016-2020,Physics and Astronomy,8,"community, detection, networks, nodes, problem, communities, clustering, approach, based, real",5,0.09615384615384616
2016-2020,Psychology,0,"choice, mate, care, mating, male, theory, evolutionary, studies, human, males",2,0.3333333333333333
2016-2020,Psychology,1,"game, aggression, cooperative, video, play, bpd, games, bd, social, clinical",1,0.16666666666666666
2016-2020,Psychology,3,"game, learning, learners, poker, playfulness, water, design, classroom, stripped, computer",2,0.3333333333333333
2016-2020,Psychology,4,"joint, action, interaction, negotiation, model, fusion, partner, coordination, game, human",1,0.16666666666666666
2016-2020,Social Sciences,0,"game, cooperation, games, evolutionary, strategies, theory, social, strategy, dynamics, evolution",157,0.6434426229508197
2016-2020,Social Sciences,1,"game, knowledge, evolutionary, government, model, sharing, traffic, strategy, based, quality",39,0.1598360655737705
2016-2020,Social Sciences,2,"war, conflict, power, international, bargaining, terrorism, terrorist, model, political, states",20,0.08196721311475409
2016-2020,Social Sciences,3,"party, policy, political, parties, electoral, voters, model, theoretic, legislative, candidates",13,0.05327868852459016
2016-2020,Social Sciences,4,"vaccination, vaccine, health, game, disease, mhealth, physicians, coverage, information, healthcare",4,0.01639344262295082
2016-2020,Social Sciences,5,"rumor, information, diffusion, privacy, social, game, model, propagation, personal, rumors",7,0.028688524590163935
2016-2020,Social Sciences,7,"optimal, risk, investment, insurance, reinsurance, asset, problem, company, model, stochastic",4,0.01639344262295082
2017-2021,Agricultural and Biological Sciences,0,"game, model, males, competition, strategies, theory, male, models, lewontin, evolution",9,0.4090909090909091
2017-2021,Agricultural and Biological Sciences,1,"government, game, food, agricultural, farmers, evolutionary, chain, safety, green, traceability",13,0.5909090909090909
2017-2021,Arts and Humanities,0,"game, cultural, theory, resource, data, research, peirce, np, big, subjective",1,0.16666666666666666
2017-2021,Arts and Humanities,1,"mml, epistemic, based, hearer, conflict, beliefs, disagreement, justified, model, belief",2,0.3333333333333333
2017-2021,Arts and Humanities,2,"games, discrete, optimal, point, solution, utility, fixed, egalitarian, theorems, game",3,0.5
2017-2021,"Biochemistry, Genetics and Molecular Biology",1,"cancer, cells, treatment, evolutionary, game, cell, tumor, stage, therapy, dynamics",3,0.16666666666666666
2017-2021,"Biochemistry, Genetics and Molecular Biology",2,"host, virulence, pathogen, model, vaccine, disease, transmission, infection, evolution, infected",4,0.2222222222222222
2017-2021,"Biochemistry, Genetics and Molecular Biology",3,"species, game, reversal, microbial, memory, communities, molecular, genes, number, theory",6,0.3333333333333333
2017-2021,"Biochemistry, Genetics and Molecular Biology",5,"bifurcation, matrix, structured, evolutionary, equilibria, theorem, models, reproductive, eco, populations",3,0.16666666666666666
2017-2021,"Biochemistry, Genetics and Molecular Biology",6,"game, evolutionary, theory, selection, sex, strategies, fitness, evolution, mml, models",2,0.1111111111111111
2017-2021,"Business, Management and Accounting",0,"supply, manufacturer, channel, retailer, model, chain, game, product, price, advertising",173,0.5323076923076923
2017-2021,"Business, Management and Accounting",1,"green, carbon, supply, chain, government, game, low, subsidy, environmental, emission",88,0.27076923076923076
2017-2021,"Business, Management and Accounting",2,"ppp, public, private, projects, project, government, game, design, evolutionary, supervision",20,0.06153846153846154
2017-2021,"Business, Management and Accounting",3,"innovation, knowledge, game, firms, alliances, alliance, strategic, cooperation, model, research",14,0.043076923076923075
2017-2021,"Business, Management and Accounting",4,"customers, server, queue, queueing, equilibrium, service, mml, servers, joining, patients",10,0.03076923076923077
2017-2021,"Business, Management and Accounting",5,"logistics, medical, game, allocation, emergency, government, evolutionary, service, transportation, disaster",15,0.046153846153846156
2017-2021,"Business, Management and Accounting",6,"cloud, manufacturing, platform, iot, technology, internet, enterprises, innovation, development, company",3,0.009230769230769232
2017-2021,"Business, Management and Accounting",8,"disclosure, audit, etr, reporting, etrs, integrated, sustainability, favourable, talk, cheap",2,0.006153846153846154
2017-2021,Computer Science,0,"game, users, network, proposed, networks, based, algorithm, power, equilibrium, problem",188,0.5386819484240688
2017-2021,Computer Science,1,"games, game, learning, agent, mml, agents, equilibrium, theory, players, player",56,0.16045845272206305
2017-2021,Computer Science,2,"security, game, defense, model, attack, attacks, based, information, strategy, privacy",76,0.2177650429799427
2017-2021,Computer Science,3,"blockchain, supply, chain, mining, technology, enterprises, financing, financial, game, based",20,0.05730659025787966
2017-2021,Computer Science,4,"optimization, particle, swarm, method, objective, design, search, path, game, proposed",7,0.02005730659025788
2017-2021,Computer Science,5,"lt, fuzzy, gt, linguistic, preference, game, word, logic, product, argumentation",1,0.0028653295128939827
2017-2021,Computer Science,6,"control, event, triggered, uav, dynamics, target, optimal, hunting, adaptive, et",1,0.0028653295128939827
2017-2021,Decision Sciences,0,"games, game, equilibrium, players, equilibria, player, nash, stochastic, information, repeated",48,0.36923076923076925
2017-2021,Decision Sciences,1,"network, game, networks, users, spectrum, allocation, equilibrium, resource, service, nash",20,0.15384615384615385
2017-2021,Decision Sciences,2,"price, auctions, market, auction, advertising, model, product, pricing, prices, seller",7,0.05384615384615385
2017-2021,Decision Sciences,3,"game, theory, theoretic, models, cooperative, economic, games, strategy, business, strategic",5,0.038461538461538464
2017-2021,Decision Sciences,4,"fuzzy, decision, dea, cooperative, value, game, linguistic, making, shapley, proposed",17,0.13076923076923078
2017-2021,Decision Sciences,5,"carbon, evolutionary, enterprises, government, game, energy, electricity, market, power, reduction",13,0.1
2017-2021,Decision Sciences,6,"innovation, technology, collaborative, diffusion, evolutionary, adoption, government, competitive, game, firms",10,0.07692307692307693
2017-2021,Decision Sciences,7,"construction, projects, contractors, project, model, evolutionary, developers, development, epc, government",9,0.06923076923076923
2017-2021,Decision Sciences,8,"insurance, risk, underwriting, cost, community, institutions, method, sharing, allocation, cooperative",1,0.007692307692307693
2017-2021,"Economics, Econometrics and Finance",0,"market, game, firms, theory, equilibrium, model, price, markets, firm, information",32,0.21333333333333335
2017-2021,"Economics, Econometrics and Finance",1,"stochastic, games, equilibrium, time, mml, game, equilibria, mean, nash, optimal",39,0.26
2017-2021,"Economics, Econometrics and Finance",2,"carbon, government, enterprises, environmental, pollution, game, innovation, evolutionary, emission, local",43,0.2866666666666667
2017-2021,"Economics, Econometrics and Finance",3,"games, cooperative, mml, core, value, fuzzy, coalition, game, shapley, players",24,0.16
2017-2021,"Economics, Econometrics and Finance",4,"sanctions, trade, policy, political, international, economic, countries, model, target, game",3,0.02
2017-2021,"Economics, Econometrics and Finance",5,"coalition, coalitions, power, court, voting, legislative, chambers, political, model, informational",2,0.013333333333333334
2017-2021,"Economics, Econometrics and Finance",6,"football, sports, team, game, leagues, players, league, clubs, play, soccer",1,0.006666666666666667
2017-2021,"Economics, Econometrics and Finance",7,"options, strategic, real, value, framework, high, capacity, theory, infrastructure, design",3,0.02
2017-2021,"Economics, Econometrics and Finance",8,"hospitals, patients, medical, hospital, treatment, care, pharmaceutical, health, patient, profit",3,0.02
2017-2021,Energy,0,"gas, model, eu, policy, russia, pg, european, natural, models, decision",2,0.2222222222222222
2017-2021,Energy,1,"energy, carbon, supply, low, fuel, chain, game, pricing, efficiency, consumers",3,0.3333333333333333
2017-2021,Energy,2,"carbon, evolutionary, government, game, subsidy, consumers, tax, market, green, manufacturers",4,0.4444444444444444
2017-2021,Engineering,0,"game, power, networks, network, allocation, interference, proposed, problem, based, algorithm",161,0.32790224032586557
2017-2021,Engineering,1,"energy, power, game, market, electricity, proposed, demand, based, model, charging",139,0.2830957230142566
2017-2021,Engineering,2,"vehicles, vehicle, game, driver, control, traffic, lane, driving, based, model",62,0.12627291242362526
2017-2021,Engineering,3,"game, control, differential, time, games, guidance, pursuit, target, optimal, nash",22,0.04480651731160896
2017-2021,Engineering,4,"attack, security, attacks, attacker, game, defender, defense, cyber, systems, model",45,0.09164969450101833
2017-2021,Engineering,5,"government, construction, water, green, evolutionary, development, game, carbon, building, enterprises",33,0.06720977596741344
2017-2021,Engineering,6,"port, shipping, manufacturing, game, container, production, ports, model, scheduling, decision",19,0.038696537678207736
2017-2021,Engineering,7,"emergency, evacuation, pedestrians, game, government, model, evolutionary, crowd, exit, pedestrian",9,0.018329938900203666
2017-2021,Engineering,8,"soil, nuclear, model, stratification, geotechnical, corrosion, shap, pitting, diagnosis, models",1,0.002036659877800407
2017-2021,Environmental Science,1,"government, game, evolutionary, energy, carbon, model, enterprises, strategies, development, study",17,0.6071428571428571
2017-2021,Environmental Science,2,"fisheries, management, stocks, stock, fishing, fish, fishery, sex, economic, msy",1,0.03571428571428571
2017-2021,Environmental Science,3,"prey, size, retrieval, spatial, males, patch, beds, seabirds, pairing, females",1,0.03571428571428571
2017-2021,Environmental Science,4,"conservation, forest, harvesting, organizations, institutional, game, environmental, social, common, theory",7,0.25
2017-2021,Environmental Science,5,"climate, geoengineering, intervention, adaptation, change, counter, solar, outcome, international, countries",2,0.07142857142857142
2017-2021,Health Professions,0,"medical, patient, game, service, care, elderly, dynamic, hospital, patients, malpractice",3,0.3
2017-2021,Health Professions,1,"safety, construction, game, supervision, evolutionary, government, behavior, workers, management, enterprises",7,0.7
2017-2021,Mathematics,0,"cells, cancer, cell, growth, tumor, tumour, evolutionary, therapies, game, models",10,0.2702702702702703
2017-2021,Mathematics,1,"game, vaccination, model, epidemic, strategy, public, disease, individuals, control, games",27,0.7297297297297297
2017-2021,Medicine,0,"prey, habitat, predator, food, model, predators, dormitive, foraging, active, game",2,0.11764705882352941
2017-2021,Medicine,1,"game, games, equilibrium, distributed, nash, seeking, stability, based, information, time",9,0.5294117647058824
2017-2021,Medicine,2,"game, model, medical, theory, evolutionary, vaccination, treatment, strategies, epidemic, disease",6,0.35294117647058826
2017-2021,Neuroscience,1,"game, social, subjects, opponent, strategy, activity, sensitivity, competitive, asp, hierarchy",1,1
2017-2021,Physics and Astronomy,0,"quantum, game, games, classical, theory, player, entanglement, players, nash, strategies",8,0.13793103448275862
2017-2021,Physics and Astronomy,1,"energy, renewable, cellular, design, power, groups, discipline, prosumers, optimization, multiple",3,0.05172413793103448
2017-2021,Physics and Astronomy,2,"spectrum, data, evolutionary, users, iot, service, 5g, crns, game, access",3,0.05172413793103448
2017-2021,Physics and Astronomy,3,"defense, network, security, game, attack, strategy, scheffran, attacker, learning, model",9,0.15517241379310345
2017-2021,Physics and Astronomy,4,"public, opinion, evolutionary, internet, government, model, information, leaders, game, media",5,0.08620689655172414
2017-2021,Physics and Astronomy,5,"seti, search, extraterrestrial, mutual, frequencies, frequency, planck, messaging, meti, intelligence",2,0.034482758620689655
2017-2021,Physics and Astronomy,6,"social, dynamics, opinion, agents, xlink, xmlns, w3, http, org, www",22,0.3793103448275862
2017-2021,Physics and Astronomy,7,"world, navigable, small, homophilic, meta, network, networks, agents, communities, real",1,0.017241379310344827
2017-2021,Physics and Astronomy,8,"community, detection, networks, nodes, problem, communities, clustering, approach, based, real",5,0.08620689655172414
2017-2021,Psychology,0,"choice, mate, care, mating, male, theory, evolutionary, studies, human, males",3,0.375
2017-2021,Psychology,1,"game, aggression, cooperative, video, play, bpd, games, bd, social, clinical",1,0.125
2017-2021,Psychology,2,"medical, mechanism, integration, evolutionary, game, vertical, results, multi, ehrs, ohp",1,0.125
2017-2021,Psychology,3,"game, learning, learners, poker, playfulness, water, design, classroom, stripped, computer",2,0.25
2017-2021,Psychology,4,"joint, action, interaction, negotiation, model, fusion, partner, coordination, game, human",1,0.125
2017-2021,Social Sciences,0,"game, cooperation, games, evolutionary, strategies, theory, social, strategy, dynamics, evolution",155,0.5984555984555985
2017-2021,Social Sciences,1,"game, knowledge, evolutionary, government, model, sharing, traffic, strategy, based, quality",56,0.21621621621621623
2017-2021,Social Sciences,2,"war, conflict, power, international, bargaining, terrorism, terrorist, model, political, states",22,0.08494208494208494
2017-2021,Social Sciences,3,"party, policy, political, parties, electoral, voters, model, theoretic, legislative, candidates",10,0.03861003861003861
2017-2021,Social Sciences,4,"vaccination, vaccine, health, game, disease, mhealth, physicians, coverage, information, healthcare",3,0.011583011583011582
2017-2021,Social Sciences,5,"rumor, information, diffusion, privacy, social, game, model, propagation, personal, rumors",8,0.03088803088803089
2017-2021,Social Sciences,7,"optimal, risk, investment, insurance, reinsurance, asset, problem, company, model, stochastic",5,0.019305019305019305
2018-2022,Agricultural and Biological Sciences,0,"game, model, males, competition, strategies, theory, male, models, lewontin, evolution",7,0.2916666666666667
2018-2022,Agricultural and Biological Sciences,1,"government, game, food, agricultural, farmers, evolutionary, chain, safety, green, traceability",17,0.7083333333333334
2018-2022,Arts and Humanities,0,"game, cultural, theory, resource, data, research, peirce, np, big, subjective",1,0.16666666666666666
2018-2022,Arts and Humanities,1,"mml, epistemic, based, hearer, conflict, beliefs, disagreement, justified, model, belief",2,0.3333333333333333
2018-2022,Arts and Humanities,2,"games, discrete, optimal, point, solution, utility, fixed, egalitarian, theorems, game",3,0.5
2018-2022,"Biochemistry, Genetics and Molecular Biology",1,"cancer, cells, treatment, evolutionary, game, cell, tumor, stage, therapy, dynamics",4,0.2222222222222222
2018-2022,"Biochemistry, Genetics and Molecular Biology",2,"host, virulence, pathogen, model, vaccine, disease, transmission, infection, evolution, infected",3,0.16666666666666666
2018-2022,"Biochemistry, Genetics and Molecular Biology",3,"species, game, reversal, microbial, memory, communities, molecular, genes, number, theory",7,0.3888888888888889
2018-2022,"Biochemistry, Genetics and Molecular Biology",5,"bifurcation, matrix, structured, evolutionary, equilibria, theorem, models, reproductive, eco, populations",2,0.1111111111111111
2018-2022,"Biochemistry, Genetics and Molecular Biology",6,"game, evolutionary, theory, selection, sex, strategies, fitness, evolution, mml, models",2,0.1111111111111111
2018-2022,"Business, Management and Accounting",0,"supply, manufacturer, channel, retailer, model, chain, game, product, price, advertising",210,0.5023923444976076
2018-2022,"Business, Management and Accounting",1,"green, carbon, supply, chain, government, game, low, subsidy, environmental, emission",132,0.3157894736842105
2018-2022,"Business, Management and Accounting",2,"ppp, public, private, projects, project, government, game, design, evolutionary, supervision",23,0.05502392344497608
2018-2022,"Business, Management and Accounting",3,"innovation, knowledge, game, firms, alliances, alliance, strategic, cooperation, model, research",17,0.04066985645933014
2018-2022,"Business, Management and Accounting",4,"customers, server, queue, queueing, equilibrium, service, mml, servers, joining, patients",9,0.0215311004784689
2018-2022,"Business, Management and Accounting",5,"logistics, medical, game, allocation, emergency, government, evolutionary, service, transportation, disaster",18,0.0430622009569378
2018-2022,"Business, Management and Accounting",6,"cloud, manufacturing, platform, iot, technology, internet, enterprises, innovation, development, company",5,0.011961722488038277
2018-2022,"Business, Management and Accounting",7,"bankruptcy, debt, creditors, reorganization, restructuring, equity, liquidation, division, government, asset",2,0.004784688995215311
2018-2022,"Business, Management and Accounting",8,"disclosure, audit, etr, reporting, etrs, integrated, sustainability, favourable, talk, cheap",2,0.004784688995215311
2018-2022,Computer Science,0,"game, users, network, proposed, networks, based, algorithm, power, equilibrium, problem",191,0.4910025706940874
2018-2022,Computer Science,1,"games, game, learning, agent, mml, agents, equilibrium, theory, players, player",63,0.16195372750642673
2018-2022,Computer Science,2,"security, game, defense, model, attack, attacks, based, information, strategy, privacy",89,0.22879177377892032
2018-2022,Computer Science,3,"blockchain, supply, chain, mining, technology, enterprises, financing, financial, game, based",34,0.08740359897172237
2018-2022,Computer Science,4,"optimization, particle, swarm, method, objective, design, search, path, game, proposed",7,0.017994858611825194
2018-2022,Computer Science,5,"lt, fuzzy, gt, linguistic, preference, game, word, logic, product, argumentation",3,0.007712082262210797
2018-2022,Computer Science,6,"control, event, triggered, uav, dynamics, target, optimal, hunting, adaptive, et",2,0.005141388174807198
2018-2022,Decision Sciences,0,"games, game, equilibrium, players, equilibria, player, nash, stochastic, information, repeated",57,0.36774193548387096
2018-2022,Decision Sciences,1,"network, game, networks, users, spectrum, allocation, equilibrium, resource, service, nash",21,0.13548387096774195
2018-2022,Decision Sciences,2,"price, auctions, market, auction, advertising, model, product, pricing, prices, seller",12,0.07741935483870968
2018-2022,Decision Sciences,3,"game, theory, theoretic, models, cooperative, economic, games, strategy, business, strategic",4,0.025806451612903226
2018-2022,Decision Sciences,4,"fuzzy, decision, dea, cooperative, value, game, linguistic, making, shapley, proposed",18,0.11612903225806452
2018-2022,Decision Sciences,5,"carbon, evolutionary, enterprises, government, game, energy, electricity, market, power, reduction",15,0.0967741935483871
2018-2022,Decision Sciences,6,"innovation, technology, collaborative, diffusion, evolutionary, adoption, government, competitive, game, firms",13,0.08387096774193549
2018-2022,Decision Sciences,7,"construction, projects, contractors, project, model, evolutionary, developers, development, epc, government",13,0.08387096774193549
2018-2022,Decision Sciences,8,"insurance, risk, underwriting, cost, community, institutions, method, sharing, allocation, cooperative",2,0.012903225806451613
2018-2022,"Economics, Econometrics and Finance",0,"market, game, firms, theory, equilibrium, model, price, markets, firm, information",37,0.19473684210526315
2018-2022,"Economics, Econometrics and Finance",1,"stochastic, games, equilibrium, time, mml, game, equilibria, mean, nash, optimal",49,0.2578947368421053
2018-2022,"Economics, Econometrics and Finance",2,"carbon, government, enterprises, environmental, pollution, game, innovation, evolutionary, emission, local",68,0.35789473684210527
2018-2022,"Economics, Econometrics and Finance",3,"games, cooperative, mml, core, value, fuzzy, coalition, game, shapley, players",22,0.11578947368421053
2018-2022,"Economics, Econometrics and Finance",4,"sanctions, trade, policy, political, international, economic, countries, model, target, game",4,0.021052631578947368
2018-2022,"Economics, Econometrics and Finance",5,"coalition, coalitions, power, court, voting, legislative, chambers, political, model, informational",1,0.005263157894736842
2018-2022,"Economics, Econometrics and Finance",6,"football, sports, team, game, leagues, players, league, clubs, play, soccer",2,0.010526315789473684
2018-2022,"Economics, Econometrics and Finance",7,"options, strategic, real, value, framework, high, capacity, theory, infrastructure, design",3,0.015789473684210527
2018-2022,"Economics, Econometrics and Finance",8,"hospitals, patients, medical, hospital, treatment, care, pharmaceutical, health, patient, profit",4,0.021052631578947368
2018-2022,Energy,0,"gas, model, eu, policy, russia, pg, european, natural, models, decision",3,0.23076923076923078
2018-2022,Energy,1,"energy, carbon, supply, low, fuel, chain, game, pricing, efficiency, consumers",5,0.38461538461538464
2018-2022,Energy,2,"carbon, evolutionary, government, game, subsidy, consumers, tax, market, green, manufacturers",5,0.38461538461538464
2018-2022,Engineering,0,"game, power, networks, network, allocation, interference, proposed, problem, based, algorithm",148,0.27255985267034993
2018-2022,Engineering,1,"energy, power, game, market, electricity, proposed, demand, based, model, charging",164,0.3020257826887661
2018-2022,Engineering,2,"vehicles, vehicle, game, driver, control, traffic, lane, driving, based, model",72,0.13259668508287292
2018-2022,Engineering,3,"game, control, differential, time, games, guidance, pursuit, target, optimal, nash",31,0.0570902394106814
2018-2022,Engineering,4,"attack, security, attacks, attacker, game, defender, defense, cyber, systems, model",47,0.086556169429097607
2018-2022,Engineering,5,"government, construction, water, green, evolutionary, development, game, carbon, building, enterprises",50,0.09208103130755065
2018-2022,Engineering,6,"port, shipping, manufacturing, game, container, production, ports, model, scheduling, decision",20,0.03683241252302026
2018-2022,Engineering,7,"emergency, evacuation, pedestrians, game, government, model, evolutionary, crowd, exit, pedestrian",9,0.016574585635359115
2018-2022,Engineering,8,"soil, nuclear, model, stratification, geotechnical, corrosion, shap, pitting, diagnosis, models",2,0.003683241252302026
2018-2022,Environmental Science,1,"government, game, evolutionary, energy, carbon, model, enterprises, strategies, development, study",30,0.75
2018-2022,Environmental Science,2,"fisheries, management, stocks, stock, fishing, fish, fishery, sex, economic, msy",1,0.025
2018-2022,Environmental Science,3,"prey, size, retrieval, spatial, males, patch, beds, seabirds, pairing, females",1,0.025
2018-2022,Environmental Science,4,"conservation, forest, harvesting, organizations, institutional, game, environmental, social, common, theory",6,0.15
2018-2022,Environmental Science,5,"climate, geoengineering, intervention, adaptation, change, counter, solar, outcome, international, countries",2,0.05
2018-2022,Health Professions,0,"medical, patient, game, service, care, elderly, dynamic, hospital, patients, malpractice",4,0.25
2018-2022,Health Professions,1,"safety, construction, game, supervision, evolutionary, government, behavior, workers, management, enterprises",12,0.75
2018-2022,Mathematics,0,"cells, cancer, cell, growth, tumor, tumour, evolutionary, therapies, game, models",9,0.1956521739130435
2018-2022,Mathematics,1,"game, vaccination, model, epidemic, strategy, public, disease, individuals, control, games",37,0.8043478260869565
2018-2022,Medicine,0,"prey, habitat, predator, food, model, predators, dormitive, foraging, active, game",2,0.07692307692307693
2018-2022,Medicine,1,"game, games, equilibrium, distributed, nash, seeking, stability, based, information, time",14,0.5384615384615384
2018-2022,Medicine,2,"game, model, medical, theory, evolutionary, vaccination, treatment, strategies, epidemic, disease",10,0.38461538461538464
2018-2022,Neuroscience,1,"game, social, subjects, opponent, strategy, activity, sensitivity, competitive, asp, hierarchy",1,1
2018-2022,Physics and Astronomy,0,"quantum, game, games, classical, theory, player, entanglement, players, nash, strategies",8,0.12121212121212122
2018-2022,Physics and Astronomy,1,"energy, renewable, cellular, design, power, groups, discipline, prosumers, optimization, multiple",3,0.045454545454545456
2018-2022,Physics and Astronomy,2,"spectrum, data, evolutionary, users, iot, service, 5g, crns, game, access",2,0.030303030303030304
2018-2022,Physics and Astronomy,3,"defense, network, security, game, attack, strategy, scheffran, attacker, learning, model",10,0.15151515151515152
2018-2022,Physics and Astronomy,4,"public, opinion, evolutionary, internet, government, model, information, leaders, game, media",12,0.18181818181818182
2018-2022,Physics and Astronomy,5,"seti, search, extraterrestrial, mutual, frequencies, frequency, planck, messaging, meti, intelligence",2,0.030303030303030304
2018-2022,Physics and Astronomy,6,"social, dynamics, opinion, agents, xlink, xmlns, w3, http, org, www",24,0.36363636363636365
2018-2022,Physics and Astronomy,7,"world, navigable, small, homophilic, meta, network, networks, agents, communities, real",1,0.015151515151515152
2018-2022,Physics and Astronomy,8,"community, detection, networks, nodes, problem, communities, clustering, approach, based, real",4,0.06060606060606061
2018-2022,Psychology,0,"choice, mate, care, mating, male, theory, evolutionary, studies, human, males",3,0.375
2018-2022,Psychology,1,"game, aggression, cooperative, video, play, bpd, games, bd, social, clinical",1,0.125
2018-2022,Psychology,2,"medical, mechanism, integration, evolutionary, game, vertical, results, multi, ehrs, ohp",2,0.25
2018-2022,Psychology,3,"game, learning, learners, poker, playfulness, water, design, classroom, stripped, computer",1,0.125
2018-2022,Psychology,4,"joint, action, interaction, negotiation, model, fusion, partner, coordination, game, human",1,0.125
2018-2022,Social Sciences,0,"game, cooperation, games, evolutionary, strategies, theory, social, strategy, dynamics, evolution",165,0.5871886120996441
2018-2022,Social Sciences,1,"game, knowledge, evolutionary, government, model, sharing, traffic, strategy, based, quality",72,0.25622775800711745
2018-2022,Social Sciences,2,"war, conflict, power, international, bargaining, terrorism, terrorist, model, political, states",18,0.06405693950177936
2018-2022,Social Sciences,3,"party, policy, political, parties, electoral, voters, model, theoretic, legislative, candidates",7,0.02491103202846975
2018-2022,Social Sciences,4,"vaccination, vaccine, health, game, disease, mhealth, physicians, coverage, information, healthcare",3,0.010676156583629894
2018-2022,Social Sciences,5,"rumor, information, diffusion, privacy, social, game, model, propagation, personal, rumors",12,0.042704626334519574
2018-2022,Social Sciences,7,"optimal, risk, investment, insurance, reinsurance, asset, problem, company, model, stochastic",4,0.014234875444839857
2019-2023,Agricultural and Biological Sciences,0,"game, model, males, competition, strategies, theory, male, models, lewontin, evolution",9,0.3
2019-2023,Agricultural and Biological Sciences,1,"government, game, food, agricultural, farmers, evolutionary, chain, safety, green, traceability",21,0.7
2019-2023,Arts and Humanities,1,"mml, epistemic, based, hearer, conflict, beliefs, disagreement, justified, model, belief",2,0.5
2019-2023,Arts and Humanities,2,"games, discrete, optimal, point, solution, utility, fixed, egalitarian, theorems, game",2,0.5
2019-2023,"Biochemistry, Genetics and Molecular Biology",0,"collaborative, government, innovation, regulation, pesticide, research, governance, imitation, study, salt",2,0.08333333333333333
2019-2023,"Biochemistry, Genetics and Molecular Biology",1,"cancer, cells, treatment, evolutionary, game, cell, tumor, stage, therapy, dynamics",5,0.20833333333333334
2019-2023,"Biochemistry, Genetics and Molecular Biology",2,"host, virulence, pathogen, model, vaccine, disease, transmission, infection, evolution, infected",5,0.20833333333333334
2019-2023,"Biochemistry, Genetics and Molecular Biology",3,"species, game, reversal, microbial, memory, communities, molecular, genes, number, theory",6,0.25
2019-2023,"Biochemistry, Genetics and Molecular Biology",5,"bifurcation, matrix, structured, evolutionary, equilibria, theorem, models, reproductive, eco, populations",3,0.125
2019-2023,"Biochemistry, Genetics and Molecular Biology",6,"game, evolutionary, theory, selection, sex, strategies, fitness, evolution, mml, models",3,0.125
2019-2023,"Business, Management and Accounting",0,"supply, manufacturer, channel, retailer, model, chain, game, product, price, advertising",219,0.45625
2019-2023,"Business, Management and Accounting",1,"green, carbon, supply, chain, government, game, low, subsidy, environmental, emission",163,0.33958333333333335
2019-2023,"Business, Management and Accounting",2,"ppp, public, private, projects, project, government, game, design, evolutionary, supervision",29,0.06041666666666667
2019-2023,"Business, Management and Accounting",3,"innovation, knowledge, game, firms, alliances, alliance, strategic, cooperation, model, research",26,0.05416666666666667
2019-2023,"Business, Management and Accounting",4,"customers, server, queue, queueing, equilibrium, service, mml, servers, joining, patients",15,0.03125
2019-2023,"Business, Management and Accounting",5,"logistics, medical, game, allocation, emergency, government, evolutionary, service, transportation, disaster",18,0.0375
2019-2023,"Business, Management and Accounting",6,"cloud, manufacturing, platform, iot, technology, internet, enterprises, innovation, development, company",6,0.0125
2019-2023,"Business, Management and Accounting",7,"bankruptcy, debt, creditors, reorganization, restructuring, equity, liquidation, division, government, asset",3,0.00625
2019-2023,"Business, Management and Accounting",8,"disclosure, audit, etr, reporting, etrs, integrated, sustainability, favourable, talk, cheap",1,0.0020833333333333333
2019-2023,Computer Science,0,"game, users, network, proposed, networks, based, algorithm, power, equilibrium, problem",187,0.44844124700239807
2019-2023,Computer Science,1,"games, game, learning, agent, mml, agents, equilibrium, theory, players, player",72,0.17266187050359713
2019-2023,Computer Science,2,"security, game, defense, model, attack, attacks, based, information, strategy, privacy",91,0.2182254196642686
2019-2023,Computer Science,3,"blockchain, supply, chain, mining, technology, enterprises, financing, financial, game, based",47,0.11270983213429256
2019-2023,Computer Science,4,"optimization, particle, swarm, method, objective, design, search, path, game, proposed",8,0.019184652278177457
2019-2023,Computer Science,5,"lt, fuzzy, gt, linguistic, preference, game, word, logic, product, argumentation",4,0.009592326139088728
2019-2023,Computer Science,6,"control, event, triggered, uav, dynamics, target, optimal, hunting, adaptive, et",4,0.009592326139088728
2019-2023,Computer Science,7,"tracking, features, expert, object, feature, landmarks, association, segmentation, landmark, tracker",2,0.004796163069544364
2019-2023,Computer Science,8,"fraud, regulatory, insurance, disclosure, health, vulnerability, mechanisms, government, punishment, testing",2,0.004796163069544364
2019-2023,Decision Sciences,0,"games, game, equilibrium, players, equilibria, player, nash, stochastic, information, repeated",58,0.3515151515151515
2019-2023,Decision Sciences,1,"network, game, networks, users, spectrum, allocation, equilibrium, resource, service, nash",23,0.1393939393939394
2019-2023,Decision Sciences,2,"price, auctions, market, auction, advertising, model, product, pricing, prices, seller",12,0.07272727272727272
2019-2023,Decision Sciences,3,"game, theory, theoretic, models, cooperative, economic, games, strategy, business, strategic",4,0.024242424242424242
2019-2023,Decision Sciences,4,"fuzzy, decision, dea, cooperative, value, game, linguistic, making, shapley, proposed",15,0.09090909090909091
2019-2023,Decision Sciences,5,"carbon, evolutionary, enterprises, government, game, energy, electricity, market, power, reduction",17,0.10303030303030303
2019-2023,Decision Sciences,6,"innovation, technology, collaborative, diffusion, evolutionary, adoption, government, competitive, game, firms",19,0.11515151515151516
2019-2023,Decision Sciences,7,"construction, projects, contractors, project, model, evolutionary, developers, development, epc, government",15,0.09090909090909091
2019-2023,Decision Sciences,8,"insurance, risk, underwriting, cost, community, institutions, method, sharing, allocation, cooperative",2,0.012121212121212121
2019-2023,"Economics, Econometrics and Finance",0,"market, game, firms, theory, equilibrium, model, price, markets, firm, information",37,0.1761904761904762
2019-2023,"Economics, Econometrics and Finance",1,"stochastic, games, equilibrium, time, mml, game, equilibria, mean, nash, optimal",55,0.2619047619047619
2019-2023,"Economics, Econometrics and Finance",2,"carbon, government, enterprises, environmental, pollution, game, innovation, evolutionary, emission, local",74,0.3523809523809524
2019-2023,"Economics, Econometrics and Finance",3,"games, cooperative, mml, core, value, fuzzy, coalition, game, shapley, players",26,0.12380952380952381
2019-2023,"Economics, Econometrics and Finance",4,"sanctions, trade, policy, political, international, economic, countries, model, target, game",6,0.02857142857142857
2019-2023,"Economics, Econometrics and Finance",6,"football, sports, team, game, leagues, players, league, clubs, play, soccer",4,0.01904761904761905
2019-2023,"Economics, Econometrics and Finance",7,"options, strategic, real, value, framework, high, capacity, theory, infrastructure, design",4,0.01904761904761905
2019-2023,"Economics, Econometrics and Finance",8,"hospitals, patients, medical, hospital, treatment, care, pharmaceutical, health, patient, profit",4,0.01904761904761905
2019-2023,Energy,0,"gas, model, eu, policy, russia, pg, european, natural, models, decision",5,0.25
2019-2023,Energy,1,"energy, carbon, supply, low, fuel, chain, game, pricing, efficiency, consumers",5,0.25
2019-2023,Energy,2,"carbon, evolutionary, government, game, subsidy, consumers, tax, market, green, manufacturers",10,0.5
2019-2023,Engineering,0,"game, power, networks, network, allocation, interference, proposed, problem, based, algorithm",134,0.23508771929824562
2019-2023,Engineering,1,"energy, power, game, market, electricity, proposed, demand, based, model, charging",172,0.3017543859649123
2019-2023,Engineering,2,"vehicles, vehicle, game, driver, control, traffic, lane, driving, based, model",93,0.1631578947368421
2019-2023,Engineering,3,"game, control, differential, time, games, guidance, pursuit, target, optimal, nash",41,0.07192982456140351
2019-2023,Engineering,4,"attack, security, attacks, attacker, game, defender, defense, cyber, systems, model",47,0.0824561403508772
2019-2023,Engineering,5,"government, construction, water, green, evolutionary, development, game, carbon, building, enterprises",55,0.09649122807017543
2019-2023,Engineering,6,"port, shipping, manufacturing, game, container, production, ports, model, scheduling, decision",17,0.02982456140350877
2019-2023,Engineering,7,"emergency, evacuation, pedestrians, game, government, model, evolutionary, crowd, exit, pedestrian",9,0.015789473684210527
2019-2023,Engineering,8,"soil, nuclear, model, stratification, geotechnical, corrosion, shap, pitting, diagnosis, models",2,0.0035087719298245615
2019-2023,Environmental Science,1,"government, game, evolutionary, energy, carbon, model, enterprises, strategies, development, study",52,0.8524590163934426
2019-2023,Environmental Science,2,"fisheries, management, stocks, stock, fishing, fish, fishery, sex, economic, msy",2,0.03278688524590164
2019-2023,Environmental Science,3,"prey, size, retrieval, spatial, males, patch, beds, seabirds, pairing, females",1,0.01639344262295082
2019-2023,Environmental Science,4,"conservation, forest, harvesting, organizations, institutional, game, environmental, social, common, theory",4,0.06557377049180328
2019-2023,Environmental Science,5,"climate, geoengineering, intervention, adaptation, change, counter, solar, outcome, international, countries",2,0.03278688524590164
2019-2023,Health Professions,0,"medical, patient, game, service, care, elderly, dynamic, hospital, patients, malpractice",7,0.3333333333333333
2019-2023,Health Professions,1,"safety, construction, game, supervision, evolutionary, government, behavior, workers, management, enterprises",14,0.6666666666666666
2019-2023,Mathematics,0,"cells, cancer, cell, growth, tumor, tumour, evolutionary, therapies, game, models",10,0.19230769230769232
2019-2023,Mathematics,1,"game, vaccination, model, epidemic, strategy, public, disease, individuals, control, games",42,0.8076923076923077
2019-2023,Medicine,0,"prey, habitat, predator, food, model, predators, dormitive, foraging, active, game",2,0.05405405405405406
2019-2023,Medicine,1,"game, games, equilibrium, distributed, nash, seeking, stability, based, information, time",18,0.4864864864864865
2019-2023,Medicine,2,"game, model, medical, theory, evolutionary, vaccination, treatment, strategies, epidemic, disease",17,0.4594594594594595
2019-2023,Neuroscience,1,"game, social, subjects, opponent, strategy, activity, sensitivity, competitive, asp, hierarchy",1,1
2019-2023,Physics and Astronomy,0,"quantum, game, games, classical, theory, player, entanglement, players, nash, strategies",8,0.12307692307692308
2019-2023,Physics and Astronomy,1,"energy, renewable, cellular, design, power, groups, discipline, prosumers, optimization, multiple",4,0.06153846153846154
2019-2023,Physics and Astronomy,2,"spectrum, data, evolutionary, users, iot, service, 5g, crns, game, access",2,0.03076923076923077
2019-2023,Physics and Astronomy,3,"defense, network, security, game, attack, strategy, scheffran, attacker, learning, model",9,0.13846153846153847
2019-2023,Physics and Astronomy,4,"public, opinion, evolutionary, internet, government, model, information, leaders, game, media",13,0.2
2019-2023,Physics and Astronomy,5,"seti, search, extraterrestrial, mutual, frequencies, frequency, planck, messaging, meti, intelligence",2,0.03076923076923077
2019-2023,Physics and Astronomy,6,"social, dynamics, opinion, agents, xlink, xmlns, w3, http, org, www",22,0.3384615384615385
2019-2023,Physics and Astronomy,7,"world, navigable, small, homophilic, meta, network, networks, agents, communities, real",1,0.015384615384615385
2019-2023,Physics and Astronomy,8,"community, detection, networks, nodes, problem, communities, clustering, approach, based, real",4,0.06153846153846154
2019-2023,Psychology,0,"choice, mate, care, mating, male, theory, evolutionary, studies, human, males",5,0.5
2019-2023,Psychology,2,"medical, mechanism, integration, evolutionary, game, vertical, results, multi, ehrs, ohp",3,0.3
2019-2023,Psychology,4,"joint, action, interaction, negotiation, model, fusion, partner, coordination, game, human",2,0.2
2019-2023,Social Sciences,0,"game, cooperation, games, evolutionary, strategies, theory, social, strategy, dynamics, evolution",169,0.5748299319727891
2019-2023,Social Sciences,1,"game, knowledge, evolutionary, government, model, sharing, traffic, strategy, based, quality",82,0.2789115646258503
2019-2023,Social Sciences,2,"war, conflict, power, international, bargaining, terrorism, terrorist, model, political, states",13,0.04421768707482993
2019-2023,Social Sciences,3,"party, policy, political, parties, electoral, voters, model, theoretic, legislative, candidates",7,0.023809523809523808
2019-2023,Social Sciences,4,"vaccination, vaccine, health, game, disease, mhealth, physicians, coverage, information, healthcare",8,0.027210884353741496
2019-2023,Social Sciences,5,"rumor, information, diffusion, privacy, social, game, model, propagation, personal, rumors",11,0.03741496598639456
2019-2023,Social Sciences,7,"optimal, risk, investment, insurance, reinsurance, asset, problem, company, model, stochastic",4,0.013605442176870748
2020-2024,Agricultural and Biological Sciences,0,"game, model, males, competition, strategies, theory, male, models, lewontin, evolution",7,0.20588235294117646
2020-2024,Agricultural and Biological Sciences,1,"government, game, food, agricultural, farmers, evolutionary, chain, safety, green, traceability",27,0.7941176470588235
2020-2024,Arts and Humanities,0,"game, cultural, theory, resource, data, research, peirce, np, big, subjective",1,0.16666666666666666
2020-2024,Arts and Humanities,1,"mml, epistemic, based, hearer, conflict, beliefs, disagreement, justified, model, belief",2,0.3333333333333333
2020-2024,Arts and Humanities,2,"games, discrete, optimal, point, solution, utility, fixed, egalitarian, theorems, game",3,0.5
2020-2024,"Biochemistry, Genetics and Molecular Biology",0,"collaborative, government, innovation, regulation, pesticide, research, governance, imitation, study, salt",4,0.13793103448275862
2020-2024,"Biochemistry, Genetics and Molecular Biology",1,"cancer, cells, treatment, evolutionary, game, cell, tumor, stage, therapy, dynamics",7,0.2413793103448276
2020-2024,"Biochemistry, Genetics and Molecular Biology",2,"host, virulence, pathogen, model, vaccine, disease, transmission, infection, evolution, infected",4,0.13793103448275862
2020-2024,"Biochemistry, Genetics and Molecular Biology",3,"species, game, reversal, microbial, memory, communities, molecular, genes, number, theory",7,0.2413793103448276
2020-2024,"Biochemistry, Genetics and Molecular Biology",4,"species, migration, population, prey, evolutionary, thermal, ifd, patch, game, predators",2,0.06896551724137931
2020-2024,"Biochemistry, Genetics and Molecular Biology",5,"bifurcation, matrix, structured, evolutionary, equilibria, theorem, models, reproductive, eco, populations",2,0.06896551724137931
2020-2024,"Biochemistry, Genetics and Molecular Biology",6,"game, evolutionary, theory, selection, sex, strategies, fitness, evolution, mml, models",3,0.10344827586206896
2020-2024,"Business, Management and Accounting",0,"supply, manufacturer, channel, retailer, model, chain, game, product, price, advertising",224,0.4132841328413284
2020-2024,"Business, Management and Accounting",1,"green, carbon, supply, chain, government, game, low, subsidy, environmental, emission",209,0.3856088560885609
2020-2024,"Business, Management and Accounting",2,"ppp, public, private, projects, project, government, game, design, evolutionary, supervision",34,0.06273062730627306
2020-2024,"Business, Management and Accounting",3,"innovation, knowledge, game, firms, alliances, alliance, strategic, cooperation, model, research",26,0.04797047970479705
2020-2024,"Business, Management and Accounting",4,"customers, server, queue, queueing, equilibrium, service, mml, servers, joining, patients",15,0.027675276752767528
2020-2024,"Business, Management and Accounting",5,"logistics, medical, game, allocation, emergency, government, evolutionary, service, transportation, disaster",21,0.03874538745387454
2020-2024,"Business, Management and Accounting",6,"cloud, manufacturing, platform, iot, technology, internet, enterprises, innovation, development, company",9,0.016605166051660517
2020-2024,"Business, Management and Accounting",7,"bankruptcy, debt, creditors, reorganization, restructuring, equity, liquidation, division, government, asset",3,0.005535055350553505
2020-2024,"Business, Management and Accounting",8,"disclosure, audit, etr, reporting, etrs, integrated, sustainability, favourable, talk, cheap",1,0.0018450184501845018
2020-2024,Computer Science,0,"game, users, network, proposed, networks, based, algorithm, power, equilibrium, problem",164,0.38954869358669836
2020-2024,Computer Science,1,"games, game, learning, agent, mml, agents, equilibrium, theory, players, player",86,0.2042755344418052
2020-2024,Computer Science,2,"security, game, defense, model, attack, attacks, based, information, strategy, privacy",93,0.2209026128266033
2020-2024,Computer Science,3,"blockchain, supply, chain, mining, technology, enterprises, financing, financial, game, based",48,0.11401425178147269
2020-2024,Computer Science,4,"optimization, particle, swarm, method, objective, design, search, path, game, proposed",10,0.023752969121140142
2020-2024,Computer Science,5,"lt, fuzzy, gt, linguistic, preference, game, word, logic, product, argumentation",6,0.014251781472684086
2020-2024,Computer Science,6,"control, event, triggered, uav, dynamics, target, optimal, hunting, adaptive, et",7,0.0166270783847981
2020-2024,Computer Science,7,"tracking, features, expert, object, feature, landmarks, association, segmentation, landmark, tracker",3,0.007125890736342043
2020-2024,Computer Science,8,"fraud, regulatory, insurance, disclosure, health, vulnerability, mechanisms, government, punishment, testing",4,0.009501187648456057
2020-2024,Decision Sciences,0,"games, game, equilibrium, players, equilibria, player, nash, stochastic, information, repeated",64,0.3595505617977528
2020-2024,Decision Sciences,1,"network, game, networks, users, spectrum, allocation, equilibrium, resource, service, nash",20,0.11235955056179775
2020-2024,Decision Sciences,2,"price, auctions, market, auction, advertising, model, product, pricing, prices, seller",10,0.056179775280898875
2020-2024,Decision Sciences,3,"game, theory, theoretic, models, cooperative, economic, games, strategy, business, strategic",2,0.011235955056179775
2020-2024,Decision Sciences,4,"fuzzy, decision, dea, cooperative, value, game, linguistic, making, shapley, proposed",16,0.0898876404494382
2020-2024,Decision Sciences,5,"carbon, evolutionary, enterprises, government, game, energy, electricity, market, power, reduction",30,0.16853932584269662
2020-2024,Decision Sciences,6,"innovation, technology, collaborative, diffusion, evolutionary, adoption, government, competitive, game, firms",19,0.10674157303370786
2020-2024,Decision Sciences,7,"construction, projects, contractors, project, model, evolutionary, developers, development, epc, government",16,0.0898876404494382
2020-2024,Decision Sciences,8,"insurance, risk, underwriting, cost, community, institutions, method, sharing, allocation, cooperative",1,0.0056179775280898875
2020-2024,"Economics, Econometrics and Finance",0,"market, game, firms, theory, equilibrium, model, price, markets, firm, information",35,0.1583710407239819
2020-2024,"Economics, Econometrics and Finance",1,"stochastic, games, equilibrium, time, mml, game, equilibria, mean, nash, optimal",54,0.24434389140271492
2020-2024,"Economics, Econometrics and Finance",2,"carbon, government, enterprises, environmental, pollution, game, innovation, evolutionary, emission, local",86,0.3891402714932127
2020-2024,"Economics, Econometrics and Finance",3,"games, cooperative, mml, core, value, fuzzy, coalition, game, shapley, players",29,0.13122171945701358
2020-2024,"Economics, Econometrics and Finance",4,"sanctions, trade, policy, political, international, economic, countries, model, target, game",5,0.02262443438914027
2020-2024,"Economics, Econometrics and Finance",6,"football, sports, team, game, leagues, players, league, clubs, play, soccer",3,0.013574660633484163
2020-2024,"Economics, Econometrics and Finance",7,"options, strategic, real, value, framework, high, capacity, theory, infrastructure, design",2,0.00904977375565611
2020-2024,"Economics, Econometrics and Finance",8,"hospitals, patients, medical, hospital, treatment, care, pharmaceutical, health, patient, profit",7,0.03167420814479638
2020-2024,Energy,0,"gas, model, eu, policy, russia, pg, european, natural, models, decision",4,0.15384615384615385
2020-2024,Energy,1,"energy, carbon, supply, low, fuel, chain, game, pricing, efficiency, consumers",8,0.3076923076923077
2020-2024,Energy,2,"carbon, evolutionary, government, game, subsidy, consumers, tax, market, green, manufacturers",14,0.5384615384615384
2020-2024,Engineering,0,"game, power, networks, network, allocation, interference, proposed, problem, based, algorithm",114,0.1993006993006993
2020-2024,Engineering,1,"energy, power, game, market, electricity, proposed, demand, based, model, charging",175,0.30594405594405594
2020-2024,Engineering,2,"vehicles, vehicle, game, driver, control, traffic, lane, driving, based, model",97,0.16958041958041958
2020-2024,Engineering,3,"game, control, differential, time, games, guidance, pursuit, target, optimal, nash",56,0.0979020979020979
2020-2024,Engineering,4,"attack, security, attacks, attacker, game, defender, defense, cyber, systems, model",39,0.06818181818181818
2020-2024,Engineering,5,"government, construction, water, green, evolutionary, development, game, carbon, building, enterprises",59,0.10314685314685315
2020-2024,Engineering,6,"port, shipping, manufacturing, game, container, production, ports, model, scheduling, decision",19,0.033216783216783216
2020-2024,Engineering,7,"emergency, evacuation, pedestrians, game, government, model, evolutionary, crowd, exit, pedestrian",9,0.015734265734265736
2020-2024,Engineering,8,"soil, nuclear, model, stratification, geotechnical, corrosion, shap, pitting, diagnosis, models",4,0.006993006993006993
2020-2024,Environmental Science,0,"height, water, leaf, plant, hydraulic, trees, growth, al, plants, tree",2,0.024691358024691357
2020-2024,Environmental Science,1,"government, game, evolutionary, energy, carbon, model, enterprises, strategies, development, study",71,0.8765432098765432
2020-2024,Environmental Science,2,"fisheries, management, stocks, stock, fishing, fish, fishery, sex, economic, msy",2,0.024691358024691357
2020-2024,Environmental Science,4,"conservation, forest, harvesting, organizations, institutional, game, environmental, social, common, theory",5,0.06172839506172839
2020-2024,Environmental Science,5,"climate, geoengineering, intervention, adaptation, change, counter, solar, outcome, international, countries",1,0.012345679012345678
2020-2024,Health Professions,0,"medical, patient, game, service, care, elderly, dynamic, hospital, patients, malpractice",7,0.3333333333333333
2020-2024,Health Professions,1,"safety, construction, game, supervision, evolutionary, government, behavior, workers, management, enterprises",14,0.6666666666666666
2020-2024,Mathematics,0,"cells, cancer, cell, growth, tumor, tumour, evolutionary, therapies, game, models",10,0.16666666666666666
2020-2024,Mathematics,1,"game, vaccination, model, epidemic, strategy, public, disease, individuals, control, games",50,0.8333333333333334
2020-2024,Medicine,0,"prey, habitat, predator, food, model, predators, dormitive, foraging, active, game",2,0.04878048780487805
2020-2024,Medicine,1,"game, games, equilibrium, distributed, nash, seeking, stability, based, information, time",16,0.3902439024390244
2020-2024,Medicine,2,"game, model, medical, theory, evolutionary, vaccination, treatment, strategies, epidemic, disease",23,0.5609756097560976
2020-2024,Neuroscience,1,"game, social, subjects, opponent, strategy, activity, sensitivity, competitive, asp, hierarchy",1,1
2020-2024,Physics and Astronomy,0,"quantum, game, games, classical, theory, player, entanglement, players, nash, strategies",9,0.13043478260869565
2020-2024,Physics and Astronomy,1,"energy, renewable, cellular, design, power, groups, discipline, prosumers, optimization, multiple",2,0.028985507246376812
2020-2024,Physics and Astronomy,2,"spectrum, data, evolutionary, users, iot, service, 5g, crns, game, access",2,0.028985507246376812
2020-2024,Physics and Astronomy,3,"defense, network, security, game, attack, strategy, scheffran, attacker, learning, model",10,0.14492753623188406
2020-2024,Physics and Astronomy,4,"public, opinion, evolutionary, internet, government, model, information, leaders, game, media",15,0.21739130434782608
2020-2024,Physics and Astronomy,5,"seti, search, extraterrestrial, mutual, frequencies, frequency, planck, messaging, meti, intelligence",3,0.043478260869565216
2020-2024,Physics and Astronomy,6,"social, dynamics, opinion, agents, xlink, xmlns, w3, http, org, www",24,0.34782608695652173
2020-2024,Physics and Astronomy,8,"community, detection, networks, nodes, problem, communities, clustering, approach, based, real",4,0.057971014492753624
2020-2024,Psychology,0,"choice, mate, care, mating, male, theory, evolutionary, studies, human, males",3,0.3333333333333333
2020-2024,Psychology,2,"medical, mechanism, integration, evolutionary, game, vertical, results, multi, ehrs, ohp",3,0.3333333333333333
2020-2024,Psychology,4,"joint, action, interaction, negotiation, model, fusion, partner, coordination, game, human",3,0.3333333333333333
2020-2024,Social Sciences,0,"game, cooperation, games, evolutionary, strategies, theory, social, strategy, dynamics, evolution",168,0.5401929260450161
2020-2024,Social Sciences,1,"game, knowledge, evolutionary, government, model, sharing, traffic, strategy, based, quality",104,0.33440514469453375
2020-2024,Social Sciences,2,"war, conflict, power, international, bargaining, terrorism, terrorist, model, political, states",12,0.03858520900321544
2020-2024,Social Sciences,3,"party, policy, political, parties, electoral, voters, model, theoretic, legislative, candidates",4,0.012861736334405145
2020-2024,Social Sciences,4,"vaccination, vaccine, health, game, disease, mhealth, physicians, coverage, information, healthcare",9,0.028938906752411574
2020-2024,Social Sciences,5,"rumor, information, diffusion, privacy, social, game, model, propagation, personal, rumors",11,0.03536977491961415
2020-2024,Social Sciences,7,"optimal, risk, investment, insurance, reinsurance, asset, problem, company, model, stochastic",3,0.00964630225080386
